/*******************************************************************************
 * Size: 26 px
 * Bpp: 4
 * Opts: --font /private/tmp/jianshan-noto-serif-sc.ttf --size 26 --bpp 4 --format lvgl --range 0x20-0x7E --symbols 见山原文星星之火可以燎年天凯利约翰逊和团队用设计并造出了喷气式战斗机型重返苹果岁乔布斯被解雇后来他创办再收购也因此回到据洛克希德马丁项目史改写斯坦福演讲年月日毛泽东，。《》· --no-kerning --lv-include lvgl.h --lv-font-name jianshan_serif_26 --output /Users/jiaxin/Documents/创业/ai-passport/assets/fonts/jianshan_serif_26.c
 ******************************************************************************/

#ifdef LV_LVGL_H_INCLUDE_SIMPLE
#include "lvgl.h"
#else
#include "lvgl.h"
#endif

#ifndef JIANSHAN_SERIF_26
#define JIANSHAN_SERIF_26 1
#endif

#if JIANSHAN_SERIF_26

/*-----------------
 *    BITMAPS
 *----------------*/

/*Store the image of the glyphs*/
static LV_ATTRIBUTE_LARGE_CONST const uint8_t glyph_bitmap[] = {
    /* U+0020 " " */

    /* U+0021 "!" */
    0x1e, 0x90, 0x51, 0x50, 0x70, 0x8, 0x41, 0xc0,
    0x80, 0x80, 0x21, 0x0, 0xf, 0x80, 0xc, 0x40,
    0x2, 0x60, 0x7, 0x10, 0x0, 0xb8, 0x4, 0x20,
    0x3, 0x30, 0x2, 0x84, 0x0, 0x60, 0x1e, 0x19,
    0x50, 0x66, 0x50, 0x20, 0xa8, 0x0,

    /* U+0022 "\"" */
    0x16, 0x0, 0x98, 0x62, 0x4c, 0xe, 0x60, 0x0,
    0xe0, 0xe0, 0x62, 0xc, 0xc, 0x5, 0xc0, 0x60,
    0x61, 0xe6, 0x2, 0x2, 0x4, 0xc2, 0x1, 0x8,
    0xc4, 0x1, 0x13, 0x13, 0x80, 0x4c, 0x60,

    /* U+0023 "#" */
    0x0, 0xec, 0x10, 0xd, 0x80, 0x1f, 0x8, 0x80,
    0x23, 0x60, 0xf, 0x84, 0x3, 0x36, 0x80, 0x78,
    0xd8, 0x3, 0x11, 0x0, 0x3c, 0xc4, 0x1, 0xb5,
    0x80, 0x26, 0xff, 0x53, 0xff, 0xe5, 0xcf, 0xe0,
    0x58, 0x80, 0x2c, 0x46, 0x8, 0x88, 0xd, 0xdc,
    0x76, 0xef, 0x31, 0xbb, 0x98, 0x3, 0x8, 0x80,
    0x22, 0x50, 0xf, 0x8, 0x80, 0x33, 0x70, 0x7,
    0x89, 0x80, 0x36, 0x90, 0x6, 0x22, 0x21, 0x91,
    0x64, 0x12, 0x10, 0x5d, 0xd4, 0x36, 0xee, 0x3b,
    0xde, 0x4, 0xaa, 0x3, 0xd5, 0x60, 0xaa, 0x58,
    0xa, 0xa8, 0xe1, 0x56, 0x44, 0x2a, 0x90, 0x3,
    0x8, 0x6, 0x52, 0x0, 0xf0, 0x88, 0x3, 0x17,
    0x0, 0x78, 0x94, 0x3, 0x71, 0x80, 0x79, 0xb8,
    0x3, 0x1b, 0x0, 0x60,

    /* U+0024 "$" */
    0x0, 0xe3, 0x90, 0xf, 0xfe, 0xa2, 0xde, 0x36,
    0xc8, 0x80, 0x69, 0x8f, 0xb6, 0xde, 0xe1, 0x80,
    0x15, 0xf1, 0x1c, 0x0, 0xe1, 0xc0, 0xe, 0x71,
    0x0, 0xe4, 0x23, 0x6, 0x10, 0xf, 0x4b, 0x10,
    0x0, 0x80, 0x3c, 0x52, 0x20, 0x8a, 0x60, 0x1f,
    0xd0, 0x38, 0xa0, 0x1f, 0x87, 0xa, 0xb1, 0x80,
    0x3e, 0x2d, 0x80, 0x7, 0x38, 0x7, 0xcf, 0x62,
    0x71, 0x80, 0x1f, 0x9f, 0x5c, 0xe8, 0x3, 0xfa,
    0x19, 0x44, 0x3, 0xfa, 0xc1, 0xa, 0x44, 0x3,
    0xc4, 0x0, 0x46, 0x90, 0xf, 0x10, 0x33, 0x82,
    0x0, 0x7a, 0xcc, 0xc3, 0x46, 0x80, 0x10, 0xd2,
    0x68, 0x1, 0x77, 0x6b, 0x6d, 0xd8, 0x40, 0x22,
    0x9d, 0xb6, 0xc7, 0x0, 0xff, 0xe7, 0x80,

    /* U+0025 "%" */
    0x0, 0x4d, 0xe4, 0x0, 0x7f, 0x89, 0x0, 0x3b,
    0x6, 0xf0, 0xa4, 0x3, 0xfb, 0x98, 0x3, 0x21,
    0xc0, 0x2, 0x18, 0x80, 0x3e, 0x7b, 0x20, 0xd,
    0xa6, 0x1, 0x10, 0xa0, 0x7, 0x8a, 0xdc, 0x3,
    0x89, 0x80, 0x31, 0xf0, 0x7, 0xbb, 0x80, 0x1e,
    0x70, 0xe, 0x11, 0x0, 0x73, 0xd9, 0x0, 0x79,
    0xc0, 0x38, 0x44, 0x1, 0x8b, 0x1c, 0x3, 0xe2,
    0x60, 0xc, 0x5c, 0x1, 0xba, 0x40, 0x62, 0xe8,
    0x80, 0x14, 0x62, 0x0, 0x30, 0x70, 0x9, 0xec,
    0x83, 0x7e, 0xe3, 0x8, 0xd, 0x60, 0x1, 0x10,
    0x10, 0x1, 0x63, 0x83, 0xb, 0x81, 0x34, 0x80,
    0x2b, 0xaa, 0x9c, 0xe0, 0x17, 0x48, 0x3, 0x50,
    0x2, 0xc4, 0x0, 0x9e, 0xa8, 0xa0, 0x14, 0x51,
    0x0, 0x17, 0xc0, 0x26, 0x3, 0x0, 0xfc, 0x66,
    0x60, 0x8, 0x40, 0x31, 0x83, 0x80, 0x7e, 0xf9,
    0x0, 0xff, 0xe3, 0xc5, 0x10, 0x7, 0xfc, 0xe0,
    0x1e, 0x33, 0x30, 0x7, 0x1f, 0x0, 0x4a, 0x4,
    0x1, 0xef, 0xa0, 0xf, 0x5a, 0x0, 0x46, 0x61,
    0x0, 0xe8, 0xa1, 0x0, 0xf3, 0x92, 0x0, 0xcc,
    0x0, 0x71, 0x99, 0x80, 0x3f, 0x67, 0xde, 0xda,
    0x0, 0x77, 0xd0, 0x7, 0xf1, 0x5d, 0xb1, 0x40,
    0x3d, 0xc2, 0x1, 0xff, 0xc4,

    /* U+0026 "&" */
    0x0, 0x86, 0x32, 0xf2, 0x88, 0x3, 0xfc, 0x3e,
    0x19, 0x79, 0xb8, 0x20, 0x1f, 0xd2, 0x50, 0x1,
    0x38, 0x20, 0x7, 0xf1, 0xa8, 0x7, 0x8c, 0x3,
    0xf8, 0x4c, 0x3, 0x30, 0x38, 0x7, 0xf6, 0x29,
    0x0, 0x1e, 0xb0, 0x40, 0x3f, 0x98, 0xb8, 0xac,
    0x30, 0x80, 0xd, 0x9f, 0xed, 0x90, 0xa, 0xf,
    0x2d, 0xc0, 0x33, 0x65, 0xa6, 0xc8, 0x1, 0x62,
    0x3, 0x0, 0x1f, 0x1e, 0x0, 0x4b, 0x78, 0xf2,
    0xee, 0x0, 0xf6, 0xa0, 0x0, 0x6a, 0x4, 0x19,
    0xe1, 0x80, 0x39, 0xcc, 0x0, 0xc0, 0xc0, 0x14,
    0x2c, 0xa8, 0x4, 0xaa, 0x0, 0xb0, 0xc0, 0x3a,
    0x92, 0x94, 0x1, 0xd4, 0x1, 0x38, 0x7, 0xd6,
    0x74, 0x86, 0x44, 0x0, 0x9c, 0x80, 0x3e, 0xd2,
    0xbc, 0x80, 0xd, 0xa2, 0xa0, 0x1e, 0x1f, 0x0,
    0x28, 0x6, 0x61, 0xb3, 0x0, 0xe1, 0x87, 0x1b,
    0x30, 0xd, 0xa1, 0x90, 0x86, 0x91, 0xfe, 0x8d,
    0xc, 0x72, 0x10, 0x3f, 0x75, 0xbc, 0x90, 0xf5,
    0x3, 0xc3, 0x8d, 0xb0,

    /* U+0027 "'" */
    0x16, 0x8, 0x93, 0x0, 0x38, 0x83, 0x70, 0x19,
    0x80, 0x58, 0x40, 0x48, 0x9, 0xc0,

    /* U+0028 "(" */
    0x0, 0xe6, 0x30, 0xc, 0x7a, 0x60, 0x1b, 0xa4,
    0x3, 0x4a, 0x10, 0x4, 0x6d, 0x0, 0x1a, 0x18,
    0x40, 0x22, 0x4b, 0x0, 0xd4, 0x44, 0x0, 0xca,
    0xa0, 0xc, 0x25, 0xa0, 0x19, 0x41, 0xc0, 0x31,
    0x1, 0x0, 0x6e, 0x0, 0xff, 0xe7, 0xf0, 0x7,
    0x88, 0x8, 0x3, 0x28, 0x38, 0x6, 0x12, 0xc0,
    0xe, 0x54, 0x0, 0xea, 0x23, 0x0, 0xc4, 0x94,
    0x1, 0xd2, 0xc2, 0x1, 0x89, 0xa0, 0x3, 0xa5,
    0x8, 0x3, 0xbb, 0x80, 0x1c, 0x72, 0x60,

    /* U+0029 ")" */
    0x17, 0x0, 0xe1, 0xd5, 0x0, 0xeb, 0x81, 0x0,
    0xc3, 0x54, 0x0, 0xe7, 0x54, 0x0, 0xe9, 0x90,
    0x7, 0x31, 0x20, 0x6, 0x14, 0xe0, 0xe, 0xc5,
    0x0, 0xe4, 0x3, 0x0, 0xc6, 0xa, 0x1, 0xc3,
    0xc0, 0x1c, 0x62, 0x1, 0xe3, 0x0, 0xff, 0xe0,
    0x98, 0x7, 0x18, 0x80, 0x70, 0xf0, 0x6, 0x30,
    0x50, 0xc, 0x82, 0x60, 0x1b, 0x1c, 0x3, 0xa,
    0x68, 0x6, 0x63, 0x40, 0xd, 0x30, 0x1, 0x9d,
    0x50, 0x2, 0x1a, 0xa0, 0x6, 0xb9, 0x10, 0x8,
    0x75, 0x0, 0x30,

    /* U+002A "*" */
    0x0, 0xff, 0xe2, 0xb6, 0x80, 0x7f, 0xb8, 0x80,
    0x3f, 0xde, 0x40, 0x1e, 0x50, 0x8, 0x98, 0x2,
    0x43, 0x4a, 0xe8, 0x16, 0x20, 0x5d, 0xb8, 0x4c,
    0x92, 0xc9, 0x4c, 0xe5, 0xab, 0x3, 0x7a, 0xd3,
    0x7c, 0xb8, 0x50, 0xe, 0x63, 0xc8, 0x0, 0xf9,
    0x66, 0x19, 0x5c, 0x3, 0x8e, 0x9c, 0x82, 0x20,
    0xa0, 0x19, 0x6, 0x40, 0xa, 0x70, 0x1, 0x9f,
    0x84, 0x2, 0xde, 0x0, 0x0,

    /* U+002B "+" */
    0x0, 0xf3, 0x0, 0x7f, 0xc5, 0x20, 0x1f, 0xff,
    0xbe, 0xee, 0xd0, 0xee, 0xec, 0xff, 0xec, 0xf,
    0xfe, 0xd1, 0x1f, 0x0, 0x8f, 0x80, 0x3f, 0xfd,
    0xa6, 0xc0, 0x1e,

    /* U+002C "," */
    0x0, 0x67, 0x20, 0x0, 0xc7, 0x0, 0x12, 0x1e,
    0x0, 0x64, 0x30, 0x1, 0x3a, 0x1, 0xf7, 0x0,
    0xa7, 0x48, 0xa, 0x84, 0x0,

    /* U+002D "-" */
    0x0, 0xfb, 0xbf, 0xfa, 0xb3, 0x3d, 0x60,

    /* U+002E "." */
    0x9, 0xc2, 0x23, 0x1d, 0x12, 0xd, 0x80,

    /* U+002F "/" */
    0x0, 0xfa, 0x18, 0x3, 0xe5, 0x40, 0xf, 0x10,
    0x10, 0x7, 0x95, 0x40, 0x1f, 0x5d, 0x80, 0x3c,
    0x24, 0x60, 0x1e, 0x44, 0x0, 0x7d, 0xfe, 0x0,
    0xf9, 0x14, 0x3, 0xc8, 0xa0, 0x1f, 0x6e, 0x0,
    0x7c, 0x8a, 0x1, 0xe2, 0x2, 0x0, 0xf2, 0xa8,
    0x3, 0xeb, 0xc0, 0xf, 0x9, 0x20, 0x7, 0x91,
    0x0, 0x1f, 0x7f, 0x80, 0x3e, 0x44, 0x0, 0x79,
    0x8, 0x40, 0x3d, 0xb6, 0x1, 0xf2, 0x28, 0x7,
    0x88, 0x8, 0x3, 0xca, 0x80, 0x1f, 0x5e, 0x80,
    0x7c,

    /* U+0030 "0" */
    0x0, 0x8e, 0xb7, 0x56, 0x60, 0x1c, 0xb9, 0xfb,
    0xaf, 0xd7, 0x0, 0x8a, 0xa5, 0x40, 0x9, 0x50,
    0x80, 0x9, 0x26, 0x0, 0xc8, 0x70, 0x2, 0x8a,
    0x1, 0xeb, 0x32, 0x40, 0xc0, 0xf, 0x20, 0x26,
    0x82, 0x80, 0x78, 0xc3, 0xc8, 0x4, 0x3, 0xe1,
    0x21, 0x0, 0xff, 0x38, 0x7, 0xf8, 0xc0, 0x3f,
    0xe3, 0x1, 0x0, 0xff, 0x39, 0x1, 0x0, 0x7c,
    0x25, 0xa0, 0xc0, 0x1e, 0x30, 0xf4, 0xc, 0x0,
    0xf2, 0x2, 0xa, 0x28, 0x7, 0xac, 0xc8, 0x24,
    0x94, 0x3, 0x21, 0xf8, 0x0, 0xaa, 0xd0, 0x0,
    0x95, 0x6, 0x1, 0x2e, 0xf6, 0x63, 0xf5, 0xc0,
    0x0,

    /* U+0031 "1" */
    0x0, 0x89, 0xd4, 0x3, 0x2c, 0xf6, 0x46, 0x0,
    0x62, 0xdf, 0xf0, 0x8, 0x6, 0x74, 0x10, 0xf,
    0xfe, 0x7, 0x80, 0x7f, 0xff, 0xc0, 0x3f, 0xfc,
    0x1e, 0x1, 0xf1, 0x80, 0x7f, 0xc2, 0x1, 0xab,
    0x7f, 0x41, 0xbf, 0xb0, 0x0,

    /* U+0032 "2" */
    0x0, 0x9f, 0x31, 0xba, 0x81, 0x0, 0x8b, 0x87,
    0x31, 0xbc, 0xb8, 0x20, 0xe, 0x16, 0x0, 0x8f,
    0xca, 0x0, 0x8d, 0x40, 0x38, 0x8d, 0xc0, 0xa6,
    0xc0, 0x3c, 0xa2, 0x0, 0x61, 0x0, 0xf1, 0x80,
    0x7f, 0xce, 0x80, 0x1f, 0xc8, 0x5e, 0x1, 0xfd,
    0xa, 0x80, 0x1f, 0x9c, 0xac, 0x3, 0xf1, 0xce,
    0x8, 0x7, 0xc3, 0xb4, 0x40, 0x1f, 0xb6, 0x10,
    0x3, 0xf5, 0x23, 0x0, 0x7e, 0x83, 0x80, 0xf,
    0xca, 0x72, 0x1, 0xf8, 0xe6, 0xc0, 0x3f, 0xe,
    0x2c, 0x47, 0xe7, 0x40, 0x67, 0x7f, 0xd0,

    /* U+0033 "3" */
    0x0, 0x1d, 0x66, 0x3b, 0x1c, 0x3, 0x2e, 0x76,
    0x63, 0xa2, 0x70, 0x2, 0xa2, 0x40, 0x9, 0x28,
    0xdc, 0x5, 0x64, 0x3, 0x90, 0x2c, 0x6, 0x90,
    0x3, 0xc2, 0x1, 0xfe, 0x11, 0x20, 0x7, 0xf4,
    0xc, 0x80, 0x78, 0x52, 0xd7, 0x4, 0x3, 0x2f,
    0x72, 0xcb, 0x8, 0x3, 0x97, 0xbf, 0x47, 0x98,
    0x3, 0xf1, 0x45, 0x4b, 0x0, 0x7f, 0x22, 0xc0,
    0x7, 0xfb, 0x4, 0xc0, 0x3f, 0x88, 0x18, 0x8,
    0x3, 0xe2, 0x1, 0x9d, 0x10, 0xf, 0x60, 0x2e,
    0x83, 0x80, 0x71, 0xab, 0x8a, 0x3c, 0x80, 0x65,
    0xd5, 0x80, 0x4, 0x55, 0xe6, 0x37, 0xea, 0x80,
    0x0,

    /* U+0034 "4" */
    0x0, 0xfc, 0x3e, 0xa0, 0x1f, 0xf6, 0x80, 0x7f,
    0xf0, 0x11, 0xc0, 0x3f, 0xf8, 0x11, 0x0, 0xf,
    0xfa, 0x60, 0x40, 0x3f, 0xc6, 0x64, 0x0, 0xff,
    0xbe, 0xc0, 0x3f, 0xe7, 0xa1, 0x0, 0xff, 0x16,
    0x30, 0x7, 0xfd, 0x32, 0x0, 0xff, 0x98, 0xc8,
    0x3, 0xfc, 0x35, 0x0, 0x1f, 0xf5, 0xc0, 0x7,
    0xfc, 0x2b, 0x7f, 0xfd, 0xa1, 0x5f, 0xe8, 0x1c,
    0xcf, 0xa8, 0x1f, 0x31, 0x20, 0x67, 0xf3, 0x86,
    0x99, 0x84, 0x3, 0xff, 0xd8,

    /* U+0035 "5" */
    0x0, 0x6f, 0xff, 0xe2, 0x0, 0x13, 0xbf, 0xe3,
    0x0, 0xc, 0x47, 0xe1, 0x0, 0x18, 0x7, 0xf8,
    0x44, 0x1, 0xfe, 0x37, 0x0, 0xff, 0x8, 0x80,
    0x3f, 0xcc, 0xf5, 0xbf, 0xd8, 0xe0, 0x19, 0x9e,
    0x73, 0xfd, 0x53, 0xa4, 0x0, 0x3a, 0x31, 0x1,
    0x6c, 0x3e, 0x0, 0xfe, 0x29, 0x34, 0x0, 0xfe,
    0x40, 0xc0, 0xf, 0xe2, 0x1, 0x0, 0xff, 0x84,
    0x4, 0x3, 0xe5, 0xe, 0xae, 0x0, 0xfb, 0x1,
    0xfc, 0x14, 0x3, 0x89, 0xe0, 0x55, 0x56, 0x1,
    0x97, 0x19, 0xc0, 0x15, 0x76, 0xcc, 0x6f, 0xec,
    0x80, 0x0,

    /* U+0036 "6" */
    0x0, 0xff, 0xe4, 0x2d, 0x50, 0xc0, 0x3c, 0xdb,
    0xab, 0xa3, 0x0, 0xc3, 0x7b, 0x90, 0x20, 0x1c,
    0x38, 0x36, 0x20, 0x1f, 0x6b, 0x50, 0x7, 0xe7,
    0x3a, 0x0, 0xfc, 0x30, 0xe2, 0x1, 0xfa, 0x42,
    0x80, 0x3f, 0x94, 0x88, 0xd9, 0xdc, 0xb3, 0x0,
    0x9, 0x3d, 0x6, 0xf6, 0xe, 0x28, 0x28, 0x2d,
    0xb0, 0x81, 0x52, 0x50, 0x88, 0x24, 0x40, 0x3a,
    0x1, 0xcc, 0x8, 0x3, 0xc6, 0x18, 0x60, 0x20,
    0x1f, 0x13, 0x30, 0x8, 0x3, 0xe3, 0x73, 0xd,
    0x0, 0xf8, 0x48, 0x15, 0x0, 0x3c, 0x81, 0xa1,
    0x2, 0xe0, 0x1d, 0x8, 0x80, 0x2a, 0x86, 0x0,
    0xd, 0x5, 0x0, 0x4b, 0xb9, 0x96, 0xeb, 0x4,
    0x0,

    /* U+0037 "7" */
    0x9f, 0xff, 0xf2, 0xeb, 0xbf, 0xf0, 0x3a, 0x44,
    0x7e, 0xa3, 0x20, 0xf, 0xeb, 0xa0, 0xf, 0xe1,
    0x76, 0x0, 0xfe, 0x64, 0x0, 0xff, 0x57, 0x0,
    0x7f, 0x20, 0x20, 0x7, 0xf7, 0xa8, 0x7, 0xf1,
    0x25, 0x0, 0x7f, 0x5a, 0x10, 0x7, 0xf3, 0x70,
    0x7, 0xf3, 0x2, 0x80, 0x7f, 0x5b, 0x0, 0x7f,
    0x21, 0x50, 0x7, 0xf7, 0x91, 0x80, 0x7e, 0x24,
    0xa0, 0xf, 0xea, 0x6, 0x0, 0xfe, 0x64, 0x10,
    0xf, 0x0,

    /* U+0038 "8" */
    0x0, 0x9b, 0x37, 0x67, 0x0, 0xeb, 0xae, 0xdd,
    0x66, 0x40, 0x13, 0x26, 0x90, 0x0, 0x68, 0x9c,
    0x1, 0x4a, 0x20, 0x18, 0x52, 0xc0, 0x2, 0x1,
    0xf1, 0x80, 0x4c, 0xe0, 0x1e, 0x55, 0x0, 0x38,
    0x98, 0x3, 0x11, 0xd8, 0x1, 0x4e, 0x58, 0x0,
    0x3f, 0x44, 0x1, 0x6a, 0x4e, 0x4d, 0xf2, 0x80,
    0x61, 0xb5, 0x36, 0x77, 0x0, 0x71, 0x5e, 0x7d,
    0x8d, 0xd0, 0x4, 0x79, 0xc, 0x9, 0x8e, 0xb4,
    0x0, 0xd9, 0x30, 0xd, 0xc, 0xa8, 0xa2, 0xc0,
    0x1e, 0x80, 0xd2, 0x1, 0x0, 0xf0, 0x88, 0x8,
    0x8, 0x3, 0xe1, 0xe4, 0xa, 0x0, 0xf3, 0x3,
    0xd, 0x3c, 0x0, 0x67, 0x9a, 0x10, 0x5d, 0x1d,
    0xcd, 0xd7, 0x6a, 0x80,

    /* U+0039 "9" */
    0x0, 0x97, 0x31, 0xb8, 0xa0, 0x1d, 0x71, 0xd9,
    0xb1, 0x72, 0x1, 0x42, 0x61, 0x0, 0x13, 0x59,
    0x80, 0x2e, 0xe1, 0x0, 0xc6, 0xb0, 0x8, 0x18,
    0x1, 0xef, 0x14, 0x20, 0x60, 0xf, 0x38, 0x60,
    0x7, 0xf1, 0x0, 0x90, 0x30, 0x7, 0xe2, 0x40,
    0xd0, 0xf, 0xc2, 0x26, 0x61, 0x80, 0x73, 0x1,
    0x84, 0x9e, 0x38, 0x81, 0x46, 0x87, 0x80, 0x32,
    0x6f, 0xb9, 0x38, 0x60, 0x80, 0x13, 0x67, 0xf5,
    0xa2, 0x99, 0x0, 0x7e, 0x52, 0x90, 0xf, 0xe8,
    0x35, 0x0, 0xfd, 0x47, 0xc0, 0x1f, 0xa1, 0x74,
    0x80, 0x3c, 0x36, 0xb8, 0x60, 0x1e, 0x7f, 0x2d,
    0x30, 0xe, 0x4d, 0xff, 0x48, 0x7, 0xc9, 0xb0,
    0x20, 0x1f, 0x0,

    /* U+003A ":" */
    0xb, 0xe3, 0x24, 0x1b, 0x26, 0x4a, 0x9, 0xb2,
    0x0, 0xff, 0xe8, 0xce, 0x11, 0x18, 0xe8, 0x90,
    0x6c,

    /* U+003B ";" */
    0x0, 0x5f, 0x18, 0x12, 0xd, 0x81, 0x32, 0x50,
    0x2, 0x6c, 0x80, 0x3f, 0xfa, 0xa2, 0x1, 0x77,
    0x14, 0x0, 0x21, 0xa0, 0xb, 0xf, 0x0, 0x22,
    0x40, 0x3, 0x3, 0x5, 0xfa, 0x2, 0xdc, 0x10,

    /* U+003C "<" */
    0x0, 0xff, 0x94, 0x3, 0xfc, 0xbd, 0xe0, 0x1f,
    0x8b, 0x22, 0xa8, 0x1, 0xf4, 0x65, 0xea, 0x0,
    0x79, 0x78, 0xbd, 0xc0, 0x3c, 0x57, 0x15, 0x41,
    0x0, 0xf4, 0x66, 0x35, 0x0, 0x3e, 0x47, 0xb7,
    0x0, 0xfe, 0x4b, 0x8a, 0x10, 0xf, 0xe4, 0xd2,
    0xf7, 0x0, 0xff, 0x46, 0x63, 0x50, 0x3, 0xf8,
    0xae, 0x2a, 0x82, 0x1, 0xfc, 0xbc, 0x5e, 0xe0,
    0x1f, 0xe8, 0xcb, 0xc0, 0xf, 0xf1, 0x67, 0x80,

    /* U+003D "=" */
    0xee, 0xff, 0xe0, 0x67, 0xff, 0xff, 0x3, 0x44,
    0x7f, 0xf8, 0x20, 0x1f, 0xfd, 0xbe, 0xff, 0xff,
    0xb3, 0xfb, 0xbf, 0xed,

    /* U+003E ">" */
    0x6, 0x0, 0xff, 0x86, 0xb5, 0x0, 0x3f, 0x87,
    0x22, 0xa8, 0x20, 0x1f, 0xcb, 0xc5, 0xee, 0x1,
    0xfe, 0x8c, 0xc6, 0x98, 0x7, 0xf1, 0x5c, 0x6c,
    0x88, 0x7, 0xf2, 0xf0, 0xfb, 0x0, 0x7f, 0xa1,
    0xa4, 0x80, 0x3f, 0x15, 0xae, 0x10, 0x7, 0xd1,
    0x98, 0xd3, 0x0, 0xf2, 0xf1, 0x7b, 0x80, 0x78,
    0xae, 0x2a, 0x82, 0x1, 0xe8, 0xcc, 0x6a, 0x0,
    0x78, 0x78, 0xbd, 0xc0, 0x3f, 0xe, 0xd0, 0x80,
    0x7f, 0x0,

    /* U+003F "?" */
    0x25, 0x0, 0xf7, 0xd7, 0xd1, 0x0, 0x56, 0x40,
    0xba, 0xc0, 0x6, 0xdf, 0xda, 0x95, 0x0, 0xc4,
    0xbd, 0x0, 0x1e, 0x11, 0x18, 0x7, 0x9d, 0xc0,
    0x1e, 0x57, 0x0, 0xea, 0x33, 0x0, 0x4d, 0xa9,
    0xc0, 0x2, 0xd9, 0x7f, 0x30, 0x7, 0x6, 0x50,
    0x80, 0x43, 0x6, 0x1, 0xce, 0x20, 0x1e, 0xc1,
    0x0, 0xf3, 0x28, 0x7, 0xff, 0x2a, 0x1c, 0x3,
    0x91, 0xe0, 0xc0, 0x32, 0x91, 0xc, 0x3, 0x0,

    /* U+0040 "@" */
    0x0, 0xfc, 0xd5, 0xbb, 0x76, 0x38, 0x80, 0x7f,
    0xcf, 0xbd, 0x1b, 0xb7, 0x73, 0xf1, 0x80, 0x3f,
    0x16, 0x7e, 0xc1, 0x0, 0x62, 0x8c, 0xd9, 0x0,
    0xf1, 0xff, 0xa0, 0x3, 0xf8, 0x6c, 0x98, 0x3,
    0xf, 0x70, 0xc0, 0x3f, 0xf8, 0x15, 0x62, 0x1,
    0x55, 0x98, 0x6, 0x3b, 0xee, 0x3b, 0x18, 0x0,
    0x69, 0x80, 0xa, 0xec, 0x1, 0x9b, 0xbf, 0xbe,
    0x64, 0x20, 0x13, 0x58, 0x2, 0x20, 0x1, 0x92,
    0x31, 0x0, 0x64, 0x8, 0x2, 0x12, 0x3, 0x4,
    0x0, 0xd5, 0x41, 0x0, 0xb8, 0xc0, 0x38, 0xc1,
    0x10, 0x1, 0x9c, 0x90, 0x3, 0x2a, 0x80, 0x3e,
    0xcc, 0x0, 0x6a, 0xa0, 0x7, 0x1e, 0x0, 0x71,
    0x83, 0x30, 0x2, 0x22, 0x28, 0x6, 0x20, 0x70,
    0xc, 0x44, 0x2, 0x10, 0x9, 0x80, 0x80, 0x33,
    0x81, 0x0, 0x65, 0xb0, 0xf, 0xc6, 0x1, 0xa4,
    0xc0, 0x30, 0xd3, 0x0, 0x88, 0x2, 0x60, 0x40,
    0x9, 0x9, 0xc0, 0x35, 0x58, 0x82, 0xa8, 0x2,
    0x23, 0x86, 0x49, 0xcb, 0x51, 0x3, 0xbd, 0x60,
    0x1, 0xe8, 0x6, 0xd4, 0xbf, 0xc8, 0x56, 0xcc,
    0x54, 0xb0, 0x5, 0x48, 0x40, 0x10, 0xd6, 0xda,
    0x80, 0x23, 0x72, 0x48, 0x3, 0x12, 0xf0, 0x7,
    0xff, 0x22, 0xc6, 0x40, 0x3f, 0xf8, 0xe3, 0xe9,
    0x62, 0x1, 0xff, 0xc6, 0x2d, 0x2f, 0x83, 0x0,
    0xc2, 0xd4, 0x20, 0x1f, 0xe9, 0xfe, 0x9c, 0xca,
    0xe0, 0xa8, 0x40, 0x3c,

    /* U+0041 "A" */
    0x0, 0xfd, 0x58, 0x1, 0xff, 0xc5, 0x53, 0x20,
    0xf, 0xfe, 0x1a, 0xa8, 0x14, 0x3, 0xff, 0x87,
    0xf2, 0x56, 0x1, 0xff, 0xc3, 0x73, 0xa3, 0x20,
    0xf, 0xfe, 0xa, 0xa0, 0x28, 0x28, 0x7, 0xff,
    0x7, 0xe8, 0x8, 0x96, 0x1, 0xff, 0xc1, 0x73,
    0x0, 0x29, 0x90, 0x7, 0xfc, 0xa8, 0x1, 0x58,
    0x28, 0x7, 0xfd, 0xfa, 0x1, 0x19, 0x50, 0x7,
    0xfc, 0x88, 0x0, 0xca, 0x44, 0x0, 0xfe, 0x51,
    0xdd, 0xe7, 0x5, 0x0, 0xfe, 0xfa, 0xdd, 0xef,
    0x1a, 0x0, 0xfe, 0x45, 0x0, 0xf3, 0x11, 0x0,
    0x3e, 0x44, 0x0, 0x7d, 0x61, 0x40, 0x1f, 0x77,
    0x80, 0x7c, 0x62, 0xa0, 0x1f, 0x22, 0x80, 0x7e,
    0x72, 0x20, 0x7, 0x2a, 0x80, 0x3f, 0xa8, 0x28,
    0x2, 0x9e, 0xa4, 0xed, 0x0, 0xed, 0xec, 0x7,
    0xed, 0x20,

    /* U+0042 "B" */
    0x6d, 0xef, 0xf7, 0x6e, 0xea, 0x40, 0x9, 0xb7,
    0x8c, 0x3b, 0x76, 0xcd, 0xb9, 0x0, 0xff, 0x85,
    0xe9, 0x94, 0x3, 0x38, 0x7, 0xca, 0x1c, 0x1,
    0xff, 0xc1, 0x10, 0xf, 0xfe, 0x8, 0x88, 0xc0,
    0x3f, 0xf8, 0x16, 0x52, 0x1, 0xfe, 0x4c, 0xc,
    0x10, 0xf, 0x6e, 0xdf, 0x37, 0x61, 0x0, 0xfb,
    0x76, 0xff, 0x7, 0xc8, 0x7, 0xfc, 0x4f, 0x8f,
    0x60, 0x1f, 0xfc, 0x2, 0x84, 0x40, 0x7, 0xff,
    0x1, 0xc3, 0x40, 0x3f, 0xf8, 0x2, 0x4, 0x1,
    0xff, 0xc0, 0x10, 0x10, 0xf, 0xfe, 0x2, 0x7,
    0x80, 0x4e, 0x1, 0xf0, 0xd9, 0x28, 0x7, 0xf0,
    0xb7, 0x96, 0x3, 0xef, 0x98, 0x76, 0xed, 0xf9,
    0x78, 0x20,

    /* U+0043 "C" */
    0x0, 0xf3, 0x5f, 0x7f, 0x6d, 0x28, 0x7, 0x9b,
    0xab, 0xbf, 0xdd, 0x9f, 0x5e, 0x20, 0x14, 0xcd,
    0x8a, 0x20, 0x1, 0x5b, 0x3, 0x0, 0x43, 0x4b,
    0x80, 0x7c, 0xa0, 0x20, 0x4e, 0x8c, 0x1, 0xf8,
    0x40, 0x28, 0x8, 0x0, 0xff, 0x59, 0x2, 0x91,
    0x80, 0x7f, 0x90, 0x4c, 0x1c, 0x3, 0xff, 0x82,
    0xc0, 0x40, 0x1f, 0xfc, 0x13, 0xf, 0x0, 0xff,
    0xe0, 0x98, 0x78, 0x7, 0xff, 0x4, 0x40, 0x80,
    0x3f, 0xf8, 0x28, 0xe, 0x1, 0xff, 0xc2, 0x42,
    0x20, 0x7, 0xf8, 0xc8, 0x20, 0x20, 0x3, 0xfd,
    0xe8, 0x6, 0xca, 0xa0, 0xf, 0xe2, 0x0, 0xa5,
    0x29, 0x40, 0x3e, 0x11, 0x0, 0x6b, 0x8a, 0xa2,
    0x0, 0x64, 0xc0, 0x50, 0xc, 0xfd, 0xbf, 0xdd,
    0xbe, 0xf8, 0xc0,

    /* U+0044 "D" */
    0x6d, 0xef, 0xf7, 0x6e, 0xbb, 0x96, 0xe2, 0x1,
    0xcd, 0xbc, 0x61, 0xdb, 0xae, 0xe7, 0xef, 0x40,
    0x7, 0xff, 0x9, 0x2a, 0xdf, 0x0, 0x3c, 0xe0,
    0x1f, 0x92, 0xce, 0x40, 0x3f, 0xf8, 0x68, 0xac,
    0x60, 0x1f, 0xfc, 0x3e, 0xa, 0x0, 0xff, 0xe1,
    0xa0, 0x38, 0x7, 0xff, 0x10, 0xc4, 0x40, 0x1f,
    0xfc, 0x37, 0x2, 0x0, 0xff, 0xe1, 0x88, 0x7,
    0xff, 0x14, 0x40, 0x3f, 0xf8, 0xae, 0x4, 0x1,
    0xff, 0xc3, 0x31, 0x10, 0x7, 0xff, 0x9, 0x41,
    0x80, 0x3f, 0xf8, 0x72, 0x14, 0x1, 0xff, 0xc2,
    0x63, 0x92, 0x0, 0xce, 0x1, 0xf9, 0xa5, 0xd8,
    0x3, 0xfe, 0x15, 0xc8, 0xa8, 0x0, 0x9f, 0x7c,
    0xc3, 0xb7, 0x5d, 0x9f, 0x5c, 0xa0, 0x18,

    /* U+0045 "E" */
    0x6d, 0xef, 0xff, 0xf8, 0x1b, 0x78, 0xc3, 0xbf,
    0xfd, 0x40, 0x1f, 0x8, 0x7, 0x9c, 0x4, 0x2,
    0x70, 0xf, 0xc4, 0x6, 0x1, 0xff, 0xc1, 0x63,
    0x0, 0xff, 0xe0, 0xc8, 0x80, 0x7f, 0xa4, 0x3,
    0xff, 0x84, 0xe0, 0x1f, 0xfc, 0x21, 0x0, 0xfe,
    0xee, 0xde, 0x1, 0xfe, 0xee, 0xde, 0x1, 0xff,
    0xc3, 0x10, 0xf, 0xfe, 0x14, 0x80, 0x7f, 0xf0,
    0x9c, 0x3, 0xff, 0x8a, 0x6a, 0x1, 0xff, 0xc1,
    0xbc, 0x0, 0x9c, 0x3, 0xf8, 0xc4, 0x3, 0xff,
    0x82, 0xde, 0xfb, 0xe6, 0x1f, 0xdd, 0xf1, 0x0,

    /* U+0046 "F" */
    0x6d, 0xef, 0xff, 0xf8, 0x1b, 0x78, 0xc3, 0xbf,
    0xfd, 0x60, 0x20, 0x1c, 0x20, 0x1e, 0x50, 0x30,
    0x9, 0xc0, 0x3f, 0x8, 0x7, 0xff, 0xd, 0xc0,
    0x3f, 0xf8, 0x50, 0x40, 0x1f, 0xe8, 0x10, 0xf,
    0xfe, 0xb, 0x0, 0x7f, 0xf0, 0x84, 0x3, 0xfb,
    0xbb, 0x78, 0x7, 0xfb, 0xbb, 0x78, 0x7, 0xff,
    0xc, 0x40, 0x3f, 0xf8, 0x4c, 0x20, 0x1f, 0xfc,
    0x18, 0x0, 0xff, 0xec, 0xb8, 0x7, 0xff, 0x39,
    0xf7, 0xcc, 0x3f, 0xb4, 0x3, 0xe0,

    /* U+0047 "G" */
    0x0, 0xe1, 0x6b, 0xef, 0xee, 0x5b, 0x8, 0x7,
    0xcb, 0xd5, 0xdf, 0xee, 0xe7, 0xef, 0x28, 0x7,
    0x4d, 0x46, 0x28, 0x80, 0x49, 0x61, 0xa0, 0x19,
    0xda, 0x5c, 0x3, 0xf2, 0x8, 0x4, 0x70, 0x8c,
    0x1, 0xfc, 0x60, 0x1a, 0x2, 0x0, 0x3f, 0xd1,
    0x20, 0x12, 0x9, 0x80, 0x7f, 0xf0, 0x90, 0x10,
    0x3, 0xff, 0x86, 0x40, 0x40, 0x1f, 0xfc, 0x5f,
    0x0, 0xf8, 0x73, 0xb9, 0xfe, 0xea, 0x0, 0x78,
    0x7, 0xc3, 0x9d, 0xc0, 0x1e, 0xa2, 0x2, 0x0,
    0xff, 0x84, 0xc0, 0x8, 0xe, 0x1, 0xff, 0xc0,
    0x10, 0x9, 0x8, 0xc0, 0x3f, 0xf8, 0x70, 0x12,
    0x1, 0xff, 0xc3, 0x37, 0x55, 0x0, 0x7f, 0xf0,
    0xe1, 0x69, 0x80, 0x3f, 0xf8, 0x75, 0x32, 0xb4,
    0x10, 0x9, 0x28, 0x64, 0x3, 0xcd, 0xd9, 0xfe,
    0xee, 0x6f, 0x7f, 0x94, 0x0,

    /* U+0048 "H" */
    0x6d, 0xef, 0xfb, 0x68, 0x3, 0x4e, 0xff, 0xdd,
    0xae, 0xdb, 0xc6, 0x1f, 0xb4, 0x1, 0xa7, 0x7c,
    0xb, 0xb5, 0xc0, 0x3f, 0xf9, 0x6e, 0x1, 0xff,
    0x8, 0x7, 0xff, 0xfc, 0x3, 0xff, 0x85, 0xbb,
    0xfe, 0x10, 0xf, 0xed, 0xdf, 0xf0, 0x80, 0x7f,
    0xff, 0xc0, 0x3f, 0xfc, 0x2, 0x1, 0xf3, 0x80,
    0x7f, 0xf5, 0xc, 0x2, 0x7d, 0xf3, 0xf, 0xeb,
    0x0, 0xd3, 0xde, 0x3, 0xfd, 0x0,

    /* U+0049 "I" */
    0x6d, 0xef, 0xfb, 0x69, 0xb7, 0x8c, 0x3f, 0x68,
    0x3, 0xfe, 0x70, 0xf, 0xff, 0xf8, 0x7, 0xff,
    0x41, 0xc0, 0x3f, 0xf8, 0xf, 0xbe, 0x61, 0xfd,
    0x60,

    /* U+004A "J" */
    0x0, 0x3f, 0x73, 0xfe, 0xdc, 0x20, 0x3, 0xf7,
    0x28, 0x27, 0x70, 0x80, 0x3f, 0xfb, 0x42, 0x1,
    0xff, 0xff, 0x0, 0xff, 0xe6, 0x98, 0x7, 0xff,
    0x48, 0x40, 0x40, 0x3f, 0x18, 0x28, 0x7, 0xef,
    0x11, 0x0, 0x7e, 0x78, 0x0, 0xec, 0xe8, 0x75,
    0x60, 0xe, 0x71, 0x6d, 0xb0, 0xe,

    /* U+004B "K" */
    0x6d, 0xef, 0xfb, 0x68, 0x0, 0x9b, 0xff, 0xb0,
    0x1b, 0x78, 0xc3, 0xf6, 0x80, 0x9, 0xbe, 0x37,
    0xf8, 0x1, 0xff, 0xc1, 0xb8, 0x40, 0xf, 0x38,
    0x7, 0xd0, 0x4c, 0x1, 0xff, 0xc2, 0x54, 0x90,
    0xf, 0xfe, 0x11, 0x46, 0x80, 0x7f, 0xf0, 0xff,
    0x84, 0x3, 0xff, 0x85, 0xe2, 0x60, 0x1f, 0xfc,
    0x28, 0x2, 0x0, 0xff, 0xe1, 0x21, 0xd0, 0xc0,
    0x7, 0xff, 0x0, 0xa6, 0x94, 0xdc, 0x40, 0x3f,
    0xee, 0xe0, 0x87, 0x85, 0x80, 0x7f, 0xd2, 0x60,
    0x3, 0x55, 0x18, 0x7, 0xf9, 0x40, 0x35, 0x87,
    0x80, 0x7f, 0xf0, 0xc5, 0xcd, 0x40, 0x3f, 0xf8,
    0x70, 0x30, 0x1, 0xf3, 0x80, 0x7e, 0x82, 0x70,
    0xf, 0xfe, 0x1b, 0x14, 0x8, 0x1, 0xf7, 0xcc,
    0x3f, 0xa8, 0x2, 0xde, 0x20, 0xee, 0x40,

    /* U+004C "L" */
    0x6d, 0xef, 0xfb, 0x68, 0x3, 0xe6, 0xde, 0x30,
    0xfd, 0xa0, 0xf, 0xfe, 0x6b, 0x80, 0x7f, 0xff,
    0xc0, 0x3f, 0xff, 0xe0, 0x1f, 0xfc, 0xce, 0x10,
    0xf, 0xfe, 0x1, 0x8, 0x80, 0x27, 0x0, 0xfc,
    0xe0, 0x1f, 0xfc, 0x2d, 0x0, 0x3e, 0xf9, 0x87,
    0xf7, 0x79, 0xc4, 0x0,

    /* U+004D "M" */
    0xbe, 0xff, 0x58, 0x7, 0xff, 0x0, 0xff, 0xdd,
    0xb1, 0x7d, 0x60, 0x84, 0x1, 0xff, 0x50, 0xf,
    0x6c, 0x0, 0x46, 0x14, 0x1, 0xff, 0x21, 0x18,
    0x7, 0x94, 0xd8, 0x3, 0xfc, 0xca, 0x1, 0xfd,
    0x42, 0xa0, 0x1f, 0xd7, 0x40, 0x1f, 0xcc, 0x32,
    0x1, 0xf8, 0xd8, 0x80, 0x3f, 0x18, 0x31, 0x90,
    0x7, 0xd3, 0xc0, 0x1f, 0xf5, 0x5, 0x80, 0x78,
    0x51, 0x40, 0x3f, 0xe2, 0x46, 0x0, 0xf3, 0xb0,
    0x7, 0xf8, 0x40, 0x1c, 0xc, 0x1, 0xd7, 0x40,
    0x3, 0x0, 0xff, 0x28, 0xd0, 0x6, 0x36, 0x20,
    0xf, 0xfe, 0x14, 0x99, 0x80, 0x29, 0xe0, 0xf,
    0xfe, 0x1b, 0x4, 0x80, 0x5, 0x14, 0x3, 0xff,
    0x86, 0x2a, 0xa1, 0x6, 0x60, 0x7, 0xff, 0x17,
    0x81, 0x82, 0xa8, 0x1, 0xff, 0xc5, 0x42, 0xa3,
    0x62, 0x0, 0xff, 0xe3, 0x51, 0x6f, 0x0, 0x7f,
    0xf1, 0xd8, 0x5, 0x40, 0x38, 0x4c, 0x2, 0xae,
    0xb4, 0xfd, 0x40, 0x0, 0xb3, 0x80, 0x51, 0xde,
    0x3, 0xfd, 0x0,

    /* U+004E "N" */
    0xbd, 0xff, 0x40, 0x7, 0xdb, 0xdf, 0xf6, 0xad,
    0xed, 0x3, 0x98, 0x7, 0xb7, 0xbc, 0x7f, 0x54,
    0x2, 0x41, 0xe0, 0xf, 0xfe, 0x21, 0x59, 0x40,
    0x7, 0xff, 0x11, 0x51, 0xcc, 0x3, 0xff, 0x89,
    0x43, 0xc0, 0x1f, 0xfc, 0x41, 0xb2, 0x80, 0xf,
    0xfe, 0x22, 0xa9, 0xcc, 0x3, 0xff, 0x89, 0x63,
    0xc0, 0x1f, 0xfc, 0x41, 0xb2, 0x80, 0xf, 0xf8,
    0xc0, 0x32, 0xa9, 0xcc, 0x3, 0xff, 0x89, 0x63,
    0xc0, 0x1f, 0xfc, 0x41, 0xa2, 0x80, 0xf, 0xfe,
    0x22, 0x33, 0x98, 0x7, 0xff, 0x12, 0x47, 0x80,
    0x3f, 0xf8, 0xb4, 0x50, 0x1, 0xff, 0xc4, 0x46,
    0x71, 0x0, 0xf0, 0x80, 0x7f, 0x49, 0x8, 0x5,
    0x5d, 0x49, 0xfd, 0x20, 0x1f, 0x48, 0x6,

    /* U+004F "O" */
    0x0, 0xe3, 0x9d, 0xee, 0x64, 0x10, 0x7, 0xf5,
    0x67, 0x67, 0x73, 0xc7, 0x5c, 0x3, 0xc3, 0xaf,
    0xae, 0x20, 0x3, 0x9b, 0x8a, 0x0, 0xea, 0x2f,
    0x20, 0xf, 0x24, 0xab, 0x80, 0x48, 0x87, 0x20,
    0xf, 0xcc, 0x50, 0x20, 0xf, 0x9, 0x0, 0xff,
    0x58, 0x30, 0x1, 0xc, 0x40, 0x3f, 0xce, 0x16,
    0x8, 0xa, 0x1, 0xff, 0x8, 0x8c, 0x4, 0x38,
    0x3, 0xff, 0x80, 0x40, 0x26, 0x1, 0xff, 0xc2,
    0x70, 0x33, 0x0, 0x7f, 0xf0, 0x9c, 0xc, 0x43,
    0x80, 0x3f, 0xf8, 0x4, 0x2, 0xa0, 0xa0, 0x1f,
    0xf0, 0x88, 0xc0, 0x4c, 0xc2, 0x1, 0xfe, 0x70,
    0xb0, 0x4, 0x83, 0x0, 0x7f, 0xa8, 0x18, 0x0,
    0xa9, 0x4, 0x1, 0xf9, 0x8e, 0x44, 0x2, 0xa2,
    0xf1, 0x0, 0xf2, 0x4b, 0x30, 0x3, 0xe, 0x37,
    0xb0, 0x80, 0xa, 0x2e, 0x24, 0x3, 0xc3, 0x75,
    0x98, 0xee, 0x78, 0x6b, 0x80, 0x60,

    /* U+0050 "P" */
    0x6d, 0xef, 0xf7, 0x6e, 0xea, 0x40, 0x9, 0xb7,
    0x8c, 0x3b, 0x76, 0xcd, 0xb9, 0x0, 0xff, 0x85,
    0xed, 0x9c, 0x3, 0x38, 0x7, 0xc8, 0x70, 0x1,
    0xff, 0xc1, 0x40, 0x30, 0xf, 0xfe, 0x7, 0x80,
    0x7f, 0xf0, 0xb8, 0x8, 0x3, 0xff, 0x80, 0xe6,
    0x20, 0x1f, 0xf4, 0x8f, 0x80, 0x7f, 0xa, 0xe2,
    0x59, 0x80, 0x7b, 0x77, 0x64, 0xea, 0x0, 0x7d,
    0xbb, 0x64, 0xa8, 0x7, 0xff, 0xdd, 0xc0, 0x3f,
    0xf9, 0xcf, 0xbe, 0x61, 0xfd, 0xa0, 0x1f, 0x0,

    /* U+0051 "Q" */
    0x0, 0xe3, 0x9d, 0xee, 0x64, 0x10, 0x7, 0xf5,
    0x67, 0x67, 0x73, 0xc7, 0x5c, 0x3, 0xc3, 0xaf,
    0xae, 0x20, 0x3, 0x9b, 0x8a, 0x0, 0xea, 0x2f,
    0x20, 0xf, 0x24, 0xab, 0x80, 0x48, 0x87, 0x20,
    0xf, 0xcc, 0x50, 0x20, 0xf, 0x9, 0x0, 0xff,
    0x58, 0x30, 0x1, 0xc, 0x40, 0x3f, 0xce, 0x16,
    0x8, 0xa, 0x1, 0xff, 0x8, 0x8c, 0x4, 0x38,
    0x3, 0xff, 0x80, 0x40, 0x26, 0x1, 0xff, 0xc2,
    0x70, 0x33, 0x0, 0x7f, 0xf0, 0x9c, 0xc, 0x43,
    0x80, 0x3f, 0xf8, 0x4, 0x2, 0xa0, 0xa0, 0x1f,
    0xf0, 0x88, 0xc0, 0x4c, 0xc2, 0x1, 0xfe, 0x70,
    0xb0, 0x4, 0x83, 0x0, 0x7f, 0xa8, 0x18, 0x0,
    0xa9, 0x4, 0x1, 0xf9, 0x8e, 0x44, 0x2, 0xa2,
    0xf1, 0x0, 0xf2, 0x4b, 0x30, 0x3, 0xe, 0x37,
    0xb0, 0x80, 0xa, 0x2e, 0x24, 0x3, 0xc3, 0x75,
    0x9f, 0xf8, 0x35, 0xc0, 0x3f, 0x92, 0xb8, 0x1b,
    0x60, 0x80, 0x3f, 0xf8, 0x24, 0xa0, 0x1f, 0xfc,
    0x4b, 0x34, 0x0, 0xff, 0xe1, 0xb2, 0x5b, 0x0,
    0x5, 0x0, 0x3f, 0xeb, 0x8a, 0xee, 0x50, 0x80,
    0x0,

    /* U+0052 "R" */
    0x6d, 0xef, 0xf7, 0x6e, 0xdd, 0x6c, 0x1, 0xcd,
    0xbc, 0x61, 0xdb, 0xb7, 0x7d, 0xe9, 0x0, 0x7f,
    0xf0, 0x53, 0xf, 0xc0, 0x3c, 0xe0, 0x1f, 0xc,
    0x91, 0x80, 0x7f, 0xf0, 0x8c, 0x14, 0x3, 0xff,
    0x84, 0x20, 0x60, 0x1f, 0xfc, 0x2f, 0x4, 0x0,
    0xff, 0xe0, 0xa2, 0xc0, 0x80, 0x7f, 0xc3, 0x17,
    0xe, 0x1, 0xfb, 0x32, 0xfe, 0xe, 0x70, 0xf,
    0xec, 0xcb, 0xe1, 0xd0, 0x3, 0xff, 0x84, 0xed,
    0x42, 0x1, 0xff, 0xc2, 0xa0, 0x70, 0xf, 0xfe,
    0x11, 0x8d, 0x0, 0x7f, 0xf0, 0xdc, 0xc4, 0x3,
    0xff, 0x85, 0xa0, 0xe0, 0x1e, 0x70, 0xf, 0x90,
    0x34, 0x3, 0xc2, 0x2, 0x1, 0xe5, 0x43, 0x11,
    0x47, 0xf8, 0x83, 0xbf, 0x40, 0x34, 0x1e, 0x76,
    0x80,

    /* U+0053 "S" */
    0x0, 0x92, 0xbb, 0xfb, 0x20, 0x40, 0x35, 0x53,
    0x3f, 0xdd, 0xed, 0xc4, 0x0, 0x84, 0xf6, 0x10,
    0x1, 0xe8, 0x8, 0x1, 0x98, 0x20, 0x1c, 0x40,
    0x20, 0x1, 0xf0, 0xf, 0x9, 0x98, 0x2, 0xd0,
    0xf, 0xb0, 0x40, 0x8, 0xa8, 0x1, 0xfe, 0x91,
    0xb7, 0x0, 0xfe, 0x2c, 0x28, 0xe8, 0x20, 0xf,
    0x8b, 0x64, 0xdf, 0x6c, 0x80, 0x3e, 0x6d, 0xc5,
    0x4d, 0x60, 0xf, 0xc7, 0x5a, 0x52, 0xa0, 0x1f,
    0xc5, 0x83, 0x0, 0x1f, 0xe1, 0x62, 0x7, 0x90,
    0xf, 0xde, 0x0, 0xf2, 0x0, 0xfd, 0xa4, 0x0,
    0x40, 0xf, 0x8d, 0x60, 0x38, 0x24, 0xc0, 0x22,
    0x8c, 0x85, 0x6, 0xee, 0x47, 0x75, 0xe3, 0xae,
    0x0,

    /* U+0054 "T" */
    0x3f, 0xf7, 0x76, 0xff, 0xbb, 0xb7, 0xf8, 0x1c,
    0x3b, 0xb9, 0xc2, 0xfb, 0xb5, 0x0, 0x42, 0x20,
    0xd, 0xe0, 0x1e, 0x70, 0x11, 0x10, 0x7, 0xff,
    0x0, 0x80, 0xc1, 0x0, 0x3f, 0xf8, 0x28, 0xb,
    0x0, 0x1f, 0xfc, 0x1b, 0x20, 0xf, 0xff, 0xf8,
    0x7, 0xff, 0xfc, 0x3, 0xff, 0xc1, 0xe0, 0x1f,
    0xfc, 0x17, 0xdf, 0x70, 0xbe, 0xd4, 0x0, 0xc0,

    /* U+0055 "U" */
    0x9d, 0xff, 0xbb, 0x58, 0x2, 0x3d, 0xef, 0xfb,
    0x52, 0x77, 0x1, 0xbb, 0x58, 0x2, 0x3d, 0xee,
    0x17, 0xea, 0x0, 0x7f, 0xf2, 0x44, 0x4, 0x3,
    0xff, 0xfe, 0x1, 0xff, 0xff, 0x0, 0xff, 0x8c,
    0x3, 0xc6, 0x2, 0x1, 0xfc, 0x22, 0x0, 0xe1,
    0x2, 0x0, 0xfe, 0x66, 0x0, 0x78, 0x90, 0x3,
    0xfb, 0x34, 0x3, 0xd4, 0xc, 0x1, 0xf0, 0xba,
    0x80, 0x79, 0xc6, 0x4c, 0x3, 0xd4, 0xe4, 0x1,
    0xf6, 0x8e, 0x53, 0x22, 0xc7, 0x4, 0x80, 0x7e,
    0x3f, 0x86, 0x8b, 0xb1, 0xdd, 0x80, 0x38,

    /* U+0056 "V" */
    0xbd, 0xff, 0xe4, 0x0, 0x8f, 0x7b, 0xfd, 0xda,
    0x37, 0xb6, 0xf, 0xfe, 0x40, 0x8, 0xf7, 0x9d,
    0xdd, 0xa2, 0x0, 0x41, 0x50, 0xf, 0xe5, 0xa0,
    0xf, 0x39, 0x10, 0x3, 0xe2, 0x2, 0x0, 0xf5,
    0x5, 0x0, 0x7c, 0xaa, 0x0, 0xf8, 0xc5, 0x40,
    0x3e, 0xbb, 0x0, 0x7e, 0x62, 0x30, 0xe, 0x21,
    0x30, 0xf, 0xd6, 0x16, 0x1, 0xca, 0xa0, 0xf,
    0xe3, 0x25, 0x0, 0xeb, 0xb0, 0x7, 0xf9, 0x48,
    0xc0, 0x21, 0x11, 0x80, 0x7f, 0xa8, 0x2c, 0x2,
    0x75, 0x0, 0xff, 0x88, 0xd4, 0x2, 0xab, 0x0,
    0xff, 0xe0, 0x59, 0x18, 0x8, 0x8c, 0x3, 0xff,
    0x80, 0xc1, 0x60, 0xea, 0x1, 0xff, 0xc1, 0x13,
    0x60, 0xdb, 0x0, 0xff, 0xe1, 0x50, 0xa3, 0x18,
    0x7, 0xff, 0x9, 0xc2, 0x94, 0x3, 0xff, 0x86,
    0x28, 0x36, 0x1, 0xff, 0xc4, 0xe1, 0x30, 0xf,
    0xc0,

    /* U+0057 "W" */
    0x8d, 0xff, 0xbb, 0x4c, 0x0, 0xbb, 0xdf, 0xee,
    0xd5, 0x0, 0x3e, 0xff, 0xdd, 0x31, 0xbc, 0xb,
    0xda, 0x60, 0x5, 0xde, 0x4, 0xed, 0x50, 0x3,
    0xef, 0x87, 0xf4, 0x80, 0x4, 0xd0, 0x3, 0xe3,
    0x4, 0x0, 0xf9, 0x10, 0x1, 0xe4, 0x13, 0x0,
    0xf5, 0xb0, 0x28, 0x7, 0xb3, 0x40, 0x3d, 0x60,
    0x80, 0x1e, 0x48, 0xf, 0x0, 0xf2, 0x20, 0x3,
    0xc6, 0x18, 0x1, 0xc4, 0xe2, 0xa8, 0x1, 0xc2,
    0x44, 0x0, 0xf9, 0x50, 0x3, 0x93, 0x43, 0x4,
    0xc0, 0x32, 0x20, 0x3, 0xf6, 0x2, 0x0, 0x6d,
    0x40, 0x70, 0xb0, 0xd, 0x9e, 0x1, 0xf9, 0xc3,
    0x0, 0x33, 0x90, 0x9, 0xa8, 0x6, 0x44, 0x0,
    0x7e, 0x12, 0x50, 0x9, 0x50, 0x2, 0xb2, 0x20,
    0x0, 0x40, 0x40, 0x3f, 0x90, 0x84, 0x1, 0xf6,
    0x1, 0x28, 0x20, 0x1, 0x10, 0x1, 0xfe, 0xd0,
    0x40, 0x3, 0x98, 0x4, 0x44, 0xd0, 0x6, 0x68,
    0x7, 0xf9, 0x3, 0xc0, 0xdc, 0x3, 0x91, 0x0,
    0x4, 0x40, 0x7, 0xfc, 0x88, 0xb, 0xf0, 0xe,
    0xd0, 0x52, 0x10, 0xf, 0xfe, 0x6, 0x9, 0x22,
    0x80, 0x72, 0x7, 0xa2, 0x0, 0x3f, 0xf8, 0xa,
    0x16, 0xe0, 0x1f, 0x2a, 0x65, 0x80, 0x7f, 0xf0,
    0x8, 0x5b, 0x0, 0x3e, 0xf1, 0x53, 0x0, 0xff,
    0xe0, 0xb8, 0x28, 0x7, 0xc8, 0x8, 0x1, 0xff,
    0xc2, 0xc2, 0x20, 0x7, 0xc2, 0x98, 0x1, 0xf0,

    /* U+0058 "X" */
    0x3d, 0xff, 0xdb, 0x40, 0x2, 0xde, 0xff, 0xb4,
    0x4f, 0x7d, 0x82, 0xf6, 0x80, 0x5, 0xbc, 0x95,
    0xfa, 0x20, 0x14, 0xc, 0x80, 0x79, 0x41, 0x40,
    0x3c, 0x30, 0x4e, 0x1, 0xd1, 0x20, 0x1f, 0x98,
    0xe0, 0x40, 0x27, 0xa2, 0x0, 0xfe, 0xf0, 0xb0,
    0x0, 0xdb, 0x80, 0x7f, 0x8d, 0x95, 0x2, 0xe0,
    0x3, 0xff, 0x81, 0x3, 0x26, 0x8, 0x1, 0xff,
    0xc0, 0x18, 0x2c, 0xb0, 0xf, 0xfe, 0x13, 0x0,
    0x7f, 0xf1, 0x58, 0xc2, 0xc0, 0x3f, 0xf8, 0x23,
    0x78, 0xaa, 0x30, 0xf, 0xfe, 0x5, 0xc0, 0x58,
    0x78, 0x7, 0xfc, 0x82, 0xa0, 0x30, 0x6c, 0x1,
    0xfe, 0x99, 0x0, 0x4e, 0x50, 0x20, 0x1f, 0xa1,
    0x48, 0x3, 0x48, 0xc0, 0x7, 0xc4, 0xb0, 0x1,
    0xc8, 0x86, 0x30, 0xf, 0x7c, 0x80, 0x7d, 0x21,
    0xc0, 0x13, 0xf7, 0x95, 0xf5, 0x0, 0x4f, 0xba,
    0x2, 0xfe, 0x60,

    /* U+0059 "Y" */
    0x2d, 0xff, 0xbb, 0x60, 0x2, 0xde, 0xff, 0xb4,
    0x89, 0xbe, 0x41, 0xfb, 0x0, 0x16, 0xf4, 0x3f,
    0xe9, 0x0, 0x50, 0x12, 0x1, 0xf5, 0x48, 0x7,
    0x94, 0x9c, 0x40, 0x39, 0xd4, 0x40, 0x3e, 0x80,
    0x90, 0xe, 0xa9, 0x0, 0xfc, 0xa4, 0xe2, 0x1,
    0x3a, 0x88, 0x7, 0xf4, 0x4, 0x80, 0x55, 0x0,
    0x1f, 0xe5, 0x37, 0x10, 0x7a, 0x0, 0xff, 0xe0,
    0x40, 0x48, 0x53, 0x80, 0x7f, 0xf0, 0x10, 0xde,
    0x28, 0x3, 0xff, 0x85, 0x0, 0xee, 0x0, 0xff,
    0xe1, 0x20, 0x7, 0xff, 0x1d, 0x0, 0x3f, 0xff,
    0x6e, 0x1, 0xff, 0xc5, 0x10, 0xf, 0xfe, 0x0,
    0xef, 0x78, 0x17, 0xf5, 0x80, 0x70,

    /* U+005A "Z" */
    0xb, 0xfe, 0xef, 0xef, 0xf1, 0x80, 0x13, 0xbb,
    0xf6, 0x2, 0x18, 0x39, 0x80, 0x7e, 0xe0, 0xa0,
    0x0, 0xe8, 0x7, 0xce, 0x72, 0x20, 0x6, 0x70,
    0xf, 0x14, 0x23, 0x0, 0x56, 0x40, 0x1e, 0xe0,
    0xa0, 0xf, 0xf9, 0xce, 0x44, 0x3, 0xfc, 0x50,
    0x8c, 0x1, 0xff, 0x70, 0x50, 0x7, 0xfc, 0xe7,
    0x22, 0x1, 0xfe, 0x28, 0x46, 0x0, 0xff, 0xb8,
    0x24, 0x3, 0xfe, 0x73, 0x92, 0x0, 0xff, 0x14,
    0x23, 0x0, 0x7f, 0xdc, 0x12, 0x1, 0xf2, 0x50,
    0x1, 0xce, 0x48, 0x3, 0xec, 0x10, 0x28, 0x46,
    0x0, 0xfc, 0x62, 0x1c, 0x12, 0x1, 0xfc, 0xc6,
    0x70, 0x67, 0x77, 0xf1, 0x8,

    /* U+005B "[" */
    0x3f, 0xfb, 0x98, 0x1, 0x5f, 0xcc, 0x0, 0x10,
    0x8, 0x41, 0xc0, 0x3f, 0xff, 0xe0, 0x1f, 0xfd,
    0x81, 0x7, 0x0, 0xff, 0xaf, 0x6d, 0x4f, 0x37,
    0xe5, 0x0,

    /* U+005C "\\" */
    0xc3, 0x0, 0xfa, 0xec, 0x1, 0xf2, 0xa8, 0x3,
    0xe2, 0x32, 0x0, 0xf9, 0xd4, 0x3, 0xed, 0xc0,
    0xf, 0x91, 0x40, 0x3f, 0x22, 0x80, 0x7d, 0x9e,
    0x1, 0xf3, 0xa0, 0x7, 0xc2, 0x46, 0x1, 0xf5,
    0xd8, 0x3, 0xe4, 0x50, 0xf, 0x8c, 0xc4, 0x1,
    0xf3, 0xa0, 0x7, 0xdb, 0xa0, 0xf, 0x91, 0x40,
    0x3f, 0x2a, 0x80, 0x3e, 0xdf, 0x0, 0xf9, 0xd0,
    0x3, 0xe1, 0x23, 0x0, 0xf9, 0x2c, 0x3, 0xeb,
    0x50, 0xf, 0x8c, 0xc4, 0x1, 0xf3, 0xa0,

    /* U+005D "]" */
    0xbe, 0xff, 0xaf, 0xbd, 0x8, 0x2, 0x20, 0xf,
    0xfe, 0x18, 0x80, 0x7f, 0xff, 0xc0, 0x30, 0x80,
    0x7e, 0x30, 0x9c, 0xd5, 0x28, 0xef, 0xcd,

    /* U+005E "^" */
    0x0, 0xc2, 0xe0, 0x1f, 0xd7, 0x10, 0x0, 0xf9,
    0x1f, 0x58, 0x80, 0x3d, 0x32, 0x28, 0xe0, 0xe,
    0x77, 0x20, 0x30, 0x30, 0x4, 0x33, 0x60, 0x17,
    0x40, 0x80, 0x2a, 0x44, 0x2, 0x26, 0xb0, 0x46,
    0x70, 0xe, 0x87, 0x44, 0x78, 0x7, 0xde, 0x80,

    /* U+005F "_" */
    0x2f, 0xff, 0xfe, 0x13, 0x96, 0x67, 0xff, 0x9,
    0x80,

    /* U+0060 "`" */
    0x6d, 0x10, 0x9, 0x4a, 0x80, 0x23, 0xb4, 0x60,
    0x9, 0x2e, 0x4, 0x2, 0x4a, 0xb0, 0xc, 0x90,
    0x0,

    /* U+0061 "a" */
    0x0, 0xc, 0x66, 0x3b, 0x14, 0x3, 0x8f, 0xb7,
    0x31, 0xd3, 0x4c, 0x1, 0xb8, 0x54, 0x2, 0x54,
    0xb0, 0x8, 0x49, 0xc0, 0x38, 0xc8, 0x2, 0x1f,
    0x90, 0xe, 0xf0, 0x10, 0xf, 0xe4, 0x80, 0xf,
    0x85, 0xee, 0x85, 0xc0, 0x3d, 0x38, 0x37, 0x4b,
    0xe0, 0x1d, 0x8b, 0xac, 0x1, 0xf9, 0x4f, 0xc0,
    0x3f, 0xda, 0x4, 0x1, 0xd4, 0x1, 0xb8, 0x10,
    0x3, 0x39, 0x81, 0x80, 0x1c, 0x6d, 0x8d, 0x70,
    0x30, 0x2c, 0xd4, 0x71, 0x63, 0x3b, 0xdc, 0xa1,
    0xf8, 0x40,

    /* U+0062 "b" */
    0x0, 0xff, 0xe1, 0x2c, 0xe7, 0x8, 0x7, 0xf1,
    0x8, 0x8, 0x7, 0xf9, 0xe1, 0x0, 0x3f, 0xfa,
    0x22, 0x1, 0xff, 0xec, 0x18, 0xdf, 0xd8, 0x10,
    0xf, 0x25, 0x6f, 0xed, 0xb6, 0x8, 0x7, 0x75,
    0xa9, 0x11, 0xb0, 0xf4, 0x3, 0xac, 0x3, 0x8a,
    0x4d, 0x0, 0x3f, 0xe6, 0xd, 0x0, 0xff, 0x84,
    0x4a, 0x1, 0xff, 0xc0, 0x31, 0x0, 0xff, 0xe7,
    0x13, 0x0, 0x7f, 0xc4, 0x6, 0x1, 0xff, 0x50,
    0x58, 0x6, 0x80, 0xe, 0x27, 0x53, 0x13, 0x20,
    0xcc, 0x29, 0x11, 0xf0, 0xec, 0x33, 0xa, 0x2b,
    0xdf, 0x9b, 0x53, 0x82, 0x0,

    /* U+0063 "c" */
    0x0, 0x85, 0xf7, 0x6b, 0x40, 0xc, 0x9f, 0xd9,
    0xba, 0x9b, 0x70, 0x1, 0x5c, 0xc8, 0x40, 0x4,
    0x90, 0x61, 0xc6, 0xe0, 0x1d, 0xe0, 0xc6, 0x6a,
    0x0, 0xf2, 0x7a, 0xa0, 0x20, 0x7, 0xf7, 0x1,
    0x0, 0x7f, 0xf2, 0x44, 0x8, 0x3, 0xfb, 0x41,
    0x0, 0x3f, 0x94, 0x2c, 0x3, 0xfd, 0x25, 0x40,
    0x1e, 0x65, 0x6, 0x75, 0xd6, 0x33, 0x36, 0x72,
    0x80, 0x23, 0x1e, 0x33, 0x75, 0x10, 0x0,

    /* U+0064 "d" */
    0x0, 0xff, 0xe5, 0xb, 0x56, 0xe0, 0x7, 0xfd,
    0xc4, 0x60, 0x1f, 0xf0, 0xc4, 0x8, 0x3, 0xff,
    0x86, 0xe0, 0x1f, 0xff, 0x63, 0xae, 0xfc, 0x50,
    0xf, 0xcf, 0x81, 0xbd, 0xf9, 0x40, 0x1e, 0x58,
    0x85, 0x18, 0x9c, 0xf9, 0x80, 0x75, 0x9b, 0x80,
    0x72, 0x90, 0x6, 0x41, 0xa0, 0xf, 0xfe, 0x1,
    0x82, 0x80, 0x7f, 0xf0, 0x38, 0x8, 0x3, 0xff,
    0x9e, 0x20, 0x60, 0x1f, 0xfc, 0xd, 0x6, 0x0,
    0xff, 0xe0, 0x28, 0x70, 0x7, 0xff, 0x6, 0x14,
    0xc0, 0x38, 0xc8, 0x3, 0x9d, 0x75, 0x40, 0x26,
    0xa3, 0x0, 0xf5, 0x5c, 0xf6, 0xd9, 0xc8, 0x26,
    0xe9, 0x0,

    /* U+0065 "e" */
    0x0, 0x8a, 0x77, 0x69, 0x20, 0xc, 0xbb, 0xdb,
    0xb7, 0xe2, 0x0, 0xe, 0xa8, 0xe0, 0x13, 0x32,
    0x80, 0x1c, 0x8a, 0x1, 0xd2, 0x2c, 0x65, 0xc0,
    0x1e, 0x11, 0x7a, 0x3, 0x80, 0x78, 0x44, 0x7c,
    0x1f, 0xbb, 0xec, 0x12, 0x0, 0x66, 0xef, 0xdd,
    0x2, 0x6, 0x1, 0xfd, 0xa0, 0x80, 0x1f, 0xca,
    0x16, 0x1, 0xfe, 0x92, 0x90, 0xf, 0x1b, 0x83,
    0x3b, 0x6b, 0x19, 0x96, 0xa5, 0xc0, 0x11, 0x8f,
    0x79, 0xbd, 0xf4, 0x0,

    /* U+0066 "f" */
    0x0, 0xf1, 0xdf, 0xf5, 0x0, 0x79, 0x7e, 0xb0,
    0x15, 0x0, 0x31, 0x57, 0x9, 0xf7, 0x10, 0x3,
    0x42, 0x90, 0x4, 0x20, 0x1c, 0xbe, 0x1, 0xfc,
    0x60, 0xe0, 0x1f, 0xcc, 0x6, 0x1, 0xfd, 0xa0,
    0x1f, 0x87, 0x7d, 0xc3, 0xbf, 0xe4, 0x0, 0xe,
    0xfc, 0x7, 0x7f, 0xc8, 0x1, 0xff, 0xff, 0x0,
    0xff, 0xe1, 0x78, 0x7, 0xff, 0x64, 0xc0, 0x3e,
    0xcd, 0x70, 0xdd, 0x50, 0x6,

    /* U+0067 "g" */
    0x0, 0xa3, 0x73, 0x6c, 0xc5, 0xad, 0xc0, 0x74,
    0xf3, 0x1b, 0xac, 0xed, 0x1, 0x8, 0x3b, 0x10,
    0x3, 0x30, 0x6e, 0xcc, 0xc, 0xe0, 0x1d, 0x42,
    0xa0, 0x1, 0xf, 0x0, 0xe3, 0x2, 0x0, 0xc2,
    0x1, 0xc2, 0x1, 0x84, 0x5c, 0x1, 0xc4, 0x6,
    0x1, 0x33, 0x4, 0x3, 0x48, 0xa0, 0x5, 0x7,
    0x84, 0x0, 0x84, 0xd0, 0xe, 0xa1, 0x9c, 0xc0,
    0x79, 0x80, 0x65, 0xec, 0xbc, 0xc4, 0x8, 0x7,
    0x4f, 0x80, 0x7f, 0xcf, 0x12, 0xef, 0xca, 0x20,
    0x15, 0x23, 0x44, 0x75, 0x73, 0x0, 0x10, 0x3f,
    0xfd, 0x85, 0x24, 0x77, 0x40, 0x1e, 0x3e, 0x4,
    0x95, 0x10, 0xf, 0x8c, 0x0, 0xc0, 0x1f, 0xc6,
    0x8, 0xaa, 0x10, 0xf, 0xbd, 0x8a, 0x3, 0x50,
    0x2, 0x16, 0xd5, 0x90, 0x1f, 0x49, 0xee, 0x6e,
    0xbb, 0xe4, 0x0,

    /* U+0068 "h" */
    0x1, 0x47, 0x0, 0xff, 0xe0, 0x67, 0x5c, 0x8,
    0x7, 0xfd, 0x9e, 0xe0, 0x1f, 0xfd, 0x51, 0x0,
    0xff, 0xfa, 0x94, 0xf7, 0xea, 0x0, 0x7f, 0x37,
    0x8d, 0xc1, 0xd9, 0x0, 0x7d, 0x1d, 0xb0, 0xaf,
    0x81, 0x60, 0x1f, 0x7c, 0x0, 0x62, 0x22, 0x80,
    0x7c, 0xc0, 0x1e, 0x61, 0x0, 0xff, 0xe1, 0x98,
    0x7, 0xff, 0xfc, 0x3, 0xff, 0x9c, 0x20, 0x1f,
    0x9c, 0x40, 0x2a, 0xd6, 0xe, 0xc2, 0x0, 0x67,
    0x18, 0x76, 0x0,

    /* U+0069 "i" */
    0x0, 0x67, 0x10, 0x4, 0x46, 0x28, 0x1, 0x14,
    0x3b, 0x0, 0x67, 0x80, 0xf, 0xfe, 0x29, 0xbd,
    0x71, 0x0, 0x2f, 0x98, 0x40, 0x28, 0x94, 0x0,
    0xf7, 0x80, 0x7f, 0xfa, 0xfc, 0x3, 0x56, 0xb8,
    0x6e, 0x18,

    /* U+006A "j" */
    0x0, 0xc3, 0xba, 0x10, 0xc, 0x45, 0x28, 0x6,
    0x38, 0x74, 0x0, 0xe7, 0x80, 0xf, 0xfe, 0x41,
    0xb5, 0x68, 0x6, 0x9c, 0x72, 0x0, 0xd5, 0x44,
    0x0, 0xff, 0xff, 0x80, 0x70, 0x80, 0x7f, 0xf0,
    0x8c, 0xc0, 0x1e, 0x16, 0x0, 0xf2, 0xe0, 0x7,
    0x10, 0xa8, 0x47, 0x49, 0x74, 0x90, 0x78, 0x36,
    0xc3, 0x0, 0x0,

    /* U+006B "k" */
    0x1, 0x46, 0x0, 0xff, 0xb3, 0xae, 0x44, 0x3,
    0xfd, 0x9e, 0xe0, 0x1f, 0xff, 0xf0, 0xf, 0xfe,
    0x3c, 0xff, 0xee, 0x80, 0xf, 0xd3, 0xea, 0xaf,
    0xe8, 0x0, 0xfe, 0x80, 0xa0, 0xf, 0xf9, 0xca,
    0x80, 0x3f, 0xe6, 0xaa, 0x0, 0x7f, 0xc9, 0x22,
    0x1, 0xff, 0x2c, 0x39, 0xa8, 0x7, 0xfa, 0x76,
    0xa, 0x0, 0x3f, 0xde, 0x21, 0x24, 0xe0, 0x1f,
    0xc6, 0x0, 0x44, 0x40, 0x80, 0x7f, 0xf0, 0x24,
    0x2c, 0x3, 0xff, 0x80, 0x4c, 0xa6, 0x1, 0xff,
    0xc0, 0x81, 0xf0, 0xa, 0xf5, 0xc3, 0xb0, 0xc0,
    0x3, 0x7, 0xd8, 0x40,

    /* U+006C "l" */
    0x0, 0xa, 0x30, 0x6, 0xce, 0xb9, 0x10, 0xb,
    0x3d, 0xc0, 0x3f, 0xff, 0xe0, 0x1f, 0xff, 0x81,
    0x0, 0xc3, 0x9a, 0xc1, 0xda, 0xc0,

    /* U+006D "m" */
    0x16, 0xac, 0x0, 0x1d, 0x77, 0xd0, 0x80, 0xa,
    0x7b, 0xf5, 0x0, 0x35, 0x51, 0xc, 0x1f, 0xb6,
    0xd9, 0x74, 0x17, 0xc6, 0xe4, 0xec, 0xc0, 0x2b,
    0xc7, 0x8, 0xfd, 0x75, 0x97, 0x37, 0xfd, 0x85,
    0x6c, 0x9, 0x0, 0xe1, 0xf, 0x80, 0xd, 0x61,
    0x34, 0x1, 0x88, 0xdc, 0x3, 0xe6, 0x0, 0xe2,
    0x9, 0x0, 0xf3, 0x18, 0x7, 0xff, 0xfc, 0x3,
    0xff, 0xfe, 0x1, 0xff, 0xc5, 0x10, 0xe, 0x10,
    0xf, 0xef, 0x0, 0xf0, 0x80, 0x6a, 0xd6, 0xe,
    0xc2, 0x4, 0xce, 0x7, 0xd7, 0x0, 0x66, 0xa0,
    0x76, 0x0,

    /* U+006E "n" */
    0x16, 0xac, 0x0, 0x14, 0xf7, 0xe2, 0x0, 0x55,
    0x44, 0x30, 0x6f, 0x1b, 0x82, 0xb2, 0x0, 0x5e,
    0x38, 0x47, 0x6c, 0x2b, 0xe8, 0x50, 0x6, 0x10,
    0xf8, 0x0, 0xc6, 0x46, 0x1, 0xe6, 0x0, 0xf0,
    0xb8, 0x7, 0xff, 0x5, 0xc4, 0x3, 0xff, 0xfa,
    0xe0, 0x1f, 0xfc, 0x81, 0x0, 0xfe, 0x30, 0x5,
    0x6b, 0x7, 0x61, 0x0, 0x33, 0x8c, 0x7b, 0x0,

    /* U+006F "o" */
    0x0, 0x8a, 0x77, 0x6a, 0x30, 0xe, 0x6c, 0xfd,
    0xdb, 0xf6, 0x0, 0x24, 0x9b, 0x60, 0x9, 0x71,
    0xdc, 0x0, 0x94, 0x50, 0xe, 0x26, 0x81, 0x42,
    0xd0, 0xf, 0xa8, 0x18, 0xc1, 0x40, 0x3e, 0x30,
    0xce, 0x2, 0x0, 0xfe, 0x70, 0xf, 0xf8, 0x43,
    0x80, 0x80, 0x3f, 0xb, 0x98, 0x30, 0x7, 0xc6,
    0x18, 0x83, 0xc0, 0x1f, 0x58, 0x30, 0x5a, 0x20,
    0x3, 0x89, 0xdc, 0x20, 0xb1, 0x4a, 0x1, 0x27,
    0xb4, 0x0, 0x4f, 0xb9, 0x9b, 0xa6, 0x40, 0x0,

    /* U+0070 "p" */
    0x16, 0xac, 0x1, 0x8d, 0xfd, 0x81, 0x0, 0x56,
    0xa1, 0xa6, 0xeb, 0xf6, 0xdb, 0x4, 0x2e, 0xcc,
    0x1b, 0x8a, 0x44, 0x6c, 0x2a, 0x0, 0xe8, 0x0,
    0xe2, 0x84, 0x40, 0x3, 0xc0, 0x3f, 0x30, 0x68,
    0x7, 0xfc, 0x20, 0xa0, 0x1f, 0xfc, 0x2, 0x10,
    0xf, 0xfe, 0x1, 0x80, 0x7f, 0xf0, 0x45, 0x80,
    0x3f, 0xe2, 0x3, 0x0, 0xff, 0xa8, 0x2c, 0x3,
    0x48, 0x7, 0x1b, 0xa9, 0x80, 0x75, 0xa1, 0x11,
    0xf0, 0xec, 0x3, 0xa7, 0xfd, 0x9b, 0x51, 0x82,
    0x1, 0xe4, 0xbe, 0xfd, 0x70, 0xf, 0xfe, 0xaf,
    0x80, 0x7f, 0xf6, 0xef, 0x5c, 0x3b, 0x64, 0x3,
    0xe0,

    /* U+0071 "q" */
    0x0, 0x8e, 0xbb, 0xf1, 0x40, 0x10, 0x1, 0xcf,
    0x81, 0xbd, 0xf9, 0x4a, 0xa0, 0xc, 0xb1, 0xa,
    0x31, 0x39, 0xea, 0x0, 0xeb, 0x37, 0x0, 0xe4,
    0x21, 0x0, 0x90, 0x68, 0x3, 0xe1, 0x0, 0xc6,
    0x8, 0x1, 0xff, 0xc0, 0xe0, 0x30, 0xf, 0xfe,
    0x78, 0x81, 0x80, 0x7f, 0xf0, 0x34, 0x1c, 0x3,
    0xff, 0x80, 0xa1, 0xc0, 0x1f, 0x10, 0x7, 0x42,
    0x28, 0x7, 0x30, 0x80, 0x73, 0xad, 0x49, 0x92,
    0x57, 0x20, 0x7, 0xaa, 0x8b, 0x98, 0xfe, 0x80,
    0xf, 0xcb, 0x9f, 0xd6, 0x80, 0x1f, 0xff, 0x17,
    0x0, 0xff, 0xe1, 0x88, 0x7, 0xf9, 0x73, 0x8c,
    0xbb, 0x8,

    /* U+0072 "r" */
    0x16, 0xac, 0x0, 0x2f, 0x7e, 0x15, 0x51, 0xc,
    0x1e, 0x58, 0xd, 0xaf, 0x1c, 0xf, 0x31, 0x1d,
    0x88, 0x0, 0x10, 0x8a, 0x0, 0x9, 0x80, 0x71,
    0x88, 0x7, 0xf5, 0x0, 0x7f, 0x8c, 0x3, 0xff,
    0xe6, 0x20, 0x1f, 0xab, 0x58, 0x3b, 0x5c, 0x3,
    0x0,

    /* U+0073 "s" */
    0x0, 0x2d, 0xf6, 0xea, 0x88, 0x0, 0xf7, 0x1d,
    0xba, 0xd, 0x11, 0x44, 0xc, 0x2, 0xb0, 0x1,
    0x1, 0x0, 0x61, 0x10, 0x10, 0x68, 0x7, 0x70,
    0x89, 0x5a, 0xcc, 0x3, 0xd4, 0xe9, 0x9a, 0xe2,
    0x1, 0xa3, 0x9c, 0xe3, 0x94, 0x3, 0xc, 0x75,
    0x95, 0x18, 0x7, 0x93, 0x2, 0x84, 0x40, 0x1c,
    0x24, 0x73, 0x20, 0xf, 0x16, 0x1, 0x80, 0x62,
    0xb4, 0x6e, 0x4d, 0xcc, 0x6f, 0x6d, 0x80,

    /* U+0074 "t" */
    0x0, 0x9b, 0x0, 0x3e, 0xe0, 0xf, 0xc4, 0xe0,
    0x1f, 0x38, 0x7, 0x47, 0x79, 0x27, 0xfd, 0x10,
    0xef, 0x14, 0xff, 0xa0, 0x3, 0xff, 0xfe, 0x1,
    0xfc, 0x6e, 0x1, 0xf2, 0x9a, 0x81, 0xb0, 0x5,
    0xb, 0x7f, 0xa,

    /* U+0075 "u" */
    0x0, 0xff, 0xe2, 0xd, 0xef, 0x58, 0x6, 0x3c,
    0xdf, 0x70, 0x0, 0xd7, 0x8, 0x7, 0x1e, 0xc8,
    0x78, 0x4, 0x26, 0x40, 0x1e, 0x15, 0xf, 0x0,
    0xe3, 0x0, 0xff, 0xff, 0x80, 0x7f, 0xf6, 0x9,
    0x80, 0x3c, 0xc0, 0x1f, 0x29, 0x18, 0x6, 0x6c,
    0x0, 0xfa, 0x83, 0x1d, 0x5f, 0x3e, 0x83, 0x88,
    0x3, 0x1d, 0x9c, 0x5e, 0x44, 0x88, 0x36, 0xc0,

    /* U+0076 "v" */
    0x2d, 0xff, 0xba, 0xc0, 0x7, 0xbf, 0xf5, 0x96,
    0xe8, 0x17, 0xac, 0x0, 0x7b, 0xc3, 0xf6, 0x0,
    0x23, 0x50, 0xf, 0x3b, 0x0, 0x75, 0x2, 0x80,
    0x76, 0xd0, 0x7, 0x30, 0x70, 0x6, 0x17, 0x20,
    0xf, 0x2a, 0x8, 0x4, 0xf6, 0x1, 0xf7, 0x3,
    0x80, 0x5a, 0xc0, 0x1f, 0x20, 0xd0, 0x0, 0x40,
    0x40, 0x3f, 0x31, 0x90, 0x37, 0x0, 0x7f, 0x50,
    0x28, 0x62, 0x80, 0x7f, 0x12, 0x50, 0x88, 0x3,
    0xfe, 0xe2, 0xbe, 0x0, 0xff, 0x94, 0x15, 0x0,
    0x3f, 0xf8, 0xc, 0xc0, 0xf, 0x0,

    /* U+0077 "w" */
    0x1d, 0xff, 0xba, 0x80, 0x13, 0xdf, 0xee, 0xb0,
    0x5, 0xf7, 0xfb, 0x88, 0x77, 0x40, 0xfd, 0x40,
    0x9, 0xe0, 0x7, 0x58, 0x2, 0xf9, 0x6b, 0x88,
    0x0, 0x46, 0xa0, 0x1c, 0x26, 0x8, 0x1, 0xc8,
    0xa0, 0x1d, 0x64, 0x40, 0xc, 0xd2, 0x7a, 0x1,
    0x8d, 0x40, 0x3c, 0xa0, 0xa0, 0x1a, 0xd6, 0xdc,
    0x3, 0x5e, 0x80, 0x78, 0x8e, 0xc0, 0x22, 0x60,
    0x51, 0x40, 0x9, 0x1c, 0x3, 0xeb, 0x31, 0x0,
    0x2f, 0x81, 0x1e, 0x80, 0x4, 0x4, 0x3, 0xe5,
    0x7, 0x0, 0x5a, 0x80, 0x2d, 0xc0, 0xf, 0x60,
    0x1f, 0x88, 0xf4, 0x9, 0x80, 0x25, 0x14, 0xc,
    0x50, 0xf, 0xeb, 0x41, 0xae, 0x0, 0x88, 0x9a,
    0xc, 0x40, 0x1f, 0xca, 0x8, 0x90, 0x6, 0xa7,
    0x4b, 0x0, 0xff, 0x11, 0xc3, 0x0, 0x72, 0x8c,
    0xa8, 0x7, 0xfd, 0x65, 0xc0, 0x1c, 0x45, 0x80,
    0x3f, 0xe5, 0x14, 0x0, 0xf2, 0xb8, 0x7, 0x80,

    /* U+0078 "x" */
    0x6f, 0xfd, 0xa2, 0x5, 0xbf, 0xf4, 0x83, 0x7d,
    0x4, 0x68, 0x81, 0x6c, 0x2f, 0xc8, 0x4, 0xaa,
    0x82, 0x0, 0x8e, 0xe8, 0x3, 0xd6, 0x3c, 0x1,
    0x7f, 0x0, 0x7c, 0x36, 0x6e, 0x13, 0x44, 0x1,
    0xf9, 0x55, 0xc, 0x6c, 0x1, 0xfe, 0xb0, 0x9a,
    0x0, 0xff, 0x84, 0x0, 0xe0, 0x1f, 0xf4, 0xd2,
    0x41, 0x0, 0x7f, 0x21, 0xad, 0xf, 0x0, 0x7e,
    0x19, 0xb0, 0x18, 0x37, 0x0, 0xfa, 0xa4, 0x40,
    0xc, 0x90, 0x40, 0x1c, 0xe4, 0x80, 0x1a, 0x83,
    0x80, 0x28, 0xf8, 0x6c, 0x30, 0x5, 0x60, 0x1f,
    0xe0, 0x0,

    /* U+0079 "y" */
    0x2c, 0xff, 0xb6, 0x80, 0x5, 0x9d, 0xfe, 0xc0,
    0x2c, 0xd0, 0x6d, 0xa0, 0x1, 0x67, 0x17, 0x60,
    0x4, 0x46, 0xe0, 0x1e, 0x36, 0x10, 0xe, 0xa1,
    0x40, 0xe, 0xae, 0x0, 0xf3, 0x7, 0x0, 0x72,
    0x28, 0x7, 0xca, 0xa0, 0xc, 0x88, 0x0, 0xfd,
    0xc0, 0xc0, 0x16, 0xe8, 0x3, 0xf2, 0x16, 0x80,
    0x48, 0x80, 0xf, 0xea, 0x41, 0x4, 0x50, 0xf,
    0xf3, 0x3, 0x7, 0x50, 0x7, 0xf8, 0x52, 0x81,
    0x88, 0x3, 0xfe, 0xe2, 0x8b, 0x0, 0xff, 0xe0,
    0x28, 0xbb, 0x0, 0x7f, 0xf0, 0x50, 0x4, 0x3,
    0xff, 0x82, 0x70, 0x1, 0xff, 0xc2, 0x27, 0x0,
    0xff, 0xe0, 0x99, 0x0, 0x7f, 0xf0, 0xa2, 0x0,
    0x1f, 0xc2, 0x20, 0x3, 0x18, 0x80, 0x7e, 0x2e,
    0xe4, 0x3e, 0xc0, 0x7, 0xf1, 0x28, 0x3e, 0xd8,
    0x7, 0xf8,

    /* U+007A "z" */
    0x9f, 0xdd, 0xf7, 0xf9, 0x8d, 0x37, 0x7c, 0x64,
    0xc1, 0x80, 0x1d, 0x7, 0x20, 0x26, 0x1, 0x8d,
    0xd9, 0x2, 0xd0, 0x3, 0x71, 0x48, 0x7, 0xd0,
    0x5c, 0x1, 0xf1, 0xbb, 0x8c, 0x3, 0xee, 0x28,
    0x0, 0xfa, 0x4b, 0x80, 0x3e, 0x36, 0x73, 0x0,
    0xca, 0x0, 0xe2, 0x80, 0xc, 0x70, 0x12, 0x5e,
    0x1, 0xc8, 0x28, 0xd0, 0x40, 0x1d, 0xaf, 0x1,
    0x59, 0x9e, 0x51,

    /* U+007B "{" */
    0x0, 0x8a, 0xbb, 0xec, 0x0, 0x5a, 0x5f, 0xeb,
    0x0, 0x51, 0x40, 0x80, 0x62, 0x60, 0xf, 0x1b,
    0x80, 0x7b, 0xc8, 0x3, 0xce, 0x24, 0x1, 0xc2,
    0x68, 0x1, 0xe4, 0xe0, 0xf, 0x70, 0x80, 0x7b,
    0x30, 0x1, 0x8e, 0x81, 0x40, 0x2c, 0xec, 0xa0,
    0xd, 0x9f, 0xeb, 0x0, 0xe2, 0x91, 0x60, 0xf,
    0x67, 0x80, 0x7b, 0x84, 0x3, 0xcb, 0xc0, 0x1c,
    0x24, 0x80, 0x1c, 0xe2, 0x40, 0x1d, 0xe4, 0x1,
    0xe3, 0x70, 0xf, 0x12, 0x80, 0x7a, 0x42, 0x88,
    0x3, 0xe, 0x1f, 0x6d, 0x0,

    /* U+007C "|" */
    0x98, 0x0, 0xff, 0xf6, 0x0,

    /* U+007D "}" */
    0x2e, 0xfd, 0x80, 0xc, 0x5d, 0xfe, 0x4b, 0x0,
    0xf1, 0x7a, 0x18, 0x7, 0x88, 0x18, 0x3, 0xc6,
    0xc, 0x1, 0xe6, 0x2, 0x0, 0xf1, 0x98, 0x40,
    0x3d, 0x96, 0x1, 0xf2, 0xa8, 0x3, 0xf1, 0x80,
    0x7c, 0xa8, 0x1, 0xf4, 0xc3, 0x88, 0x7, 0x16,
    0x77, 0xb8, 0x6, 0x2d, 0xfe, 0x70, 0xd, 0x30,
    0xc0, 0x1e, 0x55, 0x0, 0x7e, 0x20, 0xf, 0x95,
    0x0, 0x3e, 0xcb, 0x0, 0xf8, 0xcc, 0x20, 0x1e,
    0x60, 0x20, 0xf, 0x18, 0x30, 0x7, 0x88, 0x18,
    0x3, 0x93, 0x90, 0xc0, 0x5, 0xba, 0x8a, 0xb0,
    0x8,

    /* U+007E "~" */
    0x0, 0x4f, 0x6b, 0x0, 0x73, 0x90, 0x58, 0x64,
    0xdc, 0x80, 0x6a, 0x2, 0x59, 0x24, 0xd5, 0xa1,
    0x7, 0x62, 0x67, 0x0, 0xd8, 0x1d, 0xf7, 0x40,
    0x92, 0x1, 0xd5, 0xfe, 0xc1, 0x0,

    /* U+00B7 "·" */
    0x9, 0xc2, 0x23, 0x1d, 0x12, 0xd, 0x80,

    /* U+3002 "。" */
    0x3, 0xcd, 0xd3, 0x80, 0xf, 0xfb, 0x75, 0xd2,
    0x11, 0xe4, 0x0, 0x94, 0x16, 0x30, 0xc, 0xe4,
    0xc6, 0x1, 0x9c, 0xa3, 0xc8, 0x1, 0x2a, 0x27,
    0xfd, 0xba, 0xe8, 0x0,

    /* U+300A "《" */
    0x0, 0xfa, 0x80, 0x3, 0x20, 0x1e, 0x50, 0xa,
    0xfc, 0x3, 0xd1, 0x0, 0x36, 0x60, 0x7, 0x3a,
    0x90, 0x7f, 0x80, 0x38, 0x6a, 0x1, 0x58, 0xc0,
    0x3a, 0xec, 0x0, 0x88, 0x0, 0x71, 0xb3, 0x2,
    0x14, 0x80, 0x3b, 0xfc, 0x2, 0xb0, 0x1, 0xca,
    0xc6, 0x17, 0x0, 0x1e, 0x88, 0x1, 0xb2, 0x80,
    0x74, 0x29, 0x7, 0xf8, 0x3, 0x89, 0x60, 0x19,
    0x86, 0x1, 0xc2, 0x20, 0x7, 0x10, 0x7, 0x8d,
    0x98, 0x10, 0xa2, 0x1, 0xeb, 0xb0, 0x2, 0x2c,
    0x3, 0xc2, 0xb0, 0xa, 0xc6, 0x1, 0xe8, 0x52,
    0xf, 0xf0, 0x7, 0xd1, 0x0, 0x36, 0x60, 0x7,
    0x95, 0x8c, 0x2e, 0xc0, 0x1f, 0x7f, 0x80, 0x6a,
    0x0, 0x3c, 0x6c, 0xc0, 0x75, 0x20, 0xf, 0x5d,
    0x80, 0x11, 0x0, 0xf, 0xd, 0x40, 0x2b, 0x20,
    0x7, 0x9d, 0x40, 0x1f, 0xe0, 0xf, 0xb4, 0x0,
    0x76,

    /* U+300B "》" */
    0x91, 0x0, 0x50, 0x7, 0xdf, 0x60, 0x12, 0x80,
    0x79, 0x98, 0x61, 0x10, 0x0, 0xfb, 0xfc, 0x4,
    0xae, 0x1, 0xe3, 0x65, 0x8, 0xa1, 0x0, 0xf4,
    0x40, 0x1, 0x76, 0x0, 0xf1, 0x2c, 0x3, 0x30,
    0xc0, 0x3d, 0xa, 0x21, 0xfe, 0x0, 0xfa, 0xec,
    0x6, 0xca, 0x1, 0xe6, 0x61, 0x84, 0x40, 0x3,
    0xef, 0xf0, 0x12, 0xc0, 0x7, 0x8d, 0x94, 0x21,
    0x48, 0x3, 0xc5, 0xa0, 0x1, 0x10, 0x7, 0xa,
    0xc0, 0x33, 0xc, 0x3, 0xae, 0x0, 0x17, 0x60,
    0xe, 0x36, 0x50, 0x85, 0x10, 0xe, 0xff, 0x1,
    0x2c, 0x0, 0x73, 0x30, 0xc2, 0x20, 0x1, 0xeb,
    0xb0, 0x1b, 0x28, 0x7, 0x45, 0x8, 0x7f, 0x80,
    0x38, 0x95, 0xc1, 0x98, 0x60, 0x1d, 0x10, 0x0,
    0x5d, 0x80, 0x39, 0x19, 0x42, 0x28, 0x40, 0x3b,
    0xfc, 0x0, 0x57, 0x0, 0xf5, 0x98, 0x3, 0x40,
    0x3e,

    /* U+4E01 "丁" */
    0x0, 0xff, 0xe4, 0x98, 0x7, 0xff, 0x29, 0x32,
    0x41, 0x73, 0x3f, 0xdd, 0xf9, 0x9f, 0x49, 0x23,
    0x2e, 0x67, 0xfb, 0x47, 0x33, 0xed, 0xd9, 0x80,
    0x3f, 0xff, 0xe0, 0x1f, 0xff, 0xf0, 0xf, 0xff,
    0xf8, 0x7, 0xff, 0xfc, 0x3, 0xff, 0xfe, 0x1,
    0xff, 0xc8, 0x70, 0xf, 0xfe, 0x31, 0x3c, 0x5e,
    0x52, 0x80, 0x7f, 0xf1, 0x49, 0xe2, 0xdd, 0xd4,
    0x1, 0xff, 0x0,

    /* U+4E1C "东" */
    0x0, 0xfe, 0x21, 0x0, 0xff, 0xe5, 0x76, 0x10,
    0x7, 0xff, 0x20, 0xcd, 0x84, 0x1, 0xff, 0xc8,
    0x96, 0x10, 0xf, 0xf1, 0x0, 0x7f, 0x12, 0xd8,
    0x7, 0xf8, 0xf6, 0x81, 0x33, 0x3d, 0xa1, 0xd9,
    0x9f, 0xef, 0x36, 0x62, 0x66, 0x77, 0x6, 0xe6,
    0x7f, 0xf0, 0x98, 0x3, 0xd0, 0xc4, 0x1, 0x19,
    0x0, 0x7f, 0xf0, 0xc9, 0x60, 0x3, 0x6d, 0x80,
    0x7f, 0xf0, 0xe5, 0xc4, 0x3, 0xa8, 0x3, 0xff,
    0x84, 0x6b, 0x0, 0x1f, 0xfc, 0x9f, 0x80, 0xf,
    0xfe, 0xb, 0x40, 0x7, 0x17, 0x9f, 0xcc, 0xf8,
    0x7a, 0x67, 0xcf, 0x60, 0x18, 0xa6, 0x2a, 0xbe,
    0xb, 0xaa, 0xec, 0xc4, 0x80, 0x73, 0x39, 0x91,
    0xc, 0xf0, 0xa9, 0x9f, 0xc4, 0x1, 0xfa, 0xbd,
    0x0, 0x3e, 0x85, 0x0, 0xff, 0x95, 0x29, 0x0,
    0x3e, 0x8d, 0xb2, 0x0, 0xfc, 0x36, 0xe8, 0x1,
    0xfd, 0x1b, 0x88, 0x1, 0xf6, 0xac, 0x0, 0x7f,
    0xcd, 0x16, 0xc0, 0x1d, 0x2f, 0x60, 0x1f, 0xfc,
    0x16, 0x79, 0x40, 0xa, 0x4e, 0xc0, 0x3f, 0xf8,
    0x70, 0x94, 0x0, 0x91, 0xa0, 0xf, 0xfe, 0x2d,
    0xa, 0x45, 0x40, 0x7, 0x2c, 0x4c, 0x84, 0x40,
    0x1f, 0xe, 0x24, 0x18, 0x7, 0x96, 0x35, 0x20,
    0x80, 0x3f, 0x18, 0x0,

    /* U+4E4B "之" */
    0x0, 0xfe, 0x42, 0x0, 0xff, 0xe5, 0xa7, 0x30,
    0x7, 0xff, 0x2f, 0x62, 0x0, 0x1f, 0xfc, 0xa1,
    0xa7, 0x40, 0xf, 0xfe, 0x52, 0x23, 0x80, 0x3f,
    0xf9, 0x7f, 0x80, 0x1f, 0x10, 0x7, 0x2c, 0x47,
    0xf6, 0x74, 0x47, 0xbf, 0x8, 0x3, 0x25, 0xdf,
    0xff, 0x10, 0x82, 0x0, 0x38, 0x4c, 0xff, 0xf8,
    0x6c, 0xb4, 0xc4, 0x1, 0xff, 0xc7, 0x4a, 0x95,
    0x0, 0xff, 0xe4, 0x2d, 0xcb, 0x0, 0x7f, 0xf2,
    0x1a, 0xa8, 0xc0, 0x1f, 0xfc, 0x89, 0xbd, 0x50,
    0xf, 0xfe, 0x39, 0x61, 0x61, 0x0, 0x7f, 0xf1,
    0xdb, 0x2a, 0xc4, 0x3, 0xff, 0x8c, 0x35, 0xb8,
    0xc0, 0x1f, 0xfc, 0x75, 0xdf, 0xb2, 0x0, 0xff,
    0xe3, 0x1d, 0x16, 0x28, 0x7, 0xff, 0x18, 0xfe,
    0x29, 0xc0, 0x3f, 0xf8, 0xe9, 0xfa, 0xa, 0x1,
    0xff, 0xc7, 0x4a, 0xf2, 0xbe, 0xa2, 0x0, 0xff,
    0xe2, 0x2d, 0xc1, 0x80, 0x2f, 0x73, 0x10, 0xc8,
    0x66, 0x22, 0xf1, 0x9c, 0x1e, 0xcc, 0x0, 0xcf,
    0xd2, 0x1b, 0x3b, 0x9b, 0xbe, 0xcd, 0x0, 0x55,
    0x80, 0x7c, 0xb1, 0x7b, 0xdf, 0xff, 0xb8, 0xc0,

    /* U+4E54 "乔" */
    0x0, 0xff, 0xe3, 0x23, 0x0, 0x7f, 0xf1, 0x8d,
    0xa7, 0x7e, 0xed, 0x0, 0x1f, 0xc4, 0x6a, 0xf3,
    0x9f, 0xed, 0xc1, 0x8c, 0xfd, 0x80, 0xf, 0x9a,
    0x15, 0x40, 0x77, 0xb2, 0x3d, 0x50, 0xa6, 0x1,
    0xfe, 0x68, 0x76, 0x54, 0x21, 0xd4, 0x0, 0xff,
    0xe5, 0xa7, 0x0, 0x7f, 0xf2, 0x9c, 0x90, 0x3,
    0xfa, 0xcc, 0x0, 0x97, 0x7f, 0xa0, 0xae, 0xee,
    0xbb, 0xed, 0x4c, 0x30, 0x4a, 0xaf, 0x8c, 0x3a,
    0xaa, 0x48, 0xaa, 0xd9, 0xdc, 0x30, 0x0, 0x8f,
    0x8d, 0xf0, 0x47, 0x5c, 0x8, 0xfc, 0x1, 0xfd,
    0x2e, 0x60, 0x18, 0x76, 0xc0, 0x3f, 0xf8, 0x54,
    0x10, 0x1, 0xe6, 0x2c, 0x20, 0xf, 0xfa, 0x7,
    0xf9, 0x40, 0x3a, 0xcd, 0x75, 0xc0, 0x3f, 0xa8,
    0x6c, 0xd, 0x40, 0x39, 0x7a, 0x72, 0xbe, 0x50,
    0x40, 0x22, 0xbe, 0x90, 0xf, 0xf3, 0x81, 0xec,
    0xad, 0xc8, 0x2, 0x2a, 0x88, 0x1, 0xff, 0xc3,
    0x6c, 0xd8, 0x7, 0x98, 0x10, 0x8, 0x44, 0x1,
    0xff, 0xc1, 0x20, 0x3, 0x88, 0x7, 0x13, 0x0,
    0x7f, 0xf2, 0xf3, 0x0, 0x1f, 0xfc, 0xa2, 0x57,
    0x0, 0xff, 0xe5, 0x74, 0x8, 0x7, 0xff, 0x26,
    0xd1, 0x80, 0x3f, 0xf9, 0x9, 0x7d, 0x0, 0x1f,
    0xfc, 0x75, 0x93, 0xb5, 0x0, 0xfe, 0x31, 0x0,
    0xfe, 0x59, 0x70, 0xf, 0xfb, 0x48, 0x3, 0xe0,

    /* U+4E5F "也" */
    0x0, 0xff, 0xe0, 0xe4, 0x80, 0x7f, 0xf2, 0xce,
    0x80, 0x3f, 0xf8, 0x97, 0x20, 0x1f, 0xfc, 0xb5,
    0xd0, 0xf, 0xfe, 0x63, 0x80, 0x7f, 0xf0, 0xa,
    0xc4, 0x3, 0xff, 0x90, 0xb7, 0xe8, 0xc0, 0x1f,
    0xfc, 0x55, 0xac, 0x2a, 0xf1, 0x70, 0xf, 0xfe,
    0x12, 0x6, 0x14, 0x63, 0x88, 0x8c, 0x3, 0xff,
    0x80, 0x93, 0x98, 0xc, 0x72, 0x0, 0xc2, 0x1,
    0xfc, 0x3f, 0x98, 0xbc, 0x80, 0xf, 0x9d, 0xc0,
    0x1e, 0x38, 0xc0, 0xac, 0x82, 0x0, 0xfe, 0x21,
    0x0, 0xd1, 0x95, 0x78, 0x2a, 0x1, 0xff, 0xc0,
    0x12, 0x0, 0xd7, 0x92, 0x60, 0x1f, 0xfc, 0x3e,
    0xe0, 0x6, 0x30, 0xf, 0xfe, 0x32, 0x28, 0x7,
    0xff, 0x28, 0xc8, 0xc0, 0x3f, 0xf8, 0xe4, 0x9f,
    0x90, 0x1, 0xff, 0xc6, 0x10, 0x24, 0xbd, 0x70,
    0x2, 0x80, 0x7f, 0xf0, 0xb0, 0x80, 0x24, 0x20,
    0xb, 0x40, 0x3f, 0xf8, 0x46, 0x1, 0xfc, 0x60,
    0x1f, 0xfc, 0xb2, 0x70, 0xf, 0xfe, 0x5b, 0x80,
    0x7e, 0x29, 0x20, 0xf, 0xf0, 0x88, 0xe4, 0x88,
    0x1, 0xef, 0x1d, 0xff, 0xff, 0x77, 0x30, 0x88,
    0xe0, 0x1e, 0x3b, 0xff, 0xff, 0xe1, 0x76, 0x28,

    /* U+4E86 "了" */
    0x0, 0xff, 0xe3, 0xb0, 0x0, 0xae, 0xff, 0xf8,
    0xbf, 0x38, 0x25, 0x77, 0xff, 0xc4, 0xd0, 0x4e,
    0x10, 0xf, 0xfe, 0x24, 0x42, 0xac, 0x80, 0x3f,
    0xf8, 0x63, 0x63, 0xea, 0x1, 0xff, 0xc4, 0x4a,
    0x89, 0x10, 0xf, 0xfe, 0x10, 0x8a, 0xa, 0xcc,
    0x3, 0xff, 0x89, 0xbd, 0x2c, 0x1, 0xff, 0xc7,
    0xa1, 0x0, 0xff, 0xff, 0x80, 0x7f, 0xff, 0xc0,
    0x3f, 0xff, 0xe0, 0x1f, 0xfd, 0x81, 0x0, 0xff,
    0xe2, 0x33, 0xd5, 0xd8, 0x98, 0x3, 0xff, 0x86,
    0xcf, 0x46, 0xf2, 0x60, 0x1f, 0xe0,

    /* U+4ED6 "他" */
    0x0, 0xf3, 0x10, 0x7, 0xc6, 0x20, 0x1f, 0xfc,
    0x11, 0x98, 0x10, 0xf, 0x65, 0x80, 0x7f, 0xf0,
    0x5c, 0x28, 0x44, 0x62, 0x1, 0xa4, 0x3, 0xff,
    0x83, 0x4c, 0x0, 0x2c, 0x40, 0xf, 0xfe, 0x29,
    0x1d, 0x80, 0x42, 0xa0, 0x1f, 0xfc, 0x5b, 0x42,
    0x0, 0xff, 0xe0, 0x8e, 0x98, 0x7, 0xb, 0x40,
    0x7, 0xff, 0x1, 0x6f, 0x4a, 0x0, 0x3a, 0x1,
    0xc0, 0x3f, 0xdd, 0x85, 0x38, 0x10, 0x1, 0x85,
    0x81, 0x0, 0x3c, 0x93, 0xa1, 0x18, 0xe4, 0x0,
    0x10, 0xd, 0x26, 0x20, 0x19, 0x7, 0x75, 0x5a,
    0xc, 0x1, 0xfc, 0x4b, 0x0, 0x2, 0x8c, 0xa0,
    0xd9, 0x30, 0xf, 0xfe, 0x4, 0xf3, 0x80, 0x2b,
    0x73, 0x84, 0x3, 0xf8, 0x40, 0xc0, 0xd, 0xa6,
    0x1, 0x42, 0x80, 0x7f, 0xf0, 0x84, 0x0, 0xac,
    0x1, 0xff, 0xc6, 0x21, 0x0, 0x8c, 0x3, 0xff,
    0x8e, 0xc4, 0x1, 0xff, 0xc7, 0x75, 0x32, 0xe5,
    0x0, 0xff, 0xe3, 0xb8, 0xd6, 0xa5, 0x0, 0x7f,
    0xf2, 0x12, 0x65, 0xc6, 0x4, 0x1, 0xff, 0xc8,
    0x61, 0x3, 0x70, 0xf, 0xfe, 0x24, 0x98, 0x7,
    0x28, 0x7, 0xff, 0x15, 0x80, 0x3d, 0xe0, 0x1f,
    0xf0, 0x89, 0x44, 0x7f, 0x11, 0xbe, 0x0, 0x7f,
    0x89, 0xe3, 0xbb, 0xf6, 0xe8, 0xcc, 0x1, 0xc4,
    0x1, 0xd1, 0xbf, 0xff, 0xdd, 0xb4, 0x0,

    /* U+4EE5 "以" */
    0x0, 0xe3, 0x0, 0xff, 0x33, 0x8, 0x2, 0x3f,
    0x70, 0x0, 0xd8, 0x80, 0x7e, 0xac, 0x20, 0x9,
    0x41, 0xc0, 0x5, 0xb8, 0x20, 0x1f, 0xb4, 0x3,
    0x28, 0x80, 0x66, 0x66, 0x80, 0x7c, 0x22, 0x0,
    0xff, 0xa4, 0xe0, 0x3, 0xc6, 0x60, 0xf, 0xf8,
    0x99, 0xc8, 0x3, 0x84, 0x3, 0xff, 0x83, 0x1,
    0x40, 0x1e, 0x10, 0xf, 0xfe, 0x0, 0xaa, 0x0,
    0x61, 0x6, 0x0, 0xff, 0xe0, 0xf5, 0x80, 0x62,
    0x2, 0x0, 0xff, 0xe0, 0xa3, 0x80, 0x66, 0x10,
    0xf, 0xfe, 0x46, 0x90, 0x7, 0xff, 0x21, 0x10,
    0x1, 0xff, 0xc7, 0x13, 0xc0, 0xf, 0xfe, 0x10,
    0x88, 0x2, 0x71, 0x40, 0xf, 0xfe, 0xb, 0x48,
    0x80, 0x50, 0x20, 0x1f, 0xfc, 0x2, 0xb3, 0x80,
    0x9, 0xc2, 0xb0, 0x40, 0x3f, 0xa2, 0x69, 0x40,
    0x22, 0x8b, 0x5a, 0xf2, 0x0, 0xf2, 0x68, 0x58,
    0x80, 0x43, 0x90, 0xa0, 0xc9, 0xe2, 0x0, 0x71,
    0xa9, 0xe8, 0x0, 0xc7, 0x92, 0xe0, 0x15, 0x9d,
    0x0, 0x2c, 0x1, 0xa6, 0x1, 0x9b, 0x61, 0xc0,
    0x30, 0xc2, 0x28, 0x2a, 0x50, 0x6, 0x2b, 0xcf,
    0x50, 0xf, 0x31, 0x48, 0x55, 0x80, 0x47, 0x51,
    0x34, 0x20, 0x1f, 0xa8, 0xc0, 0x32, 0x55, 0xc5,
    0x10, 0x7, 0xf9, 0x4c, 0x3, 0x2d, 0x41, 0x0,
    0x7f, 0xf0, 0xb, 0x0,

    /* U+514B "克" */
    0x0, 0xff, 0xb2, 0xc8, 0x3, 0xff, 0x94, 0x5e,
    0x40, 0x1f, 0xfd, 0x31, 0xb2, 0x0, 0xa6, 0x7f,
    0xc3, 0x53, 0x3f, 0x6a, 0x69, 0x80, 0x2e, 0xff,
    0xc1, 0x37, 0x7f, 0x76, 0xe8, 0xc0, 0x4, 0x5f,
    0xe1, 0x32, 0x2f, 0xf0, 0x7, 0xff, 0x4d, 0x9d,
    0x13, 0x87, 0x51, 0x3b, 0xa8, 0x3, 0xf8, 0x68,
    0xcf, 0xa3, 0x8c, 0xf8, 0x58, 0xc0, 0x3f, 0x99,
    0xdf, 0xff, 0x80, 0x96, 0x60, 0x1f, 0xff, 0xf0,
    0xf, 0xe7, 0x11, 0xff, 0xe0, 0x38, 0x7, 0xfc,
    0x77, 0x6f, 0xeb, 0xbb, 0x3a, 0xee, 0x30, 0xf,
    0xf1, 0x3d, 0x52, 0x4a, 0xaa, 0xe1, 0xaa, 0x98,
    0xc0, 0x3f, 0x96, 0x0, 0x1a, 0xe0, 0x1f, 0xa5,
    0x0, 0x3f, 0xf8, 0x29, 0x80, 0x1f, 0xfc, 0xa4,
    0x17, 0x0, 0xff, 0xe5, 0x43, 0x88, 0x7, 0xff,
    0x0, 0x50, 0x3, 0xe7, 0x18, 0x0, 0xff, 0xe0,
    0x91, 0x0, 0x3c, 0xf5, 0xe0, 0x1f, 0xfc, 0x25,
    0x0, 0xe2, 0xbc, 0xc1, 0x0, 0x78, 0x40, 0x3e,
    0xce, 0x0, 0x1c, 0xcb, 0xec, 0x40, 0x3c, 0x65,
    0xff, 0xf2, 0xa0, 0x22, 0xc5, 0xa0, 0x7, 0xf6,
    0xff, 0x76, 0xff, 0xb0, 0x0,

    /* U+518D "再" */
    0x0, 0xff, 0xf1, 0x97, 0x18, 0x4, 0x59, 0x9f,
    0xef, 0xf6, 0x67, 0xe1, 0xc2, 0x0, 0x16, 0x67,
    0xf8, 0x73, 0x3f, 0x77, 0xf8, 0x80, 0x3f, 0xfc,
    0x66, 0x1, 0xfc, 0x5e, 0xef, 0xe1, 0x87, 0x7e,
    0x8c, 0xa0, 0xf, 0xf1, 0x17, 0x80, 0xc8, 0xbb,
    0x40, 0x4, 0x1, 0xfc, 0xab, 0xe1, 0xb5, 0x5f,
    0x4, 0x10, 0x7, 0xff, 0xc7, 0x33, 0xc3, 0x99,
    0xf0, 0x7, 0xff, 0x3, 0x33, 0xc3, 0x99, 0xf0,
    0x7, 0xff, 0xfc, 0x3, 0xa3, 0x44, 0x1, 0x79,
    0x8d, 0xc, 0xcf, 0xf, 0x66, 0x78, 0x35, 0x4e,
    0x80, 0x17, 0x98, 0xd0, 0xcc, 0xf7, 0xee, 0x67,
    0x83, 0x75, 0xd6, 0x1, 0xff, 0xff, 0x0, 0xff,
    0xf0, 0xb4, 0x55, 0xd8, 0xc, 0x3, 0xf8, 0x80,
    0x3f, 0x9a, 0x28, 0x5a, 0x44, 0x3, 0x0,

    /* U+5199 "写" */
    0x0, 0xff, 0xe7, 0xc0, 0x7, 0xff, 0x14, 0xd0,
    0x2, 0x17, 0xaa, 0xff, 0xe2, 0xe5, 0x98, 0x1,
    0x8a, 0x23, 0xff, 0x89, 0x20, 0x80, 0x1, 0x95,
    0x22, 0xf, 0x39, 0x17, 0xfc, 0xc3, 0x46, 0x5e,
    0x32, 0x0, 0x52, 0x40, 0xf, 0xfb, 0xa8, 0x40,
    0x53, 0x4, 0x1, 0xe8, 0x20, 0x1f, 0xf6, 0xa0,
    0x0, 0xe8, 0xc0, 0x25, 0xd0, 0xf, 0xf6, 0x53,
    0x0, 0x7f, 0x1c, 0x66, 0x7f, 0x81, 0x98, 0x1,
    0xf8, 0x83, 0xb3, 0x3f, 0xf8, 0xc, 0x1, 0xf9,
    0x8, 0x40, 0x3f, 0xf9, 0x38, 0xe0, 0x1f, 0xf0,
    0x98, 0x7, 0xe6, 0x55, 0x66, 0x7f, 0xdd, 0x8a,
    0x1, 0xf3, 0x3e, 0xe6, 0x7f, 0xce, 0xaa, 0x0,
    0xfd, 0x4, 0x1, 0xff, 0x9, 0x0, 0x7f, 0xf1,
    0x90, 0x40, 0x5, 0xe0, 0x18, 0x48, 0xbf, 0xf8,
    0x9, 0x78, 0x40, 0xc6, 0x1, 0x96, 0xef, 0xff,
    0x81, 0xac, 0x88, 0x2, 0x60, 0xc, 0x93, 0x3f,
    0xfc, 0x36, 0x30, 0x20, 0xf, 0xfe, 0x4a, 0x98,
    0x7, 0xff, 0x2b, 0x6c, 0x3, 0xff, 0x92, 0x48,
    0xa0, 0x1f, 0xfc, 0x46, 0x8a, 0xbb, 0x62, 0x90,
    0x7, 0xff, 0x11, 0xa2, 0x85, 0x5a, 0x80, 0x3c,

    /* U+51EF "凯" */
    0x0, 0xe3, 0x84, 0x0, 0xff, 0xe5, 0x32, 0xa8,
    0x3, 0x84, 0x40, 0x19, 0x40, 0x3d, 0xb4, 0x20,
    0x10, 0x80, 0xf4, 0x82, 0x75, 0xdd, 0x95, 0x60,
    0x1c, 0x58, 0x20, 0x1e, 0x19, 0x0, 0x15, 0xdd,
    0x81, 0xa0, 0x1e, 0x10, 0xf, 0xfe, 0x2a, 0x0,
    0x78, 0xc0, 0x3f, 0xf9, 0x8e, 0x1, 0xff, 0xca,
    0x40, 0xcc, 0xac, 0xb3, 0x20, 0xf, 0xfe, 0x1a,
    0x67, 0xe6, 0x3b, 0xf3, 0x1a, 0xa0, 0x1f, 0xfc,
    0x33, 0x0, 0xf8, 0xa8, 0x3, 0xff, 0x84, 0x77,
    0x7f, 0xb6, 0x80, 0x3f, 0xf8, 0x47, 0x55, 0xf8,
    0x24, 0x3, 0xff, 0x86, 0x23, 0xf8, 0x4, 0x3,
    0xff, 0xa0, 0x20, 0x1f, 0xf1, 0xd9, 0x17, 0x80,
    0x39, 0xc0, 0x3f, 0xe4, 0x44, 0x47, 0x80, 0x31,
    0x8, 0x7, 0xfc, 0x61, 0x55, 0xeb, 0x20, 0x7,
    0x98, 0x7, 0xfc, 0xe4, 0x1, 0xe4, 0x0, 0x8f,
    0xc0, 0x3f, 0x10, 0x7, 0xff, 0x9, 0x10, 0x1,
    0xf9, 0x40, 0x3f, 0x8a, 0x14, 0x14, 0x88, 0x1,
    0xfb, 0xc0, 0x3e, 0x4b, 0xb4, 0xa8, 0x4c, 0x0,
    0x7e, 0x21, 0x0, 0xe6, 0xde, 0x99, 0x8, 0x3b,
    0x94, 0x3, 0xf3, 0x0, 0x56, 0x5f, 0xbd, 0x44,
    0x0, 0x5b, 0xb0, 0x7, 0xcc, 0x38, 0x40, 0x3,
    0xc, 0xb3, 0x0, 0x9f, 0x30, 0x1, 0xf2, 0xdf,
    0x3b, 0x8, 0x5f, 0x98, 0x6, 0x45, 0x90, 0xf,
    0xd5, 0xff, 0x68, 0x80,

    /* U+51FA "出" */
    0x0, 0xff, 0x4c, 0x0, 0x7f, 0xf2, 0x1f, 0x40,
    0x3f, 0xf8, 0xa, 0xc4, 0x1, 0xe6, 0x0, 0xf2,
    0xa8, 0x40, 0x2f, 0xf1, 0x0, 0x7f, 0xf0, 0x7b,
    0x4, 0x2, 0x57, 0x0, 0xff, 0xe1, 0xf8, 0x7,
    0x28, 0x7, 0xff, 0x21, 0x70, 0x3, 0xff, 0xfe,
    0x1, 0xfe, 0x15, 0x8c, 0xcf, 0xe, 0x67, 0xc8,
    0x1, 0x86, 0xed, 0x99, 0xe1, 0xcc, 0xf9, 0x0,
    0x39, 0x10, 0x1, 0xff, 0xc2, 0x96, 0x0, 0xba,
    0xc4, 0x3, 0xff, 0x84, 0x4b, 0x8c, 0x3, 0xe2,
    0x1, 0xff, 0xc3, 0x31, 0x60, 0x1, 0x80, 0x7f,
    0xf2, 0x50, 0x3, 0xff, 0x90, 0x20, 0x1f, 0xff,
    0x51, 0x0, 0xff, 0xe4, 0x28, 0x66, 0x7e, 0x1e,
    0xcc, 0xfa, 0x48, 0x16, 0x7b, 0x33, 0xef, 0xdc,
    0xcf, 0xa4, 0x80, 0xc, 0x20, 0x1f, 0xfc, 0x57,
    0x0,

    /* U+521B "创" */
    0x0, 0xf8, 0x98, 0x3, 0xff, 0x83, 0x2e, 0x1,
    0xfa, 0xe6, 0x0, 0x3f, 0xf8, 0xc, 0x60, 0x1f,
    0x13, 0x49, 0xb8, 0x7, 0xff, 0x1, 0xc0, 0x3e,
    0x84, 0x6b, 0xcc, 0x8, 0x6, 0x31, 0x0, 0xff,
    0x91, 0x68, 0x1, 0x6f, 0xe4, 0x0, 0x1c, 0x60,
    0xf, 0xfa, 0x68, 0x40, 0x2b, 0x2c, 0x10, 0x9,
    0x80, 0x3f, 0xd4, 0x8a, 0x1, 0xda, 0x14, 0x1,
    0xff, 0xc1, 0x51, 0x90, 0xf, 0xd, 0x21, 0x0,
    0x7f, 0xc7, 0x10, 0x0, 0xf1, 0x92, 0x39, 0x80,
    0x7f, 0x8a, 0x27, 0x33, 0xf6, 0x9c, 0x8, 0x7,
    0xf0, 0xdd, 0x9c, 0x33, 0x3c, 0xce, 0x60, 0x1f,
    0xf0, 0xc8, 0x7, 0xfb, 0xc0, 0x3f, 0xfc, 0xa2,
    0x1, 0xff, 0xcb, 0x33, 0x0, 0x7f, 0xf1, 0xc8,
    0xc8, 0x88, 0xc0, 0x1f, 0xfc, 0x73, 0x69, 0xd3,
    0x30, 0x7, 0xff, 0x1c, 0x56, 0xeb, 0x40, 0xa,
    0x0, 0x21, 0x0, 0xff, 0xe2, 0x28, 0x0, 0x88,
    0x3, 0xa0, 0x1f, 0xfc, 0x86, 0x0, 0xff, 0xe6,
    0x18, 0x7, 0xff, 0x8, 0x40, 0xc4, 0x7c, 0x57,
    0xa0, 0x1f, 0x84, 0x3, 0x11, 0xe7, 0x77, 0xb4,
    0x80, 0x31, 0xc5, 0xd8, 0xc, 0x3, 0xb3, 0xff,
    0xf7, 0x50, 0x4, 0x71, 0x2a, 0xe2, 0x0,

    /* U+5229 "利" */
    0x0, 0xff, 0xe0, 0x2a, 0x0, 0x7e, 0x10, 0xf,
    0xf8, 0xe3, 0xaa, 0x54, 0x3, 0xef, 0xb0, 0xf,
    0x92, 0x3f, 0xe, 0x77, 0x4a, 0x2, 0xa2, 0x1,
    0xa0, 0x0, 0x2b, 0x15, 0x9b, 0xc1, 0x96, 0xe4,
    0x1, 0x2d, 0x18, 0x7, 0xe7, 0x8a, 0xc9, 0x60,
    0xf, 0xe1, 0x20, 0xf, 0x84, 0x80, 0x3f, 0xfe,
    0x18, 0xa0, 0x1f, 0xf2, 0xe6, 0x77, 0x86, 0x65,
    0xa7, 0x4a, 0x1, 0xfe, 0x5c, 0xce, 0x30, 0xcc,
    0xb7, 0xfc, 0xa0, 0x1f, 0xfc, 0x33, 0x30, 0x38,
    0x7, 0xff, 0x26, 0x4c, 0x3a, 0x0, 0x3f, 0xf8,
    0xe6, 0xbc, 0x13, 0xfa, 0x60, 0x1f, 0xfc, 0x5f,
    0x72, 0x0, 0x3a, 0xe2, 0x0, 0x7f, 0xf0, 0xd8,
    0x60, 0x3, 0x42, 0xd0, 0x80, 0x7f, 0xf0, 0x4a,
    0x3c, 0x3, 0xd6, 0xe, 0x1, 0xff, 0xc1, 0xea,
    0x20, 0xf, 0xd, 0x20, 0x7, 0xff, 0x2, 0xa5,
    0x0, 0x3f, 0x21, 0x0, 0x7f, 0xd1, 0xca, 0x1,
    0xff, 0xc0, 0x75, 0x0, 0xf8, 0xad, 0x0, 0x3f,
    0xf8, 0x27, 0x60, 0x1f, 0x11, 0x80, 0x7f, 0xfd,
    0x9e, 0x2a, 0x82, 0x20, 0xf, 0xe1, 0x10, 0x7,
    0xe7, 0x8f, 0x47, 0x20, 0xf, 0xee, 0x20, 0xf,
    0xf2, 0xf4, 0x0, 0x0,

    /* U+5230 "到" */
    0x0, 0xff, 0xe0, 0x90, 0x7, 0xc9, 0x8a, 0x24,
    0x5f, 0xf4, 0x6b, 0x0, 0x78, 0x44, 0xaa, 0x88,
    0xef, 0x98, 0x8c, 0x4b, 0x82, 0x58, 0xe0, 0x1c,
    0x95, 0x5a, 0xcd, 0x26, 0xab, 0xc2, 0x22, 0x70,
    0xf, 0xf5, 0x7, 0x1a, 0x8, 0x7, 0xff, 0x15,
    0xd7, 0x4, 0x12, 0x98, 0x3, 0xff, 0x86, 0xd5,
    0xe4, 0x1, 0x54, 0x40, 0x3, 0xff, 0x82, 0xd5,
    0x82, 0x1, 0x9, 0xcb, 0xb0, 0x7, 0xfd, 0x32,
    0x5b, 0xb6, 0x6e, 0x5a, 0x91, 0xd8, 0x7, 0xfd,
    0x40, 0x39, 0xfe, 0x8f, 0xa7, 0x5e, 0x30, 0xf,
    0xf8, 0xfe, 0x19, 0x2, 0x9c, 0x2, 0x2e, 0x0,
    0xff, 0xe2, 0x8a, 0x0, 0x7f, 0xf3, 0x8f, 0x8,
    0x3, 0xfe, 0xac, 0xce, 0x1c, 0xcb, 0x4f, 0x4,
    0x3, 0xfd, 0x59, 0x9c, 0x19, 0x97, 0x7f, 0x8,
    0x7, 0xff, 0x10, 0x40, 0x3f, 0xfd, 0x44, 0x25,
    0x80, 0x1f, 0xfc, 0x32, 0x69, 0xba, 0x41, 0x11,
    0x0, 0x7f, 0x8d, 0xbc, 0x7b, 0x83, 0x57, 0x4c,
    0x1, 0xfc, 0xb5, 0xbf, 0x94, 0x97, 0xd8, 0xe6,
    0x1, 0xe1, 0x0, 0x18, 0x80, 0xbd, 0x5f, 0xe4,
    0x20, 0x7, 0xf9, 0x23, 0xa5, 0x81, 0x31, 0xd0,
    0x3, 0xff, 0x84, 0xb1, 0x6f, 0x60,

    /* U+529E "办" */
    0x0, 0xfe, 0x38, 0x50, 0xf, 0xfe, 0x4b, 0x3b,
    0x80, 0x3f, 0xf9, 0x64, 0x1, 0xff, 0xca, 0x10,
    0xf, 0xfe, 0x51, 0x80, 0x7f, 0xf3, 0xc, 0x3,
    0xce, 0x40, 0x1e, 0xcc, 0xfd, 0x25, 0x99, 0xe8,
    0xc1, 0x0, 0xec, 0xcf, 0xce, 0xb9, 0x9e, 0x1a,
    0x10, 0xf, 0xfe, 0x8, 0x98, 0x7, 0x85, 0xc0,
    0x3f, 0x8c, 0x3, 0x10, 0x80, 0x7c, 0x22, 0x0,
    0xfd, 0x40, 0x19, 0xb4, 0x3, 0x84, 0xd, 0xdc,
    0x1, 0xe5, 0x0, 0xc2, 0x4e, 0x1, 0xc6, 0x2,
    0xdb, 0x20, 0x1d, 0xde, 0x1, 0x28, 0x90, 0x7,
    0x8, 0x5, 0x6c, 0xc0, 0x9, 0x12, 0x0, 0xb5,
    0x0, 0x3c, 0xc4, 0x0, 0x17, 0x91, 0x1, 0xa4,
    0x20, 0x9, 0xf8, 0x3, 0xc6, 0x20, 0x14, 0x83,
    0xe, 0x4, 0x80, 0x4a, 0x8, 0x1, 0xee, 0x60,
    0x8, 0x4f, 0x60, 0x34, 0x80, 0x28, 0x80, 0x7,
    0xc4, 0x40, 0xc, 0xb9, 0x3a, 0x60, 0x13, 0x3,
    0x0, 0x7c, 0xdc, 0x1, 0xa5, 0x80, 0x38, 0xa3,
    0xc0, 0x3f, 0x1a, 0x80, 0x7f, 0xdd, 0x64, 0x1,
    0xf1, 0x81, 0x80, 0x7f, 0xae, 0x94, 0x3, 0xf2,
    0x18, 0x7, 0xf0, 0xdf, 0x30, 0x7, 0xf5, 0x58,
    0x7, 0xe3, 0xa9, 0x50, 0xc, 0xb3, 0x79, 0x7a,
    0x6c, 0x1, 0xf2, 0xa5, 0x90, 0x7, 0x2c, 0xdc,
    0xab, 0x60, 0x80, 0x7c, 0xae, 0x1, 0xfe, 0x5e,
    0xb2, 0x0, 0xfc,

    /* U+539F "原" */
    0x0, 0xff, 0xe5, 0x8, 0x7, 0xb, 0x88, 0x7,
    0xff, 0xc, 0xbe, 0xc0, 0x31, 0xc6, 0xdd, 0xff,
    0xf0, 0xe5, 0x41, 0x40, 0x3b, 0x2e, 0xfe, 0x37,
    0x8b, 0xbf, 0xca, 0x1, 0xff, 0xc1, 0x4b, 0x30,
    0xf, 0xfe, 0x28, 0x80, 0x42, 0x27, 0x0, 0xe3,
    0x10, 0xf, 0xfa, 0x72, 0xa9, 0xe1, 0x55, 0xec,
    0xf3, 0x0, 0xff, 0x9e, 0xed, 0xf9, 0x77, 0xe3,
    0x73, 0x0, 0xff, 0x84, 0x7f, 0xe6, 0xe0, 0xf,
    0xfe, 0x98, 0x80, 0x72, 0xe6, 0x7f, 0x94, 0x3,
    0xf0, 0x80, 0x65, 0xcc, 0xff, 0x28, 0x7, 0xce,
    0x1, 0xff, 0xcc, 0x13, 0x0, 0xff, 0xe5, 0x9b,
    0x0, 0x65, 0xcc, 0xdf, 0xec, 0xcc, 0xa0, 0x1f,
    0x71, 0x0, 0x5d, 0x19, 0x98, 0x6f, 0x33, 0x39,
    0x80, 0x78, 0xbc, 0x2, 0x67, 0x30, 0xf, 0xe8,
    0x40, 0xf, 0x3a, 0x0, 0x65, 0xc8, 0x0, 0xe3,
    0xa5, 0x0, 0xf8, 0x4c, 0x80, 0x22, 0xa7, 0x80,
    0xe, 0x3b, 0x9c, 0x20, 0xe, 0x47, 0x0, 0x87,
    0xda, 0x0, 0x3e, 0x1c, 0x7d, 0x40, 0xd, 0xfa,
    0x0, 0x1d, 0xa9, 0x0, 0xff, 0x5a, 0xd9, 0x80,
    0x5, 0x90, 0xb, 0x61, 0xc0, 0x3c, 0xe0, 0x1d,
    0x45, 0x0, 0x6, 0x80, 0x2a, 0xc4, 0x2, 0x79,
    0xba, 0x11, 0x0, 0x7b, 0x88, 0x2, 0x40, 0x28,
    0x0, 0x89, 0xe7, 0x5e, 0x8, 0x3, 0xc7, 0x20,

    /* U+53EF "可" */
    0x0, 0xff, 0xf1, 0x4d, 0x88, 0x36, 0x67, 0xff,
    0x17, 0xfd, 0x8c, 0x9a, 0xd, 0x99, 0xff, 0xc6,
    0x1c, 0xff, 0x60, 0x7, 0xff, 0xfc, 0x3, 0x44,
    0x1d, 0xfd, 0xfe, 0x40, 0xf, 0xfe, 0x19, 0x91,
    0x78, 0x46, 0x0, 0xff, 0xe1, 0x92, 0xaf, 0x99,
    0xd4, 0x3, 0xff, 0xfe, 0x1, 0xff, 0xf5, 0x6c,
    0xcf, 0x38, 0x7, 0xff, 0x15, 0xb3, 0x3c, 0xe0,
    0x1f, 0xfc, 0xcf, 0xf0, 0x7, 0xff, 0xf, 0xfc,
    0x1, 0xe7, 0x60, 0xf, 0xfe, 0x1b, 0xb0, 0x7,
    0xff, 0xcd, 0xc0, 0x3f, 0xf9, 0xd, 0x15, 0x72,
    0x40, 0x1f, 0xfc, 0x76, 0x8a, 0x7, 0xe0, 0xe,

    /* U+53F2 "史" */
    0x0, 0xff, 0x9d, 0xc0, 0x1f, 0xfc, 0xa9, 0x10,
    0xf, 0xfe, 0x59, 0x0, 0x7f, 0xf6, 0x45, 0xc8,
    0xbe, 0x12, 0x2f, 0xda, 0x60, 0x18, 0xe2, 0x3f,
    0x4, 0x47, 0xe2, 0xf0, 0xf, 0x55, 0x7c, 0x35,
    0x5f, 0x83, 0x80, 0x3f, 0xff, 0xe0, 0x1f, 0xfd,
    0x61, 0x0, 0xff, 0xe2, 0x5d, 0xfc, 0x15, 0x77,
    0xf0, 0x7, 0xeb, 0xbf, 0x83, 0xee, 0xfe, 0x0,
    0xf1, 0xa0, 0x19, 0x80, 0x23, 0x11, 0x0, 0x7d,
    0x4, 0x1, 0x86, 0xc0, 0xe4, 0x2, 0x45, 0x0,
    0xfc, 0xe0, 0x1f, 0xdd, 0x20, 0xa, 0xe0, 0xf,
    0xfe, 0x32, 0xb, 0xa1, 0xa8, 0x7, 0xff, 0x1e,
    0x32, 0xe0, 0x3, 0xff, 0x97, 0x6a, 0x1, 0xff,
    0xc6, 0x1c, 0x2f, 0x9b, 0xc6, 0x0, 0xff, 0xe1,
    0xb6, 0x4c, 0x81, 0x3a, 0xe3, 0xe9, 0x88, 0x3,
    0xf0, 0xbe, 0xe, 0xa8, 0x6, 0x7e, 0xb0, 0x8d,
    0xeb, 0x97, 0x52, 0x7a, 0x83, 0xc7, 0x0, 0xfc,
    0x95, 0xd9, 0x2, 0xb1, 0x0, 0x6a, 0x94, 0x0,
    0xff, 0xe0, 0x9b, 0x56, 0x7e, 0x90,

    /* U+540E "后" */
    0x0, 0xff, 0xe3, 0x19, 0x80, 0x3f, 0xf8, 0xc6,
    0xf7, 0xf9, 0xa8, 0x1, 0xff, 0xc0, 0x36, 0x9c,
    0xfe, 0xdc, 0xbe, 0xe2, 0x0, 0x79, 0xbe, 0xa9,
    0x76, 0xa1, 0xde, 0xfd, 0xa7, 0x41, 0x0, 0xfe,
    0x2a, 0xa5, 0xda, 0x5d, 0x8, 0x3, 0xff, 0x86,
    0x20, 0x1f, 0xfd, 0xc2, 0x0, 0xff, 0xe5, 0xe,
    0x58, 0x80, 0x63, 0xcc, 0xff, 0xe1, 0xe9, 0x3b,
    0x0, 0x63, 0xcc, 0xff, 0xe3, 0x38, 0x6, 0x70,
    0xf, 0xfe, 0x50, 0x80, 0x7f, 0xf2, 0xfc, 0x40,
    0x8, 0x20, 0x1f, 0xe3, 0x50, 0xf, 0x9, 0x80,
    0x3f, 0xd9, 0x9f, 0xed, 0xb3, 0x0, 0xe3, 0x10,
    0xa, 0x73, 0x3f, 0xcc, 0xe6, 0x1, 0xc3, 0xc0,
    0x1f, 0xfc, 0xa5, 0x50, 0x7, 0xff, 0x24, 0x44,
    0x60, 0x1f, 0xfc, 0x94, 0x40, 0x7, 0xff, 0x2b,
    0xf4, 0x3, 0xff, 0x92, 0x28, 0xc0, 0x1f, 0xfc,
    0x99, 0x80, 0xe, 0x8c, 0xcf, 0xf3, 0x80, 0x62,
    0x36, 0x0, 0xe8, 0xcc, 0xff, 0x38, 0x6, 0xba,
    0x0, 0xe1, 0x10, 0x7, 0xfd, 0xc0, 0x14, 0x88,
    0x7, 0x53, 0x0, 0x7f, 0xa1, 0xc0, 0x20,

    /* U+548C "和" */
    0x0, 0xff, 0x28, 0x80, 0x7f, 0xf2, 0xa, 0x3a,
    0xa8, 0x20, 0x1f, 0xfc, 0x42, 0x8f, 0xd2, 0xbf,
    0xb1, 0x0, 0xff, 0xe0, 0xb, 0x55, 0xc7, 0x14,
    0x52, 0x80, 0x42, 0x1, 0xf9, 0x40, 0x25, 0xab,
    0xa6, 0x70, 0xf, 0x17, 0x55, 0x7b, 0x6a, 0xc0,
    0x4c, 0x3, 0xff, 0x83, 0x11, 0xe9, 0xf, 0x0,
    0xff, 0xe2, 0x11, 0x79, 0x81, 0x0, 0x3f, 0xe4,
    0xb1, 0x0, 0xff, 0xe0, 0xdd, 0xee, 0x58, 0xbb,
    0x93, 0x0, 0x3f, 0xf8, 0x37, 0x79, 0xc1, 0xee,
    0xdf, 0xed, 0x0, 0xff, 0xe2, 0xa8, 0x8, 0x7,
    0xff, 0x24, 0x4c, 0x4a, 0xcc, 0x3, 0xff, 0x8e,
    0xe4, 0x99, 0x3b, 0x0, 0x1f, 0xfc, 0x6a, 0xb0,
    0x1, 0x6b, 0xc8, 0x7, 0xff, 0x10, 0xc9, 0x80,
    0x23, 0xb6, 0x20, 0xf, 0xfe, 0x1c, 0x58, 0x7,
    0x24, 0x98, 0x7, 0xff, 0x9, 0x1, 0x40, 0x3c,
    0xc2, 0x1, 0xff, 0xc2, 0x89, 0x0, 0xff, 0xe5,
    0x44, 0x8, 0x3, 0xff, 0x95, 0xa8, 0x1, 0xff,
    0xe, 0x67, 0xc0, 0x19, 0x40, 0x3f, 0xf8, 0x3,
    0x99, 0xf0, 0x7, 0xff, 0x79, 0x0, 0x3c, 0x58,
    0x1, 0xfc, 0x20, 0x1c, 0x74, 0x1, 0xf1, 0x80,
    0x0,

    /* U+55B7 "喷" */
    0x0, 0xff, 0xe1, 0x33, 0x4, 0x3, 0xff, 0x93,
    0x5e, 0x20, 0x1f, 0x32, 0x99, 0xde, 0xc0, 0x1f,
    0xbc, 0x2, 0x7c, 0x10, 0x7, 0xca, 0x24, 0x14,
    0x37, 0x99, 0xc7, 0x39, 0x95, 0x83, 0x0, 0x48,
    0xef, 0x7, 0x8d, 0xe6, 0x71, 0xce, 0x67, 0x38,
    0x7, 0xff, 0x1, 0xb1, 0x0, 0x31, 0xeb, 0x80,
    0x7f, 0xf0, 0x85, 0x90, 0x2d, 0x0, 0x6, 0xe3,
    0x42, 0x1, 0xf3, 0xd5, 0x50, 0xb5, 0x4d, 0x8a,
    0xd1, 0xac, 0x5c, 0x0, 0xf9, 0xee, 0x20, 0xc7,
    0x11, 0xd6, 0x11, 0xfb, 0x80, 0x1f, 0x84, 0x89,
    0xc8, 0x45, 0xcc, 0x64, 0x50, 0x80, 0x7f, 0x13,
    0xb4, 0x88, 0xf1, 0x6d, 0x98, 0x7, 0xfc, 0x31,
    0x55, 0xfc, 0x90, 0x1, 0xff, 0xc0, 0x1b, 0xbf,
    0xe3, 0xa0, 0xf, 0xfe, 0x2c, 0xa8, 0x7, 0xff,
    0x29, 0x98, 0x1, 0xff, 0xc9, 0x10, 0x30, 0xf,
    0xe7, 0xcc, 0x80, 0x3f, 0x11, 0x0, 0x3f, 0xcf,
    0x99, 0x0, 0x7e, 0x44, 0x0, 0x7f, 0xf0, 0x9c,
    0xc0, 0x3d, 0x5a, 0x1, 0xfd, 0xb6, 0x1, 0x40,
    0x0, 0xf0, 0x0, 0xe2, 0x87, 0x50, 0x5a, 0x20,
    0x12, 0x18, 0x7, 0xc4, 0xf, 0x5a, 0x7, 0x5d,
    0xb6, 0x20, 0x1f, 0xfc, 0x3, 0xcd, 0xd0, 0x80,
    0x4d, 0xad, 0xe6, 0x1, 0xf8, 0x5a, 0xeb, 0xe8,
    0x3, 0xc5, 0x89, 0x82, 0x1, 0xf4, 0x95, 0xc9,
    0x80, 0x7f, 0x53, 0x10, 0x0,

    /* U+56DE "回" */
    0x0, 0xff, 0xe5, 0xc, 0x11, 0x7f, 0xf1, 0x5e,
    0xc4, 0x1e, 0x23, 0xff, 0x8c, 0x8c, 0x0, 0xaa,
    0xff, 0xe2, 0xca, 0x38, 0x7, 0xff, 0x99, 0x8c,
    0x8b, 0xd1, 0x20, 0x1f, 0xfc, 0xc, 0xe8, 0x8f,
    0x3b, 0x28, 0x7, 0xff, 0x1, 0x6a, 0xbc, 0xec,
    0xa0, 0x1f, 0xff, 0xf0, 0xf, 0xff, 0x18, 0x8f,
    0xe0, 0xf, 0xfe, 0x13, 0x55, 0x79, 0x80, 0x3f,
    0xf8, 0x4f, 0x77, 0xe7, 0x0, 0xff, 0xe0, 0xcd,
    0x0, 0x7a, 0xe0, 0x3, 0xff, 0x80, 0x64, 0x1,
    0xe3, 0x10, 0xf, 0xff, 0x18, 0x80, 0x6c, 0xcf,
    0xfe, 0x2c, 0x0, 0x6c, 0xcf, 0xfe, 0x2c, 0x80,
    0x7f, 0xf2, 0x8c, 0x0,

    /* U+56E0 "因" */
    0x0, 0xff, 0xe5, 0x95, 0x2a, 0xff, 0xf1, 0x63,
    0xcc, 0x0, 0xa4, 0x5f, 0xfc, 0x53, 0x4, 0x0,
    0x9d, 0xff, 0xf8, 0xbe, 0x2e, 0x1, 0xff, 0x65,
    0x80, 0x7f, 0xf2, 0x4b, 0x80, 0x3f, 0xf9, 0x22,
    0x20, 0xf, 0xfe, 0x78, 0x80, 0x7f, 0xf1, 0x5c,
    0x2, 0x4e, 0x50, 0xf, 0xc5, 0x99, 0xdc, 0x1d,
    0x99, 0x41, 0xc8, 0x80, 0x7c, 0x59, 0x9d, 0xa1,
    0xb9, 0x9e, 0x10, 0xf, 0xfe, 0xa, 0x82, 0x80,
    0x7f, 0xf2, 0x3d, 0xb6, 0x40, 0x3f, 0xf8, 0xef,
    0xb0, 0x18, 0x20, 0x1f, 0xfc, 0x45, 0x34, 0x9,
    0x7d, 0x10, 0xf, 0xfe, 0x1d, 0xc8, 0x5, 0x63,
    0xa0, 0x1f, 0xfc, 0x2a, 0x64, 0x0, 0xde, 0x72,
    0x1, 0xff, 0xc0, 0x93, 0x80, 0xe, 0x29, 0x63,
    0x0, 0xfe, 0x1b, 0xf9, 0x0, 0xf9, 0x8e, 0xc0,
    0x3f, 0x14, 0x53, 0x0, 0x7f, 0x76, 0x0, 0x7e,
    0x29, 0x10, 0xf, 0xf1, 0x20, 0x7, 0xd9, 0x9f,
    0xfc, 0x5b, 0x0, 0xec, 0xcf, 0xfe, 0x2d, 0x80,
    0x61, 0x0, 0xff, 0xe2, 0xba, 0x0, 0x0,

    /* U+56E2 "团" */
    0x0, 0xff, 0xe5, 0x95, 0x2a, 0xff, 0xf1, 0x63,
    0xcc, 0x0, 0xa4, 0x5f, 0xfc, 0x53, 0x4, 0x0,
    0x9d, 0xff, 0xdb, 0xce, 0xfd, 0xe2, 0xe0, 0x1f,
    0xfc, 0x14, 0xd0, 0xf, 0xff, 0x25, 0x90, 0x7,
    0xe4, 0xaa, 0xfb, 0xc6, 0xa9, 0x89, 0xa4, 0x1,
    0xf2, 0x5d, 0xfb, 0xc0, 0x17, 0x6d, 0xee, 0x10,
    0x7, 0xe1, 0x1f, 0x73, 0x8, 0xf8, 0x3, 0xff,
    0x84, 0xa9, 0x0, 0x1f, 0xfc, 0x71, 0xba, 0x10,
    0xf, 0xfe, 0x3d, 0x3a, 0x80, 0x7f, 0xf1, 0xe0,
    0x24, 0x3, 0xff, 0x8e, 0xe7, 0x60, 0x1f, 0xfc,
    0x77, 0xdb, 0x0, 0xff, 0xe3, 0xc9, 0x50, 0x7,
    0xff, 0x1c, 0xed, 0x40, 0x3e, 0x70, 0xf, 0xfe,
    0x1, 0x90, 0x0, 0x5a, 0x77, 0x84, 0x80, 0x3f,
    0xf8, 0x82, 0xd3, 0xcf, 0x82, 0x1, 0xff, 0xc7,
    0x39, 0x30, 0xf, 0xfe, 0x6, 0x67, 0xff, 0x16,
    0xc0, 0x3b, 0x33, 0xff, 0x8b, 0x60, 0x18, 0x40,
    0x3f, 0xf8, 0xae, 0x80, 0x0,

    /* U+5766 "坦" */
    0x0, 0xe1, 0x0, 0xff, 0xe6, 0xfd, 0x80, 0x63,
    0x10, 0xf, 0xce, 0x40, 0x1f, 0xd0, 0x1, 0xaf,
    0xf3, 0x3f, 0x46, 0x90, 0x7, 0xff, 0x9, 0x33,
    0x3f, 0x15, 0x10, 0x7, 0xff, 0xc9, 0x0, 0x3f,
    0xf8, 0xca, 0xb8, 0x69, 0xaf, 0x4, 0x3, 0xff,
    0x88, 0x64, 0x50, 0x18, 0xc5, 0x98, 0x7, 0xff,
    0x11, 0x9d, 0xe1, 0x97, 0x78, 0x81, 0x73, 0x3f,
    0x10, 0x7, 0xff, 0x11, 0x73, 0x3f, 0x10, 0x7,
    0xff, 0xfc, 0x3, 0xff, 0xbc, 0x4a, 0x1, 0xff,
    0xc9, 0x76, 0xa4, 0x50, 0x5c, 0xcf, 0xc4, 0x1,
    0xf8, 0xc6, 0xc6, 0x98, 0x0, 0xb9, 0x9f, 0x88,
    0x3, 0x85, 0xb3, 0xb, 0xee, 0x1, 0x88, 0x3,
    0xf3, 0x38, 0x4, 0x5d, 0x29, 0xd4, 0x1, 0xd1,
    0x0, 0xf, 0xd6, 0x40, 0x11, 0x3f, 0x40, 0x80,
    0x7f, 0xf1, 0x88, 0x2, 0x81, 0x0, 0xe1, 0x1f,
    0xfe, 0x14, 0xe1, 0x80, 0x7e, 0x3a, 0xaf, 0xfe,
    0x11, 0x2c, 0x80,

    /* U+578B "型" */
    0x0, 0xff, 0x84, 0x3, 0xfa, 0x1c, 0x3, 0xff,
    0x81, 0xb4, 0x20, 0x28, 0x20, 0x13, 0x10, 0x2,
    0xb3, 0x1f, 0xec, 0xc6, 0xfe, 0x83, 0x30, 0x12,
    0x8c, 0x3, 0x30, 0x2, 0xb3, 0x3, 0x99, 0x83,
    0x32, 0x70, 0x1, 0x90, 0x7, 0xff, 0xb8, 0x44,
    0x1, 0xd1, 0x84, 0x1, 0xfe, 0x8c, 0xc8, 0x3f,
    0x32, 0xc, 0x51, 0xe0, 0xf, 0xf4, 0x66, 0x3c,
    0x77, 0x32, 0xc, 0xdd, 0x60, 0x7, 0xff, 0x5,
    0x10, 0x1, 0xff, 0xca, 0xae, 0x0, 0xff, 0xe4,
    0xb3, 0x10, 0x3, 0xfc, 0x9e, 0x1, 0xf8, 0xee,
    0x80, 0x3f, 0xe1, 0x20, 0x21, 0x18, 0x0, 0x71,
    0x82, 0x1, 0xf2, 0x18, 0x7, 0x3c, 0x70, 0x10,
    0x35, 0x88, 0x7, 0xe, 0xd, 0x48, 0x80, 0x65,
    0x99, 0x60, 0x82, 0x80, 0x7e, 0x30, 0x7, 0x8,
    0x7, 0x13, 0x18, 0x7, 0xff, 0x21, 0xb5, 0x40,
    0x38, 0x73, 0x3f, 0xd, 0xe6, 0x75, 0x1f, 0x8,
    0x6, 0x1c, 0xcf, 0xc3, 0x79, 0x9f, 0x58, 0x80,
    0x7f, 0xfe, 0xe8, 0x41, 0x5d, 0xff, 0xc3, 0xce,
    0xff, 0x5a, 0xf9, 0x7c, 0x47, 0xf8, 0x16, 0x23,
    0xe4, 0x1, 0x70,

    /* U+5929 "天" */
    0x0, 0xff, 0xe4, 0x12, 0x80, 0x7c, 0x68, 0x9f,
    0xfc, 0x4f, 0xa8, 0x0, 0xf3, 0x99, 0xfe, 0xba,
    0x33, 0xf5, 0x47, 0x80, 0x79, 0x1d, 0xff, 0xc,
    0x3b, 0xff, 0x0, 0x7f, 0xf0, 0xc4, 0xc0, 0x3f,
    0xfc, 0xe2, 0x1, 0xff, 0xcd, 0x60, 0xf, 0xc4,
    0x1, 0xff, 0xc2, 0x20, 0x30, 0xf, 0x8b, 0x68,
    0x2, 0x3c, 0xcf, 0xed, 0xe, 0xcc, 0xfb, 0x89,
    0xdc, 0x0, 0x3c, 0xcf, 0xe9, 0x26, 0xcc, 0xfd,
    0xba, 0x70, 0xf, 0xfe, 0x7, 0xb8, 0x90, 0x7,
    0xff, 0x29, 0x32, 0xd4, 0x3, 0xff, 0x92, 0x44,
    0x73, 0xb0, 0xf, 0xfe, 0x4d, 0xa0, 0x85, 0xc0,
    0x7, 0xff, 0x1c, 0x9a, 0x0, 0xe, 0xc6, 0x1,
    0xff, 0xc6, 0xe6, 0x30, 0xa, 0xf4, 0x80, 0x3f,
    0xf8, 0x90, 0x12, 0x1, 0x95, 0xfc, 0x80, 0x3f,
    0xf8, 0x50, 0x9a, 0x1, 0xe9, 0x6c, 0x30, 0xf,
    0xfe, 0x5, 0x16, 0x8, 0x7, 0xd6, 0x99, 0x0,
    0x1f, 0xc9, 0x98, 0xa0, 0xf, 0xf5, 0x43, 0xf2,
    0x80, 0x71, 0x56, 0xe9, 0x80, 0x3f, 0xf8, 0xf,
    0x85, 0x5c, 0xe0, 0x8, 0xab, 0x91, 0x0, 0xff,
    0xe1, 0x1e, 0x52, 0xa0, 0x0,

    /* U+5C71 "山" */
    0x0, 0xff, 0xea, 0x75, 0x80, 0x7f, 0xf2, 0x60,
    0x3, 0xff, 0xfe, 0x0, 0xdb, 0x0, 0xff, 0xe2,
    0x46, 0xa0, 0x16, 0x80, 0x7f, 0xf1, 0x5d, 0x0,
    0x54, 0x3, 0xff, 0xfe, 0x1, 0xff, 0xff, 0x0,
    0xff, 0xff, 0x80, 0x7f, 0xf6, 0xc, 0x65, 0xdf,
    0xe1, 0x97, 0x7f, 0x98, 0x3, 0x11, 0x7e, 0x7c,
    0x22, 0xf8, 0xc0, 0x7, 0xf0, 0xab, 0xf4, 0x32,
    0xaf, 0xe0, 0xf, 0xfe, 0x51, 0x0,

    /* U+5C81 "岁" */
    0x0, 0xff, 0xe0, 0x2a, 0x0, 0x7f, 0xf0, 0x48,
    0x40, 0x3d, 0x78, 0x1, 0xe2, 0x20, 0x7, 0x6e,
    0x84, 0x3, 0xd6, 0x1, 0xeb, 0xf3, 0x0, 0xe4,
    0x10, 0xf, 0xfe, 0x12, 0x98, 0x6, 0x2c, 0x0,
    0xff, 0xf0, 0x18, 0x80, 0x78, 0x5c, 0x3, 0xff,
    0x80, 0xa3, 0x57, 0x7e, 0x9, 0xbb, 0xf3, 0x0,
    0x72, 0xe7, 0xdd, 0xa0, 0x3e, 0xff, 0x6e, 0xfd,
    0x38, 0x1, 0xc6, 0x1, 0x4b, 0xa8, 0x7, 0xf3,
    0x20, 0x7, 0xe2, 0x5f, 0x10, 0xf, 0xe5, 0x30,
    0xf, 0xdc, 0x1f, 0x99, 0xfd, 0xb5, 0xa4, 0x1,
    0xe7, 0x1f, 0xcc, 0xff, 0x50, 0x69, 0x0, 0x71,
    0xc7, 0x80, 0x7f, 0x86, 0x60, 0xc0, 0x38, 0xb9,
    0xe5, 0x40, 0x3f, 0xac, 0xdc, 0x3, 0x8b, 0xfa,
    0x2a, 0x30, 0x80, 0x3c, 0xcb, 0xc0, 0x1c, 0x93,
    0xe6, 0x3, 0x81, 0x84, 0x1, 0x96, 0x6c, 0xc0,
    0x33, 0x65, 0x90, 0x4, 0x38, 0x72, 0x1, 0x2d,
    0x51, 0x0, 0x39, 0xe0, 0x3, 0xef, 0xc0, 0x4,
    0x55, 0xa8, 0x7, 0x84, 0x3, 0xf1, 0x39, 0xe2,
    0x6a, 0x0, 0x7f, 0xf1, 0xe, 0xf6, 0xb0, 0x80,
    0x3f, 0xf8, 0x6d, 0x9d, 0xbc, 0xc0, 0x1f, 0xfc,
    0x12, 0x6b, 0xce, 0xe6, 0xb0, 0x7, 0xff, 0x1,
    0xe6, 0xa8, 0x75, 0x90, 0x40, 0x1f, 0xfc, 0x27,
    0x9a, 0x85, 0x10, 0xf, 0xfe, 0x20,

    /* U+5E03 "布" */
    0x0, 0xff, 0x31, 0x0, 0x7f, 0xf2, 0x4e, 0x68,
    0x40, 0x3f, 0xf9, 0x16, 0x50, 0x20, 0x1f, 0xfc,
    0x86, 0xa0, 0xf, 0xf1, 0x0, 0x7f, 0x98, 0x58,
    0x3, 0xf9, 0x36, 0x41, 0x2e, 0xfe, 0x90, 0xab,
    0xbf, 0xef, 0x42, 0x44, 0x5d, 0xfb, 0xc3, 0xae,
    0xff, 0xf8, 0x28, 0x1, 0xf4, 0x40, 0x40, 0x7,
    0xea, 0x1, 0xff, 0xc3, 0x61, 0x70, 0xc, 0x2a,
    0x1, 0xff, 0xc2, 0x18, 0xe0, 0xf, 0xf8, 0x40,
    0x3f, 0xb0, 0x6e, 0x23, 0x78, 0xc4, 0x77, 0x69,
    0x80, 0x79, 0xc4, 0x2e, 0xfc, 0x17, 0x7c, 0x42,
    0x20, 0xe, 0x4c, 0xe0, 0x33, 0xe4, 0x13, 0x3e,
    0x45, 0x20, 0xc, 0x7f, 0x60, 0x1f, 0xfc, 0x84,
    0xab, 0x0, 0xff, 0xe4, 0x31, 0x48, 0x7, 0xff,
    0x25, 0xd8, 0x3, 0xff, 0x94, 0x20, 0x1f, 0xff,
    0xf0, 0xf, 0xf8, 0x9e, 0x20, 0x82, 0x1, 0xff,
    0xc6, 0x27, 0xa6, 0x3a, 0x0, 0xfc, 0x5a, 0x1,
    0xfe, 0x2f, 0xe2, 0x0, 0xfe, 0x20, 0xf, 0x10,
    0x6, 0x10, 0xe,

    /* U+5E0C "希" */
    0x0, 0xff, 0xe2, 0x8b, 0x88, 0x7, 0xc3, 0x52,
    0xc8, 0x20, 0x1f, 0x3f, 0x4c, 0x0, 0x7c, 0x35,
    0x67, 0xb9, 0xb4, 0xc4, 0x48, 0xea, 0x9e, 0x90,
    0xf, 0xe2, 0x59, 0xdc, 0xc4, 0xee, 0x9e, 0x75,
    0x80, 0x3f, 0xf8, 0x4b, 0x70, 0xb5, 0x44, 0x8d,
    0x60, 0xf, 0xf1, 0x35, 0x66, 0x5f, 0x4a, 0xab,
    0xd4, 0x9d, 0x20, 0xe, 0x49, 0xab, 0x3b, 0xc9,
    0xdc, 0x30, 0x8, 0xa7, 0x9f, 0x80, 0x39, 0x26,
    0xa5, 0x44, 0xd, 0x3c, 0xc0, 0x38, 0x6b, 0x0,
    0x40, 0x3f, 0xd0, 0xa4, 0x1, 0xfe, 0xcb, 0x6,
    0xcc, 0xf7, 0xa3, 0xe6, 0x7f, 0xc2, 0xec, 0xcc,
    0xcf, 0x14, 0xee, 0x62, 0xeb, 0x33, 0xf9, 0x80,
    0x3d, 0x2e, 0xc0, 0x14, 0x98, 0x7, 0xff, 0xd,
    0x52, 0x80, 0x38, 0x40, 0x38, 0x80, 0x3f, 0x1d,
    0x14, 0x47, 0xc, 0x47, 0xb7, 0x0, 0x3c, 0x5d,
    0x61, 0x77, 0xc1, 0x77, 0xe0, 0x50, 0xe, 0x3e,
    0xf5, 0x3, 0x3e, 0x13, 0x3f, 0xe, 0x80, 0x65,
    0x9c, 0x20, 0xf, 0xfe, 0x3b, 0x85, 0x0, 0x7f,
    0xf2, 0x5d, 0x40, 0x3f, 0xfe, 0xa2, 0xe0, 0x1f,
    0xfc, 0x61, 0x6c, 0xf0, 0x20, 0xf, 0xe4, 0x0,
    0xfc, 0x2d, 0x8d, 0x42, 0x1, 0xf8, 0x6c, 0x3,
    0x8d, 0x80, 0x34, 0xa8, 0x6,

    /* U+5E74 "年" */
    0x0, 0xff, 0xe9, 0x3e, 0x20, 0x7, 0xff, 0x26,
    0x55, 0x0, 0x3f, 0xf9, 0xa, 0x30, 0x1, 0xff,
    0xc0, 0x20, 0xf, 0xd0, 0xe2, 0x1, 0xff, 0x36,
    0xb0, 0x7, 0x9c, 0x97, 0x33, 0xbf, 0xb3, 0x3a,
    0x8e, 0x88, 0x3, 0xc, 0x66, 0xe6, 0x70, 0x66,
    0x7f, 0x10, 0x6, 0xa7, 0x30, 0xf, 0xfe, 0x43,
    0xc, 0x0, 0x7f, 0xf2, 0x13, 0x68, 0x3, 0xff,
    0x86, 0xe4, 0x1, 0x1e, 0xd8, 0x17, 0xc3, 0xbf,
    0x4, 0x3b, 0xe9, 0x8d, 0x30, 0x3, 0x48, 0x6,
    0xc3, 0x3e, 0xd, 0x33, 0xdb, 0x76, 0x20, 0x2,
    0x80, 0x72, 0x27, 0x81, 0x51, 0x3e, 0x10, 0xf,
    0xff, 0xf8, 0x7, 0xff, 0x1c, 0xb9, 0x82, 0x33,
    0x30, 0x66, 0x78, 0x37, 0x33, 0xe1, 0x95, 0x8c,
    0xcb, 0xbf, 0x33, 0xc1, 0xb9, 0x9e, 0xef, 0xf2,
    0x80, 0x7f, 0xff, 0xc0, 0x3f, 0xfd, 0xa2, 0x60,
    0x1f, 0xe0,

    /* U+5E76 "并" */
    0x0, 0xe2, 0x30, 0xf, 0xe5, 0x61, 0x0, 0xff,
    0x15, 0x38, 0x7, 0xeb, 0xd3, 0x0, 0xff, 0xa6,
    0xe4, 0x3, 0xcc, 0x14, 0x40, 0x1f, 0xfc, 0xe,
    0x65, 0x0, 0xe8, 0xa1, 0x0, 0xff, 0xe0, 0x93,
    0x70, 0x6, 0x76, 0x40, 0x8, 0x80, 0x3f, 0xea,
    0xc0, 0x8, 0xb6, 0x0, 0x23, 0xd9, 0x0, 0xa7,
    0x33, 0xbf, 0x2f, 0x32, 0xd7, 0xff, 0x66, 0x3c,
    0xd5, 0x0, 0x13, 0x99, 0xc3, 0x79, 0x9b, 0xf4,
    0x6f, 0x33, 0x90, 0x3, 0xff, 0xfe, 0x1, 0xff,
    0xc7, 0x20, 0xf, 0xf3, 0x80, 0x7f, 0xcb, 0xb0,
    0x11, 0x99, 0xe1, 0xcc, 0xf8, 0x6f, 0x32, 0x93,
    0x43, 0x8c, 0xcf, 0x7, 0x66, 0x78, 0x6f, 0x33,
    0xc6, 0x1, 0xe2, 0x1, 0x0, 0xff, 0xe4, 0xa1,
    0x80, 0x7f, 0xf2, 0xb6, 0xc0, 0x3f, 0xf9, 0x24,
    0x8c, 0x1, 0xff, 0xc9, 0xe8, 0x10, 0xf, 0xfe,
    0x44, 0xbb, 0x80, 0x3f, 0xf9, 0x12, 0x56, 0x1,
    0xff, 0xc7, 0x2b, 0xeb, 0x0, 0xff, 0xe3, 0xb5,
    0xd3, 0x80, 0x7f, 0xc6, 0xe0, 0x1f, 0x34, 0x88,
    0x7, 0xff, 0x3, 0x4c, 0x3, 0xe0,

    /* U+5F0F "式" */
    0x0, 0xff, 0xe0, 0x93, 0x18, 0x7, 0xff, 0x25,
    0xe4, 0x1, 0x12, 0x60, 0x1f, 0xfc, 0x73, 0x8,
    0xfc, 0x90, 0xf, 0xfe, 0x20, 0x80, 0x66, 0xc6,
    0x50, 0xf, 0xfe, 0x1b, 0x80, 0x71, 0xea, 0x0,
    0x7f, 0xf0, 0xc4, 0x4, 0x3, 0x15, 0xe8, 0x9e,
    0x67, 0xff, 0x3, 0xc3, 0xb3, 0x39, 0x86, 0xf,
    0x33, 0xff, 0x81, 0xa1, 0x79, 0x9f, 0x48, 0x7,
    0xff, 0x8, 0x88, 0x1, 0xff, 0xca, 0x7e, 0x0,
    0xff, 0xe3, 0xd, 0x98, 0x11, 0x80, 0x7f, 0xe,
    0x66, 0xff, 0x66, 0x49, 0x85, 0x8a, 0x1, 0xfc,
    0x39, 0x9a, 0xc7, 0x31, 0xbf, 0xe2, 0x51, 0x20,
    0xf, 0xfe, 0x48, 0x92, 0x80, 0x7f, 0xf2, 0xaa,
    0xc0, 0x3f, 0xf9, 0x4a, 0x64, 0x1, 0xff, 0xc9,
    0x24, 0x80, 0xf, 0xfe, 0x54, 0x29, 0x0, 0x7f,
    0xf1, 0x5, 0x60, 0x0, 0x69, 0xc0, 0x19, 0x0,
    0x3f, 0x1c, 0x5c, 0x34, 0x0, 0x54, 0x52, 0x0,
    0x13, 0x0, 0xc4, 0xd2, 0x33, 0x97, 0x26, 0x1,
    0x86, 0x9a, 0x41, 0x88, 0x16, 0xbb, 0x72, 0x3e,
    0x90, 0x3, 0xf2, 0x5b, 0x5c, 0x88, 0x68, 0xdf,
    0xd2, 0x80, 0x7f, 0xf0, 0x13, 0x14, 0x70, 0x22,
    0xd4, 0x3, 0xff, 0x88, 0x7d, 0x1e,

    /* U+5FB7 "德" */
    0x0, 0xf2, 0x20, 0x3, 0xf4, 0x20, 0x7, 0xff,
    0xa, 0xa0, 0xc0, 0x3e, 0x70, 0xf, 0xfe, 0x14,
    0x9e, 0x98, 0x7, 0x88, 0x10, 0x3, 0x36, 0x90,
    0x7, 0x33, 0xf8, 0xd6, 0x67, 0xb4, 0x33, 0x3a,
    0xb, 0xc0, 0x31, 0xc6, 0x90, 0x56, 0x67, 0xa1,
    0x33, 0x3b, 0xbf, 0x40, 0x22, 0xed, 0x33, 0x8,
    0x7, 0xdc, 0x40, 0x1f, 0xe2, 0x9f, 0x30, 0xec,
    0x35, 0xc7, 0x74, 0x73, 0x3c, 0xf3, 0xba, 0x3d,
    0x80, 0x27, 0xb2, 0x4, 0x2f, 0x30, 0x12, 0x20,
    0xd, 0x58, 0x88, 0x89, 0xa0, 0x40, 0x12, 0x80,
    0x52, 0xe4, 0x0, 0x15, 0x55, 0x82, 0xaa, 0xc5,
    0x54, 0x80, 0xa0, 0x1e, 0x62, 0x90, 0xf, 0xfe,
    0x50, 0xc8, 0x28, 0x7, 0xff, 0x2a, 0xd4, 0x50,
    0x2, 0x39, 0x94, 0x4, 0xcb, 0xc6, 0x65, 0x60,
    0x1e, 0x50, 0x90, 0xf, 0x55, 0x23, 0x2a, 0x9f,
    0x95, 0x4e, 0x1, 0x0, 0x8b, 0xe8, 0x3, 0x93,
    0x8c, 0xff, 0xc9, 0x54, 0x10, 0x5, 0x50, 0x3,
    0xa7, 0x75, 0x99, 0xff, 0x52, 0xe8, 0x2, 0x0,
    0x3d, 0x39, 0x9e, 0xec, 0xcf, 0x7f, 0xb0, 0x3,
    0xfc, 0x20, 0x36, 0xa1, 0x6e, 0x1, 0x84, 0x3,
    0xff, 0x83, 0x22, 0x68, 0xa1, 0x34, 0xe0, 0x15,
    0xa8, 0x7, 0xff, 0x1, 0xc, 0x3, 0xa6, 0x4,
    0x1, 0x76, 0x70, 0xf, 0xf1, 0x98, 0x80, 0x39,
    0x4, 0xc1, 0xc6, 0xa0, 0xc0, 0x3f, 0xbd, 0x80,
    0x3e, 0xf2, 0xd, 0x4, 0x44, 0x0, 0x7e, 0x82,
    0x80, 0x30, 0x10, 0x8, 0x40, 0x8, 0x21, 0xc0,
    0x1f, 0xd3, 0xc2, 0x2, 0x5d, 0xff, 0xe0, 0x70,
    0x5b, 0x0, 0xf1, 0x0, 0x80, 0x6d, 0xfe, 0xee,
    0xfe, 0x60, 0xc,

    /* U+6218 "战" */
    0x0, 0xca, 0xe4, 0x1, 0xc6, 0xe8, 0x1, 0xff,
    0xc0, 0xcd, 0x20, 0xe, 0x68, 0x70, 0x60, 0xf,
    0xf8, 0xc0, 0x3f, 0x18, 0x1e, 0x8, 0x7, 0xff,
    0x10, 0x40, 0x25, 0x56, 0x0, 0x7f, 0xf0, 0x44,
    0x0, 0xe0, 0x1a, 0x4d, 0x80, 0x3f, 0xe3, 0xe6,
    0x1, 0x0, 0xe8, 0x50, 0xf, 0xcd, 0x98, 0xf3,
    0xa2, 0x30, 0x20, 0x9, 0x8e, 0x88, 0x3, 0xcd,
    0x99, 0xc4, 0x20, 0x20, 0x48, 0xd4, 0xba, 0x40,
    0x1f, 0x85, 0x5e, 0x6c, 0x32, 0xec, 0x66, 0x9d,
    0xf2, 0x0, 0xfe, 0x33, 0x5d, 0x24, 0x5c, 0xba,
    0x99, 0x0, 0x7f, 0x85, 0x90, 0x84, 0xb8, 0x2,
    0x1f, 0x90, 0x2, 0x20, 0x3, 0xd0, 0xa0, 0x17,
    0xa8, 0x4, 0xe1, 0x20, 0x3, 0xbc, 0xc3, 0x33,
    0x30, 0xf4, 0x60, 0x4, 0x30, 0xa, 0x98, 0x3,
    0x2e, 0x63, 0xfd, 0x98, 0x48, 0x30, 0x1, 0xa,
    0x1, 0x9a, 0xc0, 0x3f, 0xf8, 0xa9, 0xa1, 0xc,
    0x40, 0x1f, 0xfc, 0x5e, 0x73, 0x48, 0x0, 0xff,
    0xe3, 0x20, 0xe4, 0x8, 0x7, 0xff, 0x25, 0xc0,
    0x3f, 0xf8, 0xe8, 0x0, 0x60, 0xc, 0x20, 0x1f,
    0xfc, 0x12, 0x9c, 0x99, 0x10, 0x4, 0xc0, 0xb9,
    0x9e, 0x40, 0x8, 0x7e, 0x4d, 0x97, 0xc8, 0x10,
    0x41, 0x73, 0x3c, 0x82, 0x5, 0xbc, 0x80, 0xa,
    0x1c, 0x3e, 0x20, 0xf, 0xd4, 0xc9, 0x1a, 0x60,
    0x1b, 0x13, 0x14, 0x1a, 0x80, 0x3c, 0x2e, 0x34,
    0x20, 0x1e, 0xa9, 0x18, 0x10, 0xf, 0xce, 0xa0,
    0x1f, 0xcd, 0xd8,

    /* U+636E "据" */
    0x0, 0xe9, 0x70, 0xf, 0xfe, 0x5b, 0x10, 0x4,
    0xa6, 0x1, 0xfe, 0x54, 0x0, 0xf9, 0x80, 0x2d,
    0xcb, 0xbf, 0xf5, 0x50, 0x80, 0x3f, 0xe5, 0xbb,
    0xff, 0x33, 0x90, 0x7, 0xff, 0x52, 0x6c, 0x3,
    0xff, 0x8b, 0x19, 0x90, 0x62, 0xbb, 0x81, 0x73,
    0x3f, 0xcc, 0x1, 0x46, 0x64, 0x19, 0x93, 0x83,
    0x66, 0x72, 0xa6, 0x64, 0xde, 0x1, 0xff, 0xc6,
    0x7d, 0x0, 0xa5, 0x80, 0x3f, 0xe1, 0x0, 0xf9,
    0x80, 0x21, 0x0, 0xff, 0xe0, 0x88, 0x7, 0xfb,
    0x74, 0x20, 0x1f, 0xb, 0x30, 0xdf, 0x33, 0x87,
    0x33, 0x0, 0xc8, 0x7, 0xb6, 0x95, 0x86, 0x73,
    0x38, 0x73, 0x3d, 0x0, 0x4, 0xae, 0x8, 0xb3,
    0x7, 0x20, 0xf, 0xfe, 0x8, 0xfd, 0x9e, 0x2,
    0x80, 0x42, 0xe0, 0x1f, 0xfc, 0x11, 0x8e, 0x92,
    0x0, 0xe2, 0x23, 0x42, 0xac, 0x34, 0xab, 0x7c,
    0x80, 0x1c, 0x40, 0x3c, 0x42, 0x32, 0x99, 0xd1,
    0xe6, 0x70, 0x11, 0x0, 0x3f, 0x9d, 0x0, 0xc,
    0xd9, 0xd9, 0xb1, 0x71, 0x0, 0x7f, 0x67, 0x80,
    0x7f, 0xf2, 0xdd, 0x0, 0x3f, 0xf9, 0x46, 0xe2,
    0x1, 0xff, 0xca, 0x9b, 0x0, 0x93, 0x33, 0xf1,
    0x0, 0x45, 0x1b, 0xe0, 0x26, 0x44, 0x0, 0x93,
    0x33, 0xf1, 0x0, 0x45, 0x18, 0x2c, 0x43, 0x0,
    0x18, 0x80, 0x3f, 0xb, 0x0, 0x61, 0xe9, 0x2,
    0x0, 0xcf, 0x20, 0x1f, 0xb0, 0xc0,

    /* U+6536 "收" */
    0x0, 0xf4, 0x38, 0x6, 0x68, 0x30, 0xf, 0xfe,
    0x1b, 0x10, 0x6, 0xa4, 0x20, 0xf, 0xfe, 0x23,
    0x0, 0x63, 0xb1, 0x0, 0xfe, 0x3e, 0x70, 0xf,
    0xc4, 0xa, 0x1, 0xfe, 0x61, 0x70, 0xf, 0xc8,
    0x24, 0x1, 0xfe, 0x61, 0x0, 0xfe, 0xc7, 0x0,
    0xfa, 0x34, 0x40, 0x3f, 0xf8, 0xa, 0xd9, 0x9d,
    0xfe, 0x73, 0xb0, 0xf, 0xf9, 0x3, 0xf3, 0x3a,
    0x83, 0xfa, 0x80, 0x3f, 0xed, 0x2, 0x0, 0xed,
    0x20, 0xf, 0xfe, 0x13, 0xd2, 0x0, 0x71, 0xb8,
    0x7, 0xff, 0x5, 0x9d, 0x70, 0x3, 0x93, 0x0,
    0x3f, 0xf8, 0x35, 0x0, 0x1e, 0x40, 0x70, 0xf,
    0xfe, 0x2, 0x58, 0x86, 0x30, 0x5, 0x86, 0x20,
    0x1f, 0xfc, 0x3, 0x70, 0x3, 0xd0, 0x4, 0xd4,
    0x1, 0xff, 0xc1, 0x70, 0x8, 0x59, 0x1, 0x41,
    0x80, 0x3f, 0x92, 0x44, 0x3, 0xd1, 0x21, 0x12,
    0x1, 0xeb, 0x1a, 0xed, 0xb1, 0x0, 0xf1, 0x37,
    0x1b, 0x80, 0x79, 0xc0, 0xbe, 0x48, 0x3, 0xf7,
    0x8c, 0x80, 0x7d, 0x9b, 0x2, 0x1, 0xfe, 0x81,
    0x92, 0x0, 0xf1, 0x90, 0x7, 0xfd, 0x6b, 0xc9,
    0x84, 0x1, 0xff, 0xc5, 0xa2, 0x90, 0xa2, 0xc4,
    0x0, 0xff, 0xe1, 0xd, 0xe4, 0x80, 0x58, 0x97,
    0x20, 0x1f, 0xfc, 0x5, 0xa9, 0x60, 0xe, 0xa8,
    0x6e, 0x70, 0xf, 0x8c, 0x60, 0x2c, 0x80, 0x3e,
    0x7d, 0x50, 0xf, 0xda, 0x50, 0xa0, 0x1f, 0xe2,
    0xb7, 0x0,

    /* U+6539 "改" */
    0x0, 0xff, 0xe1, 0x3b, 0x88, 0x3, 0xff, 0x93,
    0x38, 0x60, 0x1f, 0xfc, 0x38, 0x10, 0x8, 0x45,
    0xe2, 0x1, 0xf3, 0x66, 0x7c, 0xf8, 0x1, 0x38,
    0x20, 0x7, 0xe6, 0xcc, 0xf8, 0x3c, 0x2, 0xd5,
    0x0, 0xff, 0xe4, 0x8a, 0x70, 0x7, 0x9a, 0x80,
    0x3f, 0xf8, 0x2c, 0x1f, 0x77, 0xbb, 0xe5, 0x6c,
    0x3, 0xff, 0x81, 0x13, 0x77, 0xd0, 0x1d, 0xf6,
    0x1, 0xff, 0x20, 0x20, 0x7, 0x79, 0x8, 0x5,
    0xaa, 0x67, 0xc0, 0x14, 0x2a, 0x0, 0x72, 0xa0,
    0x6, 0x2a, 0x99, 0xe0, 0x2, 0x5, 0x60, 0x6,
    0x23, 0xd0, 0xe, 0xba, 0xae, 0x63, 0x9e, 0x1,
    0x10, 0x4, 0xa2, 0x80, 0x18, 0x5c, 0x3, 0xa6,
    0x56, 0x41, 0xae, 0x1, 0x53, 0x0, 0x7f, 0xf0,
    0xc, 0x18, 0x0, 0xf4, 0x0, 0x42, 0x90, 0xf,
    0xfe, 0x1, 0xc0, 0x4, 0x2e, 0xa1, 0xc, 0x20,
    0x1f, 0xfc, 0x68, 0x83, 0x94, 0x0, 0x7f, 0xf0,
    0x45, 0x80, 0x31, 0x9a, 0x28, 0x40, 0x3f, 0xe2,
    0x99, 0x38, 0x6, 0x11, 0x3, 0x80, 0x7f, 0x92,
    0xe2, 0xe0, 0x40, 0x36, 0xb4, 0x68, 0x80, 0x78,
    0x6b, 0x62, 0x14, 0x40, 0x18, 0x71, 0x25, 0xd7,
    0x4, 0x3, 0x48, 0x34, 0x61, 0x80, 0x71, 0xe4,
    0xc0, 0x2, 0xc7, 0xd0, 0x2, 0xb2, 0xf5, 0x0,
    0xf4, 0x4e, 0x28, 0x6, 0xc5, 0xb9, 0x10, 0x2d,
    0x0, 0xf3, 0x56, 0x50, 0x80, 0x7a, 0xe1, 0xb9,
    0xc0, 0x3e, 0x85, 0xa4, 0x0, 0xfe, 0x7d, 0x77,
    0x0,

    /* U+6587 "文" */
    0x0, 0xfe, 0x34, 0x0, 0xff, 0xe5, 0x9e, 0x58,
    0x80, 0x7f, 0xf2, 0xa0, 0xbc, 0x80, 0x3f, 0xf9,
    0x52, 0x5c, 0x1, 0xff, 0xcb, 0xe3, 0x0, 0xf8,
    0x80, 0x21, 0x1f, 0xfe, 0x1, 0xe8, 0x8f, 0x8b,
    0x34, 0x41, 0xea, 0xb7, 0x7d, 0x57, 0xa6, 0xaa,
    0xee, 0x64, 0xab, 0x38, 0x35, 0xde, 0xe6, 0xbb,
    0xff, 0x29, 0x6d, 0xdc, 0xc0, 0x1e, 0x13, 0x0,
    0xff, 0x22, 0x80, 0x7f, 0xf0, 0xd, 0x0, 0x3f,
    0x28, 0xd0, 0x7, 0xff, 0x2, 0x60, 0x3, 0xf4,
    0xa9, 0x0, 0x7f, 0xf0, 0x5, 0x90, 0x3, 0xc8,
    0x72, 0x1, 0xff, 0xc2, 0x89, 0x0, 0xf4, 0xa9,
    0x80, 0x7f, 0xf0, 0x89, 0x24, 0x3, 0x39, 0xd8,
    0x7, 0xff, 0x12, 0x5d, 0x0, 0x7, 0x16, 0x20,
    0x1f, 0xfc, 0x5a, 0xb4, 0x1d, 0x75, 0x0, 0xff,
    0xe3, 0x24, 0xdf, 0x3c, 0x0, 0x7f, 0xf2, 0x10,
    0x1, 0xe0, 0x1f, 0xfc, 0x84, 0xc9, 0x89, 0x90,
    0x7, 0xff, 0x19, 0xe6, 0x99, 0xe9, 0xb9, 0x40,
    0x3f, 0xf8, 0x47, 0x9f, 0xa8, 0x0, 0x5e, 0x5a,
    0xb4, 0x0, 0xff, 0x1d, 0x53, 0xa0, 0x3, 0x86,
    0xe9, 0xaf, 0x58, 0x40, 0x39, 0x2a, 0xed, 0x24,
    0x1, 0xf9, 0x76, 0x86, 0x7b, 0x20, 0x1a, 0x2,
    0xa0, 0x40, 0x3f, 0xf8, 0xb, 0x9a, 0xee, 0xa0,

    /* U+6597 "斗" */
    0x0, 0xff, 0xe1, 0xc, 0x28, 0x7, 0xff, 0x24,
    0xdd, 0xc0, 0x1f, 0xfc, 0x13, 0x0, 0xfe, 0x20,
    0xf, 0xfe, 0xb, 0xed, 0x18, 0x7, 0xff, 0x21,
    0x34, 0xf2, 0x80, 0x3f, 0xf9, 0x33, 0x4b, 0x40,
    0x1f, 0xfc, 0x95, 0xa7, 0x0, 0xff, 0xe5, 0x2e,
    0x80, 0x7f, 0xf0, 0xcd, 0x88, 0x3, 0xff, 0x92,
    0x6b, 0xfa, 0xc0, 0x1f, 0xfc, 0x83, 0xd4, 0x9b,
    0x0, 0xff, 0xe4, 0xcd, 0x24, 0x0, 0x7f, 0xf2,
    0x56, 0xf8, 0x3, 0xfe, 0x61, 0x0, 0xfe, 0x46,
    0x0, 0xff, 0x24, 0xf3, 0x0, 0x7f, 0xf0, 0x84,
    0x1e, 0x6e, 0xdd, 0x16, 0xe0, 0x1f, 0x85, 0x1e,
    0x6e, 0xde, 0x7, 0x77, 0x53, 0xa0, 0x80, 0x5,
    0x1e, 0x6e, 0xd0, 0x66, 0x8b, 0xb7, 0x2, 0x10,
    0x7, 0x96, 0xe0, 0xcd, 0x17, 0x69, 0x74, 0x10,
    0xf, 0xfe, 0x2, 0xdc, 0xba, 0x8, 0x7, 0xff,
    0xfc, 0x3, 0xff, 0xd4, 0x40, 0x1f, 0x80,

    /* U+65AF "斯" */
    0x0, 0xca, 0x60, 0x19, 0x10, 0x20, 0x1f, 0x8a,
    0x0, 0x38, 0xa9, 0xc0, 0x34, 0x70, 0x80, 0x79,
    0x2f, 0x5e, 0x80, 0x3c, 0x80, 0x1d, 0x80, 0x13,
    0x44, 0x36, 0xe, 0xfe, 0x80, 0x3f, 0xf8, 0x32,
    0x81, 0x89, 0x5b, 0x90, 0x80, 0x1a, 0x73, 0x1,
    0x99, 0xc7, 0x2d, 0x66, 0x16, 0x40, 0x1f, 0xa7,
    0x30, 0x19, 0x9c, 0x73, 0xfe, 0x30, 0xf, 0xff,
    0x69, 0x88, 0x7, 0xb7, 0x78, 0xc0, 0x3b, 0x48,
    0xa4, 0x3d, 0xf2, 0x0, 0xed, 0xde, 0x30, 0xe,
    0x5b, 0xbd, 0xae, 0xe4, 0x0, 0xff, 0xe2, 0x44,
    0xcc, 0x35, 0x32, 0x60, 0xe, 0x11, 0xf0, 0x7,
    0xff, 0x1e, 0xef, 0x88, 0x3, 0x8, 0x80, 0x3f,
    0xf8, 0x35, 0x5c, 0x60, 0x1f, 0xfc, 0xe1, 0x10,
    0x31, 0x80, 0x7f, 0x22, 0xa8, 0x15, 0x78, 0xf3,
    0x1e, 0x84, 0xc0, 0x1f, 0xc4, 0x40, 0x82, 0x2e,
    0x8d, 0xa9, 0x20, 0x30, 0xf, 0xe6, 0x77, 0x28,
    0xbb, 0xc8, 0xef, 0x8c, 0x80, 0x3f, 0xf8, 0x37,
    0xc, 0x0, 0xba, 0x10, 0x6, 0x28, 0x7, 0xff,
    0x0, 0x5a, 0x18, 0x1, 0x3, 0x80, 0x7, 0xa0,
    0xf, 0xfe, 0x5, 0xa3, 0x0, 0x6a, 0x37, 0x78,
    0x80, 0x3f, 0xe5, 0x7a, 0x0, 0xe1, 0x91, 0xa8,
    0x0, 0xff, 0x8e, 0x70, 0x40, 0x3c, 0xfb, 0xc2,
    0x1, 0xff, 0x56, 0x88, 0x7, 0xcf, 0x26, 0x1,
    0xe3, 0x70, 0x8,

    /* U+65E5 "日" */
    0x0, 0xff, 0xe2, 0xb2, 0x99, 0xff, 0xf0, 0x2e,
    0x43, 0xe2, 0xab, 0xff, 0x80, 0x8e, 0x80, 0xb3,
    0x3f, 0xfc, 0x6, 0x62, 0x0, 0x7f, 0xff, 0xc0,
    0x3f, 0xfa, 0xf, 0x55, 0xff, 0xc0, 0x60, 0x9,
    0x62, 0x3f, 0xf8, 0x6, 0x1, 0x11, 0x7f, 0xf0,
    0x54, 0x3, 0xff, 0xfe, 0x1, 0xff, 0xd2, 0x11,
    0xff, 0xe0, 0x98, 0x4, 0xd5, 0x5f, 0xfc, 0x5,
    0x0, 0x9e, 0xef, 0xff, 0x80, 0xc0, 0x17, 0x80,
    0x7f, 0xf0, 0x78, 0x25, 0xc0, 0x3f, 0xf8, 0x12,
    0xc0,

    /* U+661F "星" */
    0x0, 0xff, 0xe8, 0x23, 0x11, 0x7f, 0xf0, 0x2e,
    0x40, 0x3f, 0x14, 0x5d, 0xff, 0xf0, 0x11, 0x90,
    0x3, 0xf1, 0x4c, 0xff, 0xf0, 0x15, 0xd0, 0x3,
    0xff, 0xa8, 0x79, 0x9f, 0xfc, 0x5, 0x0, 0xff,
    0x1e, 0x67, 0xff, 0x1, 0x40, 0x3f, 0xfd, 0xc7,
    0x99, 0xff, 0xc0, 0x50, 0xf, 0xf2, 0x76, 0x66,
    0xd8, 0xdc, 0xcc, 0xdc, 0x1, 0xf9, 0xef, 0xb8,
    0x60, 0x2, 0xb4, 0x0, 0xd2, 0xc0, 0x1f, 0x85,
    0xf, 0x4c, 0x2, 0x15, 0x0, 0xe1, 0x0, 0xfe,
    0x95, 0x30, 0x9, 0xc4, 0x3, 0x87, 0x74, 0x20,
    0x1e, 0x72, 0x6b, 0xbd, 0x41, 0x77, 0xd4, 0xec,
    0xc0, 0xe, 0x29, 0xdc, 0xbb, 0xda, 0x37, 0x7f,
    0x9c, 0x3, 0xf, 0x69, 0x0, 0x7f, 0xf1, 0xc6,
    0xfc, 0xc0, 0x3f, 0xf8, 0x2f, 0xa6, 0x1, 0xd4,
    0x79, 0x9f, 0x87, 0x33, 0xac, 0x64, 0x3, 0x8,
    0x3, 0x33, 0xf0, 0xe6, 0x7d, 0x40, 0x1f, 0xfe,
    0x47, 0x10, 0x56, 0x6f, 0xf5, 0xb, 0x37, 0xd3,
    0x1e, 0x7f, 0x33, 0xfe, 0x60, 0x99, 0xf9, 0x80,
    0x50,

    /* U+6708 "月" */
    0x0, 0xe1, 0x10, 0x7, 0xfc, 0xc0, 0x1f, 0x2f,
    0x66, 0x7f, 0xb6, 0x74, 0x40, 0x3c, 0x59, 0x9f,
    0xed, 0x9, 0x10, 0xf, 0xfe, 0x3b, 0x0, 0x7f,
    0xfe, 0x8b, 0x33, 0xfe, 0x0, 0xfe, 0x2c, 0xcf,
    0xf8, 0x3, 0xff, 0xa2, 0x22, 0x0, 0xff, 0xe3,
    0x98, 0x7, 0xff, 0x20, 0x58, 0x3, 0xff, 0x8f,
    0xab, 0x99, 0xff, 0x0, 0x7e, 0x1a, 0xcc, 0xff,
    0x80, 0x3f, 0x23, 0x80, 0x7f, 0xf1, 0x90, 0x88,
    0x1, 0xff, 0xc6, 0xeb, 0x0, 0xff, 0xe3, 0x13,
    0xb0, 0x7, 0xff, 0x1b, 0xa4, 0x3, 0xff, 0x8d,
    0x36, 0x80, 0x1f, 0xfc, 0x58, 0xe7, 0x0, 0xfe,
    0x47, 0xac, 0xc0, 0x10, 0x2e, 0x38, 0x7, 0xf9,
    0x1e, 0x91, 0xe8, 0x0,

    /* U+673A "机" */
    0x0, 0xe8, 0x60, 0xf, 0xfe, 0x50, 0xba, 0x80,
    0x61, 0x60, 0xe, 0x1a, 0x10, 0xf, 0xf1, 0x0,
    0x63, 0x9b, 0xbe, 0xc5, 0xc0, 0xf, 0xfe, 0x2d,
    0xdf, 0x60, 0x60, 0x7, 0xff, 0x0, 0x40, 0x3f,
    0xf9, 0x65, 0xd0, 0x1, 0xff, 0xc3, 0x6c, 0xcb,
    0x83, 0x38, 0xd1, 0x0, 0x1f, 0xfc, 0x26, 0xcc,
    0x84, 0x33, 0x32, 0x0, 0x7f, 0xf1, 0x84, 0x3,
    0xff, 0x96, 0x80, 0x8, 0x10, 0xf, 0xfe, 0x46,
    0x98, 0x7f, 0x90, 0x3, 0xff, 0x8e, 0xf4, 0xe,
    0xd6, 0x80, 0x1f, 0xfc, 0x55, 0x7, 0x0, 0x41,
    0xc0, 0x8, 0x80, 0x3f, 0xf8, 0x5d, 0x0, 0x1b,
    0xd0, 0x3, 0xff, 0x88, 0x4c, 0xc0, 0xc, 0x70,
    0xc, 0x60, 0x1f, 0xfc, 0x1b, 0x90, 0xf, 0xc6,
    0xc0, 0x1f, 0xfc, 0x2, 0x4, 0x0, 0xfd, 0xe6,
    0x1, 0xff, 0xc0, 0x49, 0x0, 0xfe, 0x4c, 0x0,
    0xff, 0xe0, 0x30, 0x7, 0xf0, 0x92, 0x0, 0x7f,
    0x90, 0x3, 0xfe, 0x66, 0x0, 0x7f, 0xda, 0x1,
    0xff, 0x54, 0x0, 0x7f, 0xc4, 0x1, 0xfe, 0x9b,
    0x10, 0xf, 0xf9, 0x40, 0x3f, 0x98, 0x18, 0x3,
    0xe1, 0x2e, 0xff, 0x9, 0x80, 0x71, 0x9, 0x8c,
    0x80, 0x7f, 0x6f, 0x75, 0xe6,

    /* U+6765 "来" */
    0x0, 0xff, 0x9e, 0x88, 0x3, 0xff, 0x93, 0xa4,
    0x40, 0xf, 0xff, 0x49, 0x6a, 0x0, 0x47, 0x99,
    0xfc, 0xaf, 0x99, 0xf1, 0x59, 0x80, 0xf, 0x31,
    0xdb, 0x99, 0xca, 0xf9, 0x9b, 0x75, 0xdf, 0xe3,
    0x0, 0xe2, 0xd3, 0x0, 0xff, 0x4f, 0x30, 0x7,
    0xf7, 0xe1, 0x0, 0x7e, 0x17, 0x86, 0x0, 0xfe,
    0x34, 0xe0, 0xf, 0xd2, 0x8e, 0x1, 0xff, 0x79,
    0x90, 0x7, 0x89, 0x68, 0x3, 0xff, 0x80, 0x80,
    0x60, 0x1e, 0x9f, 0x10, 0x9, 0x0, 0x2, 0x3f,
    0x70, 0x8, 0xfa, 0xc, 0x46, 0x5b, 0xb0, 0x3d,
    0xdf, 0xf7, 0x23, 0x55, 0xcd, 0xde, 0xf5, 0x14,
    0x6a, 0xaf, 0xdc, 0x0, 0x43, 0xaa, 0xfe, 0x40,
    0xf, 0xc3, 0x4c, 0xa6, 0x2a, 0x1, 0xff, 0xc5,
    0xd2, 0x90, 0x4, 0xc9, 0x0, 0x3f, 0xf8, 0x76,
    0x3a, 0x1, 0xba, 0x98, 0x3, 0xff, 0x83, 0x4f,
    0x82, 0x1, 0x8b, 0x61, 0xc0, 0x3f, 0xeb, 0x1c,
    0x10, 0xf, 0x1e, 0xcd, 0x90, 0x7, 0xc3, 0x98,
    0xb0, 0xf, 0xe3, 0xf6, 0xd6, 0x0, 0xe4, 0xdf,
    0x70, 0xf, 0xf8, 0x75, 0xa7, 0x54, 0x6, 0x4f,
    0xc, 0x3, 0xff, 0x85, 0x36, 0x15, 0x2d, 0xe,
    0x1, 0xff, 0xc5, 0x4d, 0xb9, 0x71, 0x0, 0xfe,
    0x3e, 0x0, 0xfe, 0x40,

    /* U+679C "果" */
    0x0, 0xff, 0xe9, 0x1d, 0x2a, 0xfa, 0x61, 0x57,
    0x9b, 0xd8, 0x3, 0xf9, 0x4c, 0xfc, 0xcc, 0x33,
    0xe0, 0x7, 0x0, 0x7f, 0xb, 0x37, 0x95, 0x9b,
    0xe0, 0xb0, 0xf, 0xff, 0x88, 0xe6, 0x79, 0x5f,
    0x33, 0xc0, 0x1f, 0xf0, 0xe6, 0x79, 0x5f, 0x33,
    0xc0, 0x1f, 0xff, 0x31, 0xcc, 0xf2, 0xbe, 0x67,
    0x80, 0x3f, 0xe1, 0xcc, 0xf2, 0xbe, 0x67, 0x88,
    0x40, 0x3f, 0x1f, 0x0, 0x7f, 0xf0, 0xb4, 0x88,
    0x1, 0xff, 0xcc, 0x2d, 0xa0, 0x9, 0xf3, 0x3f,
    0x6f, 0xab, 0xfe, 0x67, 0xb8, 0xd9, 0x80, 0x7,
    0xcc, 0xfc, 0xe4, 0x8e, 0xbb, 0x99, 0xf9, 0x80,
    0x3f, 0xd2, 0x9e, 0x21, 0x1a, 0x40, 0x1f, 0xfc,
    0x58, 0x7c, 0x20, 0x1, 0x7e, 0x20, 0x7, 0xff,
    0xe, 0x57, 0x8, 0x3, 0x1e, 0xd3, 0x80, 0x7f,
    0xf0, 0x7, 0xf, 0x48, 0x3, 0xc7, 0x95, 0x86,
    0x1, 0xfc, 0xbb, 0x14, 0x1, 0xfc, 0x5a, 0xd9,
    0x44, 0x1, 0xc3, 0x59, 0xa8, 0x1, 0xff, 0xc0,
    0xaa, 0x26, 0xd2, 0x80, 0x1e, 0x6e, 0x44, 0x3,
    0xff, 0x84, 0xbd, 0x8, 0x60, 0x6, 0x81, 0x0,
    0xfe, 0xe0, 0xf, 0xcf, 0xcc, 0x0,

    /* U+6B64 "此" */
    0x0, 0xf8, 0xd4, 0x80, 0x30, 0xb1, 0x80, 0x7f,
    0xf0, 0xd2, 0x0, 0x38, 0xa4, 0x3, 0xff, 0x8a,
    0xc4, 0x1, 0xc2, 0x60, 0x1f, 0xff, 0xf0, 0xf,
    0xf1, 0xf4, 0x0, 0x7f, 0xf1, 0x23, 0x0, 0x3d,
    0x0, 0x1f, 0x8, 0x7, 0xd4, 0xec, 0x80, 0x1f,
    0xfc, 0x5, 0xf4, 0x0, 0xc5, 0xa9, 0x54, 0x40,
    0xf, 0xe4, 0xcc, 0x40, 0x4b, 0x0, 0x1b, 0x17,
    0x94, 0x3, 0xfe, 0x4c, 0xc6, 0xf6, 0xb0, 0xdf,
    0x7c, 0x0, 0x7f, 0xf2, 0x6e, 0x4, 0x3, 0xff,
    0x92, 0x20, 0x1f, 0xff, 0xf0, 0xf, 0xff, 0x69,
    0x0, 0x7f, 0xf2, 0xc9, 0xc0, 0x3f, 0xf8, 0x28,
    0xa0, 0x1f, 0x98, 0x3, 0xfb, 0xd2, 0x2e, 0x85,
    0x40, 0x3f, 0x10, 0x7, 0xa, 0x46, 0x38, 0xed,
    0xd2, 0x80, 0x7f, 0x78, 0x1, 0x27, 0x2, 0x8a,
    0x7f, 0x94, 0x3, 0x8, 0x8c, 0x8b, 0x93, 0x0,
    0x5d, 0xd7, 0xd4, 0xa0, 0x1f, 0x12, 0x66, 0xef,
    0x19, 0x2, 0xe4, 0x20, 0x7, 0xfd, 0x7f, 0xfe,
    0xeb, 0x0,

    /* U+6BDB "毛" */
    0x0, 0xff, 0xe3, 0xa1, 0x0, 0x7f, 0xf2, 0xa,
    0x36, 0xfd, 0x0, 0x3f, 0xf8, 0x87, 0x1b, 0xa4,
    0xad, 0xd2, 0x0, 0x7f, 0xf0, 0x11, 0xff, 0xe0,
    0x9f, 0xc7, 0x20, 0xf, 0xc2, 0x8d, 0x39, 0x8d,
    0x10, 0xcc, 0x42, 0x0, 0x7f, 0x8e, 0x58, 0x56,
    0x33, 0x12, 0xc2, 0x1, 0xff, 0xc2, 0x39, 0x75,
    0x31, 0x0, 0xff, 0xe0, 0x18, 0x80, 0x7f, 0xf2,
    0xf7, 0xd8, 0x3, 0xff, 0x84, 0x2c, 0x8d, 0x15,
    0x78, 0x48, 0x20, 0x1f, 0x9, 0xab, 0xd5, 0xe0,
    0x46, 0x6, 0x45, 0xe6, 0x29, 0xc0, 0x39, 0x72,
    0xec, 0x66, 0x8b, 0xc1, 0xe8, 0x64, 0x20, 0xf,
    0xf2, 0xe5, 0x43, 0x21, 0x0, 0x7f, 0xf0, 0x44,
    0x3, 0xff, 0x99, 0xf4, 0x20, 0x1f, 0xfc, 0x52,
    0x46, 0x7c, 0x15, 0xb0, 0xf, 0xc2, 0x6a, 0x3f,
    0x79, 0x94, 0x60, 0x1f, 0x73, 0xe8, 0x11, 0xa2,
    0xb3, 0x2a, 0xa1, 0x5, 0xd6, 0x65, 0x50, 0xc8,
    0x42, 0x1, 0x18, 0x64, 0x66, 0x57, 0x2e, 0x28,
    0x20, 0x1f, 0xfc, 0x7, 0x64, 0x20, 0xf, 0xfe,
    0x32, 0x0, 0x7f, 0xf3, 0x30, 0x3, 0xff, 0x98,
    0x80, 0x1f, 0xfc, 0xc3, 0x0, 0xff, 0xe0, 0xa0,
    0x7, 0xf2, 0x81, 0x0, 0x7f, 0xd1, 0xf, 0xff,
    0xea, 0x5, 0x0, 0xff, 0x9b, 0xfb, 0x9b, 0xbb,
    0xba, 0xff, 0x38,

    /* U+6C14 "气" */
    0x0, 0xf2, 0x10, 0x7, 0xff, 0x2e, 0xbc, 0x80,
    0x3f, 0xf9, 0x28, 0x3c, 0x40, 0x1f, 0xfc, 0x3,
    0x0, 0xfd, 0xc4, 0x41, 0x1f, 0xfe, 0x4, 0xe3,
    0x0, 0x78, 0x54, 0xaa, 0xbf, 0xf8, 0x24, 0x98,
    0x20, 0x1d, 0x27, 0xf7, 0x7f, 0xfc, 0xa, 0xbb,
    0x50, 0x80, 0x61, 0x7f, 0x0, 0xff, 0xe0, 0x2f,
    0x28, 0x7, 0xd0, 0xa3, 0x99, 0xff, 0xc0, 0x93,
    0x91, 0x0, 0xe2, 0x4b, 0x2c, 0xcf, 0xfe, 0x18,
    0x80, 0x74, 0xc8, 0x40, 0x3f, 0xf8, 0x2, 0x1,
    0xf9, 0xb0, 0x9d, 0xff, 0xf8, 0x11, 0xce, 0x1,
    0xe3, 0xe7, 0x52, 0x2f, 0xfe, 0x6, 0x80, 0x7e,
    0x18, 0x3, 0x55, 0xff, 0xe0, 0x82, 0x80, 0x78,
    0x80, 0x3f, 0xf8, 0xa2, 0x1, 0xff, 0xcb, 0x10,
    0xf, 0xfe, 0x61, 0xb0, 0x7, 0xff, 0x2d, 0x88,
    0x3, 0xff, 0x96, 0x7a, 0x1, 0xff, 0xcb, 0xd4,
    0x0, 0xff, 0xe5, 0xa8, 0xa0, 0x4, 0x20, 0x1f,
    0xfc, 0x76, 0x90, 0xa, 0x40, 0x3f, 0xf8, 0xf0,
    0x76, 0x20, 0x40, 0x1f, 0xfc, 0x71, 0xc5, 0xeb,
    0x10, 0xf, 0xfe, 0x41, 0x74, 0x3a, 0x8, 0x7,
    0xff, 0x25, 0xf3, 0xc4,

    /* U+6CFD "泽" */
    0x0, 0x20, 0x7, 0xff, 0x30, 0x7a, 0x44, 0x2,
    0x12, 0x11, 0xfe, 0x96, 0x0, 0xe5, 0xc4, 0xc0,
    0x2, 0xd6, 0xd5, 0x7e, 0xc6, 0xa1, 0x0, 0xe2,
    0xf2, 0x38, 0x5b, 0xae, 0xbb, 0xf9, 0xcf, 0x4,
    0x3, 0xc5, 0xc4, 0x20, 0x5, 0xe2, 0x0, 0xe6,
    0x5e, 0x0, 0xfe, 0x17, 0xd0, 0xa, 0x78, 0x40,
    0x24, 0x9b, 0x20, 0xc, 0xcc, 0x10, 0xb, 0x50,
    0x2, 0x28, 0xc3, 0x4, 0xaa, 0x20, 0x7, 0x37,
    0xf3, 0x1, 0x8, 0x7, 0x27, 0x6f, 0xdd, 0x28,
    0x7, 0xd2, 0xf2, 0x35, 0xe0, 0x1e, 0x10, 0x8,
    0xc4, 0x3, 0xf4, 0x40, 0x55, 0x40, 0x18, 0xa7,
    0xef, 0xea, 0x9d, 0x6c, 0x20, 0x1e, 0x74, 0x60,
    0x9, 0x2a, 0x77, 0x4d, 0x87, 0xb6, 0x33, 0xdc,
    0xb2, 0x0, 0xdb, 0xa2, 0x89, 0x2b, 0xb2, 0x0,
    0x9, 0x81, 0x2b, 0xf2, 0x78, 0x80, 0x33, 0x39,
    0x44, 0xb0, 0x80, 0x7e, 0x98, 0x37, 0x50, 0xc,
    0xa6, 0x20, 0x2, 0xcc, 0xf0, 0xe6, 0x4c, 0xf0,
    0x1, 0xee, 0xb0, 0x8, 0xb3, 0x3c, 0x39, 0x97,
    0xfa, 0x0, 0x38, 0x51, 0x0, 0x1f, 0xfc, 0x92,
    0x80, 0x30, 0xf, 0xfe, 0x22, 0x50, 0x5, 0x6c,
    0x40, 0x6, 0xaa, 0xfb, 0x46, 0xab, 0xcb, 0x80,
    0x9, 0x70, 0x9, 0xae, 0xff, 0x5, 0xdf, 0x7f,
    0x68, 0x5, 0xa4, 0x1, 0x8, 0xfc, 0xc2, 0x3f,
    0xc0, 0x10, 0x81, 0x80, 0x7f, 0xf2, 0x84, 0x18,
    0x3, 0xff, 0x94, 0x60, 0x1f, 0xfc, 0xc3, 0x14,
    0x0, 0xff, 0x10, 0x7, 0xf0,

    /* U+6D1B "洛" */
    0x0, 0x10, 0x80, 0x7e, 0x83, 0x0, 0xff, 0xe1,
    0x6d, 0x98, 0x7, 0x1b, 0xa0, 0x7, 0xff, 0x4,
    0xb0, 0x70, 0xc0, 0x34, 0x9b, 0x80, 0x79, 0x0,
    0x3f, 0x51, 0xd8, 0x4, 0x2a, 0x57, 0x7e, 0xfb,
    0x60, 0xf, 0xd9, 0x0, 0x14, 0x7, 0xd5, 0x74,
    0x83, 0xb8, 0x3, 0xfd, 0x20, 0x4f, 0x2e, 0x23,
    0xd6, 0x50, 0x20, 0x13, 0x52, 0x0, 0x4b, 0x81,
    0xd6, 0xda, 0x40, 0x12, 0xb7, 0x80, 0x73, 0x75,
    0xd0, 0x3, 0xd5, 0xd5, 0x41, 0x3c, 0x20, 0x55,
    0x42, 0x0, 0xf2, 0x5a, 0xa1, 0x10, 0xf6, 0x40,
    0x5, 0x3a, 0x79, 0xa, 0x1, 0xf9, 0x29, 0x6f,
    0x2a, 0x80, 0x19, 0x55, 0x8a, 0xe0, 0x1f, 0xe5,
    0x2, 0x49, 0x0, 0xe4, 0x73, 0x49, 0x0, 0xff,
    0x9b, 0x40, 0x3d, 0x13, 0xb9, 0x84, 0xe8, 0x20,
    0xf, 0xd4, 0xc0, 0x19, 0x30, 0x34, 0xc0, 0xf6,
    0x1b, 0x72, 0x10, 0x3, 0x23, 0x80, 0x47, 0x9d,
    0xc8, 0x0, 0xe6, 0xf9, 0x77, 0x68, 0x6, 0xfe,
    0x6, 0xab, 0xb3, 0xdc, 0xcf, 0xd9, 0x75, 0xd2,
    0x1, 0x12, 0xa1, 0x2d, 0x41, 0xd, 0xdf, 0xe1,
    0x41, 0x10, 0x6, 0x87, 0x2, 0x30, 0xc, 0x45,
    0xf9, 0xf8, 0x3, 0x1e, 0x2f, 0x0, 0x7f, 0xf2,
    0x4f, 0x8, 0x3, 0xff, 0x98, 0xfa, 0x1, 0xff,
    0xcc, 0x70, 0xf, 0xfe, 0x58, 0x98, 0x7, 0x8f,
    0x33, 0xf2, 0x0, 0x7c, 0xe0, 0x1f, 0x1e, 0x67,
    0xe4, 0x0, 0xf9, 0x58, 0x3, 0xca, 0x1, 0xf8,
    0x8c, 0x3, 0x0,

    /* U+6F14 "演" */
    0x0, 0xff, 0xe7, 0x89, 0x80, 0x7f, 0xa6, 0x0,
    0x3f, 0xe1, 0xbe, 0x70, 0xf, 0xd2, 0x78, 0x1,
    0xff, 0x45, 0xc5, 0x0, 0x10, 0x3, 0xa8, 0xd4,
    0x3, 0xfe, 0x59, 0x50, 0x5, 0x22, 0x72, 0xb0,
    0x22, 0x6b, 0xc0, 0xf, 0x37, 0x1, 0x8e, 0x67,
    0x87, 0x73, 0x32, 0x1b, 0x0, 0x79, 0x4f, 0x92,
    0x23, 0xff, 0x80, 0x38, 0xc0, 0xe6, 0x1, 0x6d,
    0x17, 0x0, 0x7f, 0xb2, 0x34, 0xc0, 0xb, 0xd8,
    0x40, 0x71, 0x81, 0x99, 0xdf, 0xec, 0xc8, 0x55,
    0x80, 0x22, 0xc1, 0xe3, 0x21, 0x35, 0xcc, 0xe5,
    0x7c, 0xcb, 0x74, 0xa0, 0x18, 0x7a, 0xaf, 0x0,
    0x2, 0x1, 0xff, 0x10, 0x7, 0x8d, 0x91, 0x40,
    0x11, 0xb7, 0x79, 0x5e, 0xef, 0x6d, 0x0, 0x78,
    0x46, 0x0, 0x96, 0xab, 0x23, 0x55, 0x60, 0xe0,
    0xf, 0x3b, 0x80, 0x38, 0x47, 0xfc, 0xe, 0x1,
    0xec, 0xc0, 0x7, 0xff, 0x2d, 0x54, 0x1, 0x9f,
    0x33, 0x2b, 0xe6, 0x60, 0xf, 0x90, 0xc, 0x3,
    0x3e, 0x66, 0x57, 0xcc, 0xc0, 0x1e, 0x3f, 0x20,
    0xf, 0xfe, 0x52, 0x2b, 0x0, 0x72, 0x2a, 0xff,
    0x80, 0x3c, 0xef, 0x0, 0x70, 0x91, 0x68, 0xa2,
    0x2c, 0x1, 0xf7, 0x18, 0x6, 0xe8, 0x77, 0x1b,
    0xbe, 0x67, 0x76, 0x18, 0x7, 0x8, 0x8, 0x4,
    0xea, 0x37, 0x68, 0x0, 0x9b, 0x29, 0xc0, 0x3c,
    0x20, 0x60, 0x19, 0x7c, 0x36, 0x0, 0x27, 0xcd,
    0xbe, 0x50, 0xd, 0xe0, 0x20, 0x3, 0xbe, 0xab,
    0x20, 0xf, 0x3f, 0x15, 0x38, 0x5, 0xc4, 0x61,
    0x37, 0x36, 0x80, 0x1f, 0xc3, 0x8b, 0xa0,

    /* U+706B "火" */
    0x0, 0xff, 0xc, 0x30, 0x7, 0xff, 0x29, 0xc8,
    0x3, 0xff, 0x92, 0x60, 0xc0, 0x1f, 0xfc, 0xb1,
    0x0, 0xff, 0xe5, 0xb8, 0x7, 0xff, 0x11, 0x0,
    0x3c, 0x20, 0x1f, 0x18, 0x7, 0xee, 0x0, 0xc2,
    0x4, 0x1, 0xe3, 0xcc, 0x8, 0x7, 0x98, 0x3,
    0x38, 0x70, 0x7, 0xf, 0x1e, 0x8, 0x7, 0x23,
    0x80, 0x71, 0x90, 0x7, 0x68, 0xe0, 0x7, 0xda,
    0x40, 0x18, 0x9d, 0xc0, 0x1a, 0xdf, 0x0, 0x3e,
    0x16, 0xd0, 0xd, 0xc2, 0xc4, 0x0, 0xb2, 0xb0,
    0xf, 0xd4, 0x48, 0x1, 0x8b, 0x71, 0x2, 0xb6,
    0x40, 0x3f, 0x5a, 0x70, 0x7, 0x21, 0xad, 0x4c,
    0x30, 0x7, 0xe1, 0x16, 0x18, 0x6, 0x21, 0x43,
    0x35, 0x90, 0x7, 0xf0, 0xd1, 0x80, 0x75, 0x20,
    0x1, 0x94, 0x3, 0xff, 0x8c, 0xde, 0x0, 0xa9,
    0x10, 0xf, 0xfe, 0x23, 0x92, 0x0, 0xd, 0x60,
    0x3, 0xff, 0x86, 0x53, 0xc0, 0x1a, 0x59, 0x40,
    0x3f, 0xf8, 0x5d, 0x4, 0x1, 0x8a, 0x29, 0x0,
    0x3f, 0xf8, 0x19, 0x6c, 0x1, 0xe7, 0x4b, 0x40,
    0xf, 0xe2, 0xc9, 0x70, 0xf, 0xd6, 0x76, 0xe0,
    0x1f, 0x34, 0xf2, 0x80, 0x7f, 0xb1, 0x63, 0x50,
    0x2, 0x4b, 0xb, 0x20, 0xf, 0xfe, 0x5, 0x50,
    0xef, 0xe, 0x6, 0xd8, 0x3, 0xff, 0x86, 0xbe,
    0xf4, 0x60,

    /* U+71CE "燎" */
    0x0, 0xd0, 0xe0, 0x1f, 0x9e, 0x90, 0x3, 0xff,
    0x80, 0xc0, 0x1f, 0xd4, 0x68, 0x1, 0xff, 0xc1,
    0x20, 0xf, 0x88, 0x94, 0x1, 0xc9, 0x82, 0x1,
    0xf8, 0xf3, 0x3b, 0x43, 0xf3, 0xb3, 0x2b, 0x3c,
    0x0, 0xfc, 0x7b, 0x99, 0x86, 0xb3, 0xf, 0x99,
    0x6f, 0xe8, 0x7, 0xe2, 0x3c, 0x70, 0x72, 0x50,
    0x7, 0xa8, 0x16, 0xd0, 0x6, 0x70, 0x8, 0x73,
    0xbe, 0x22, 0xe0, 0x9, 0xa4, 0x65, 0x2c, 0x2,
    0x1e, 0x0, 0xc, 0x16, 0x9c, 0x3c, 0x10, 0x6,
    0xfe, 0xdb, 0x10, 0x9, 0xc, 0x1, 0x8b, 0xa2,
    0x1a, 0x6e, 0x1, 0xc6, 0xd2, 0x20, 0x1b, 0xc8,
    0x5, 0x30, 0x41, 0x94, 0xae, 0xfe, 0x70, 0xe3,
    0x0, 0x12, 0xe8, 0x3, 0xc0, 0xd, 0xe1, 0xf7,
    0x7f, 0x60, 0x3e, 0x48, 0xc1, 0x28, 0x0, 0x42,
    0x42, 0x40, 0x3f, 0xe8, 0xb4, 0x2b, 0xd0, 0x8,
    0xc6, 0x18, 0x1, 0x99, 0xfc, 0x0, 0x4d, 0x31,
    0x0, 0x10, 0x8, 0xc0, 0x16, 0x67, 0xf0, 0x7,
    0xe1, 0x10, 0x7, 0xff, 0x2d, 0x86, 0x0, 0x3b,
    0xf3, 0x1b, 0xfb, 0x98, 0xd0, 0xf, 0xda, 0xdf,
    0xa2, 0x0, 0x1f, 0xcc, 0x83, 0x32, 0xd3, 0x0,
    0xf9, 0x31, 0xdd, 0x80, 0xf, 0xb4, 0x0, 0xe7,
    0x3c, 0x0, 0xf8, 0xd4, 0x2c, 0x88, 0x10, 0xe0,
    0x1e, 0x4c, 0x60, 0xf, 0x32, 0x80, 0x6, 0xc9,
    0x9f, 0xd0, 0x3, 0x8f, 0xa6, 0x80, 0x3a, 0xe4,
    0x2, 0x44, 0x5e, 0x10, 0x7, 0xc7, 0x6a, 0xc0,
    0x13, 0x21, 0x80, 0x4d, 0xd8, 0x40, 0x1c, 0x20,
    0x12, 0x3e, 0x80, 0xa, 0xa4, 0x3, 0x25, 0x8,
    0x13, 0xd6, 0x80, 0x7a, 0x28, 0x0, 0xfa, 0x1,
    0xc4, 0x1, 0x13, 0xd8, 0xd0, 0x7, 0x84, 0x0,

    /* U+7528 "用" */
    0x0, 0x8c, 0x80, 0x3f, 0xf8, 0x72, 0x20, 0x19,
    0x77, 0x33, 0xdf, 0xec, 0xcf, 0x9b, 0xc8, 0x3,
    0x1e, 0x67, 0xc3, 0x99, 0xf0, 0x51, 0x0, 0x7f,
    0xf2, 0x58, 0x3, 0xff, 0xfc, 0x79, 0x9f, 0xe,
    0x67, 0xc0, 0x1f, 0x1e, 0x67, 0xc3, 0x99, 0xf0,
    0x7, 0xce, 0x1, 0xff, 0xc9, 0x10, 0xf, 0xfe,
    0x57, 0x88, 0x7, 0xff, 0x80, 0x57, 0x33, 0xe1,
    0xcc, 0xf8, 0x3, 0xc5, 0x19, 0x9f, 0xe, 0x67,
    0xc0, 0x1e, 0x63, 0x0, 0xff, 0xe4, 0x92, 0x80,
    0x7f, 0xf2, 0x10, 0xc4, 0x3, 0xff, 0x91, 0x96,
    0x1, 0xff, 0xc9, 0x66, 0x0, 0x7f, 0xf2, 0x19,
    0x82, 0x1, 0xff, 0xc7, 0x1a, 0x80, 0xf, 0xfe,
    0xb, 0xcc, 0xc0, 0x61, 0x1e, 0x1, 0xfe, 0x20,
    0x9, 0xe7, 0x99, 0x44, 0x20, 0xc0, 0x3f, 0x8f,
    0x0, 0x39, 0xfa, 0x80, 0x0,

    /* U+76EE "目" */
    0x20, 0xf, 0xfe, 0x13, 0x0, 0x2f, 0x6e, 0xff,
    0xf8, 0x19, 0x3c, 0x20, 0x95, 0x5f, 0xfc, 0xd,
    0x8, 0x10, 0x0, 0x8f, 0xff, 0x4, 0x10, 0x3,
    0xff, 0xd8, 0xd7, 0x7f, 0xfc, 0x10, 0xc, 0xd7,
    0x7f, 0xfc, 0x10, 0xf, 0xff, 0xf8, 0x7, 0xff,
    0x1d, 0xb3, 0x3f, 0xf8, 0x20, 0x19, 0xb3, 0x3f,
    0xf8, 0x20, 0x1f, 0xff, 0xf0, 0x6c, 0xcf, 0xfe,
    0x8, 0x6, 0x6c, 0xcf, 0xfe, 0x8, 0x4, 0x3c,
    0x1, 0xff, 0xc1, 0x23, 0x0,

    /* U+798F "福" */
    0x0, 0xc8, 0x20, 0x1f, 0xfc, 0xb5, 0xc5, 0x0,
    0xff, 0xe1, 0xd3, 0x80, 0x70, 0xf5, 0x28, 0x2,
    0xb3, 0x3f, 0xda, 0xb0, 0xe0, 0x1c, 0x6f, 0x20,
    0xa, 0xcc, 0xff, 0x6f, 0xf9, 0xc0, 0x3d, 0x30,
    0x1, 0xff, 0xc1, 0x20, 0xc, 0x68, 0x99, 0x43,
    0xd8, 0xb, 0x66, 0x7e, 0xad, 0x90, 0x9, 0x73,
    0x3b, 0xc3, 0x4, 0xa, 0xab, 0xee, 0xc, 0x0,
    0x9a, 0x23, 0x88, 0xe8, 0x40, 0x6, 0x7f, 0x20,
    0x20, 0x7, 0xe2, 0x6f, 0x0, 0xff, 0xe5, 0x73,
    0x18, 0x6, 0xaa, 0xfa, 0xc0, 0x3f, 0x9c, 0xe4,
    0x3, 0xae, 0xfe, 0x91, 0x10, 0x7, 0x8a, 0x20,
    0x1, 0x8b, 0x4, 0x7e, 0x2e, 0x0, 0xfb, 0xc2,
    0xa0, 0x0, 0x62, 0x60, 0x1f, 0xcc, 0x60, 0x1a,
    0xec, 0x32, 0x5a, 0x29, 0xf9, 0x9b, 0xfd, 0x99,
    0xa7, 0xc, 0x1, 0x3a, 0xc0, 0xa, 0x1d, 0x5,
    0xcc, 0xc3, 0x79, 0x99, 0x24, 0xc2, 0x31, 0x80,
    0x37, 0x8, 0x7, 0xff, 0xc, 0x69, 0x40, 0x38,
    0xb4, 0x3, 0xff, 0x86, 0x24, 0x1, 0xfc, 0x99,
    0x98, 0x6f, 0x33, 0x20, 0x7, 0xff, 0x5, 0x33,
    0x30, 0xde, 0x66, 0x40, 0xf, 0xff, 0x9a, 0x33,
    0x61, 0xe6, 0x6c, 0xa0, 0x1f, 0xfc, 0x11, 0x33,
    0xd5, 0xe6, 0x78, 0x3, 0xf9, 0x80, 0x33, 0xaa,
    0xff, 0x90, 0x80, 0x3d, 0xc4, 0x1, 0x3c, 0x80,
    0x7f, 0xa9, 0x0,

    /* U+7EA6 "约" */
    0x0, 0xf1, 0x8, 0x7, 0x85, 0x84, 0x3, 0xff,
    0x85, 0x3c, 0x80, 0x1c, 0xf2, 0xc0, 0x1f, 0xfc,
    0x14, 0x45, 0x20, 0x7, 0x61, 0xb8, 0x7, 0xff,
    0x6, 0x55, 0x40, 0x1e, 0x5a, 0x0, 0xff, 0xe0,
    0xb9, 0xd8, 0x7, 0x94, 0x18, 0x3, 0xc6, 0x80,
    0x18, 0xa3, 0x44, 0x1, 0x52, 0x0, 0x80, 0xcc,
    0xfd, 0x6a, 0x1, 0x74, 0x98, 0x1, 0x14, 0x8b,
    0x76, 0x67, 0xce, 0xaa, 0x0, 0x42, 0xb0, 0x5,
    0x29, 0x65, 0x6c, 0x20, 0x1f, 0x9, 0x80, 0x29,
    0x69, 0x15, 0xb8, 0xe8, 0x5, 0xe0, 0x3, 0xf8,
    0x40, 0xa, 0x5b, 0xc5, 0xe3, 0xa2, 0x11, 0x1,
    0x0, 0xfc, 0x60, 0x15, 0x6f, 0x53, 0x3c, 0x98,
    0x11, 0x18, 0x20, 0x80, 0x3e, 0xf0, 0x2, 0x90,
    0x3, 0x59, 0x80, 0x8, 0xa0, 0x5, 0x61, 0x80,
    0x70, 0x88, 0x3, 0xa5, 0xa0, 0x2, 0xb1, 0x0,
    0x14, 0xe9, 0x0, 0x67, 0x0, 0xe7, 0x2a, 0x0,
    0xc2, 0x1, 0x9c, 0x24, 0x3, 0x9, 0x80, 0x4d,
    0xb6, 0x0, 0x36, 0x88, 0x0, 0x74, 0xa0, 0x80,
    0x46, 0x20, 0xd, 0x93, 0xbe, 0xe4, 0x9c, 0xc0,
    0x7, 0x28, 0x8, 0x4, 0x2e, 0x0, 0x20, 0x2c,
    0xde, 0xa5, 0x10, 0xf, 0x17, 0x80, 0x71, 0x0,
    0x37, 0xad, 0xcc, 0x3, 0xff, 0x86, 0x40, 0x20,
    0x2, 0x10, 0xf, 0x13, 0xb0, 0x7, 0xf3, 0x8,
    0x7, 0xe3, 0x8d, 0xb5, 0x60, 0xf, 0xe2, 0x20,
    0x7, 0x2c, 0xf6, 0xfe, 0x49, 0x0, 0x7f, 0xb1,
    0x40, 0x27, 0xfa, 0x2b, 0xe7, 0x10, 0xf, 0xf8,
    0x53, 0x40, 0x25, 0x4e, 0xb5, 0x0, 0xff, 0x2c,
    0xe6, 0x3c, 0xd0, 0x2, 0x2b, 0x10, 0xf, 0xfe,
    0x2, 0xce, 0x92, 0xf8, 0x4,

    /* U+7FF0 "翰" */
    0x0, 0xc2, 0xe8, 0x1, 0xfc, 0xaa, 0x10, 0xf,
    0xf1, 0xc2, 0x80, 0x7e, 0x2a, 0xf0, 0xf, 0xfe,
    0x8, 0x80, 0x7e, 0xe8, 0x85, 0x80, 0x7f, 0xf0,
    0xaf, 0x4, 0x2, 0x87, 0x71, 0x64, 0x80, 0x73,
    0x66, 0x60, 0xcc, 0x38, 0x48, 0x1, 0x8e, 0xc0,
    0xc, 0x14, 0x1, 0x9b, 0x33, 0x6, 0x66, 0x80,
    0x5c, 0xb0, 0xd, 0x27, 0xa4, 0x1, 0x8, 0x7,
    0x90, 0x41, 0xb2, 0x80, 0x3d, 0x2b, 0xb0, 0x0,
    0x9d, 0xbf, 0xb, 0xbb, 0xac, 0xe4, 0x3, 0xf4,
    0x5a, 0x10, 0x1, 0xef, 0x7e, 0xec, 0x51, 0x4e,
    0x45, 0x5a, 0x91, 0x9d, 0x67, 0x84, 0x1, 0xfc,
    0x43, 0x77, 0x92, 0x56, 0xaa, 0x4a, 0x20, 0x8,
    0x47, 0xc0, 0x14, 0xce, 0x39, 0x79, 0x99, 0x68,
    0x80, 0x2, 0x95, 0x5c, 0x40, 0x5, 0x0, 0xe5,
    0x10, 0xf, 0x85, 0x6e, 0xf8, 0x80, 0xd, 0xc6,
    0x1, 0x37, 0xa0, 0x7, 0xff, 0x10, 0xe7, 0x40,
    0x23, 0x8a, 0x0, 0xf9, 0x73, 0x7f, 0x30, 0x40,
    0x13, 0x91, 0x0, 0x26, 0x22, 0x0, 0x77, 0x56,
    0x78, 0x66, 0x2d, 0x40, 0x2c, 0x20, 0xd, 0x84,
    0x1, 0xcc, 0xa0, 0x1c, 0x80, 0x1e, 0x30, 0xc,
    0x4a, 0x1, 0xff, 0x56, 0x8, 0x1, 0x6c, 0x3,
    0x34, 0xa0, 0x5, 0x19, 0x98, 0x33, 0xc, 0xc,
    0xbb, 0xf6, 0x60, 0x37, 0x96, 0x20, 0x14, 0x66,
    0x60, 0xcc, 0xd5, 0x71, 0x40, 0x16, 0x15, 0x0,
    0x7f, 0xf0, 0xeb, 0x14, 0x3, 0x74, 0x80, 0x7f,
    0xf1, 0x1c, 0x80, 0x38, 0xc0, 0x3f, 0xf8, 0xe5,
    0x14, 0x62, 0xb, 0x34, 0x82, 0x1, 0xf1, 0x0,
    0x78, 0xa0, 0xd5, 0x1, 0x64, 0xd5, 0xc0, 0x0,

    /* U+82F9 "苹" */
    0x0, 0xfa, 0x60, 0x3, 0xc7, 0x2a, 0x1, 0xff,
    0xc2, 0x7c, 0x0, 0xf3, 0xa2, 0x80, 0x7f, 0xf0,
    0xdc, 0x3, 0xff, 0x81, 0x34, 0x0, 0x9c, 0xcf,
    0xf, 0x66, 0x7a, 0x4b, 0x33, 0x32, 0xd0, 0x4e,
    0x67, 0x87, 0xb3, 0x3d, 0x25, 0x99, 0xbf, 0xd4,
    0x1, 0xff, 0xd5, 0x51, 0x0, 0xf3, 0xa8, 0x4,
    0x20, 0x1e, 0x11, 0xea, 0x31, 0x11, 0x8, 0xc5,
    0x22, 0x36, 0x60, 0x40, 0x22, 0xaa, 0xfe, 0xdf,
    0xaa, 0xf9, 0x9d, 0xc0, 0x11, 0x5d, 0xff, 0x6,
    0xdd, 0xff, 0x30, 0x7, 0xc, 0x10, 0x7, 0xfc,
    0x5a, 0xc0, 0x1f, 0x86, 0xbd, 0xc0, 0x3f, 0xd2,
    0x2e, 0x1, 0xfc, 0x5f, 0x10, 0x0, 0xfc, 0x8b,
    0xa2, 0x1, 0xfe, 0x2a, 0x73, 0x0, 0xfa, 0x74,
    0x40, 0x3f, 0xf8, 0xa, 0x6a, 0x1, 0xe9, 0x91,
    0x80, 0x7f, 0xf0, 0xb1, 0x80, 0x38, 0x75, 0x0,
    0x33, 0xe9, 0x5, 0x66, 0x7f, 0x83, 0x31, 0xb1,
    0x99, 0xd2, 0x5e, 0x15, 0x99, 0xfe, 0xc, 0xcf,
    0xee, 0xfd, 0x0, 0xff, 0xff, 0x80, 0x7f, 0xfc,
    0x88, 0x40, 0x3f, 0xf8, 0x0,

    /* U+88AB "被" */
    0x0, 0xce, 0x1, 0xff, 0xc, 0x28, 0x7, 0xff,
    0x2, 0xc0, 0x3f, 0xc6, 0xee, 0x0, 0xff, 0x9d,
    0xa4, 0x3, 0xfe, 0x20, 0xf, 0xfe, 0x4, 0x30,
    0x7, 0xff, 0x10, 0x80, 0x3e, 0x55, 0x1, 0x0,
    0x1f, 0xa2, 0x30, 0x44, 0x6b, 0xd4, 0x0, 0x34,
    0x46, 0x29, 0xd8, 0xf, 0x3c, 0xcc, 0x19, 0x98,
    0x3, 0x93, 0x33, 0x8c, 0x30, 0x0, 0xe8, 0x98,
    0x11, 0x30, 0x4a, 0x0, 0x9, 0x13, 0x9e, 0x10,
    0x3, 0xfe, 0x17, 0x60, 0xf, 0xcc, 0xe, 0x1,
    0xff, 0xc0, 0x5f, 0x0, 0xfc, 0x31, 0x25, 0x0,
    0x1f, 0xf3, 0x30, 0x3, 0xf6, 0xba, 0x48, 0x90,
    0x2e, 0xfe, 0x78, 0x66, 0x5b, 0x48, 0x1, 0xe6,
    0x3f, 0x51, 0x92, 0x17, 0xd6, 0xcd, 0xfc, 0xc8,
    0x25, 0x0, 0x38, 0xec, 0x6, 0xb8, 0x0, 0x60,
    0x3, 0x0, 0xe5, 0x6, 0x0, 0xe2, 0xff, 0x3,
    0x5d, 0x98, 0x7, 0x83, 0x14, 0x3, 0x73, 0x0,
    0x71, 0xce, 0x90, 0x1, 0x2a, 0x45, 0x88, 0x1f,
    0x80, 0x23, 0x48, 0x0, 0xc3, 0x56, 0x20, 0x19,
    0x60, 0x9, 0x40, 0x49, 0x0, 0x1e, 0xe2, 0x1,
    0x86, 0x40, 0x3e, 0x72, 0x20, 0x80, 0x2e, 0x41,
    0x8a, 0x0, 0x3f, 0xf8, 0x76, 0x80, 0x11, 0x2e,
    0xce, 0x80, 0x7f, 0xf1, 0x16, 0x80, 0x35, 0x10,
    0x98, 0x7, 0xff, 0xc, 0xc4, 0xc0, 0x22, 0xc7,
    0x8, 0x0, 0xff, 0xe1, 0xc4, 0x0, 0x24, 0xfa,
    0x8d, 0x6b, 0x10, 0xf, 0xfe, 0x2, 0xa, 0x0,
    0xd7, 0xf9, 0x0, 0xf1, 0xb9, 0xc0, 0x3f, 0xc3,
    0x16, 0xf, 0x5f, 0x64, 0x1, 0x16, 0xbc, 0x7c,
    0x80, 0x78, 0x44, 0xda, 0xf2, 0x76, 0xa0, 0x1f,
    0x47, 0x3d, 0x80, 0x7b, 0x81, 0xc5, 0xa5, 0x0,
    0x3f, 0xc3, 0x4, 0x0,

    /* U+89C1 "见" */
    0x0, 0xd0, 0x42, 0x3f, 0xfc, 0x2, 0xa1, 0x0,
    0xf9, 0xe2, 0x3f, 0xf8, 0x4b, 0x20, 0x1f, 0xa2,
    0x67, 0xff, 0x82, 0x30, 0x1, 0xff, 0xc2, 0x21,
    0x0, 0xff, 0xe5, 0x7d, 0x8, 0x7, 0xff, 0x2b,
    0x84, 0x3, 0xff, 0x92, 0x60, 0x1f, 0xfc, 0xc1,
    0x0, 0xff, 0xe5, 0xb, 0x80, 0x7f, 0xf2, 0x44,
    0x8, 0x3, 0xff, 0x92, 0x40, 0x2e, 0xa0, 0x1f,
    0xfc, 0x75, 0x20, 0x80, 0xf, 0xfe, 0x47, 0xa0,
    0x1, 0x80, 0x3f, 0xf8, 0xef, 0xa0, 0x1f, 0xfc,
    0x45, 0x30, 0x9, 0x41, 0x0, 0x3c, 0x54, 0x1,
    0xfa, 0x84, 0x2, 0x8b, 0x0, 0xf8, 0x50, 0x3,
    0xff, 0x81, 0x2, 0xa0, 0x1f, 0xf1, 0x98, 0x3,
    0xe5, 0x6d, 0x0, 0xff, 0xe0, 0x30, 0x7, 0xcb,
    0x18, 0x20, 0x1f, 0xfc, 0x2, 0x70, 0xe, 0x7e,
    0xc2, 0x0, 0xff, 0xe0, 0xe8, 0x6, 0x3b, 0xb,
    0x10, 0xf, 0x38, 0x7, 0xc8, 0x20, 0x53, 0x54,
    0x70, 0xf, 0x96, 0xff, 0xfe, 0x1f, 0x65, 0x89,
    0x10, 0xf, 0xd5, 0xfd, 0xde, 0xff, 0x50,

    /* U+89E3 "解" */
    0x0, 0xe8, 0x40, 0xf, 0xfe, 0x59, 0xb9, 0x0,
    0x7f, 0xf0, 0xc8, 0xc0, 0x3d, 0x60, 0x84, 0x4a,
    0x60, 0x5c, 0xcb, 0xfd, 0xb9, 0x96, 0xe2, 0x0,
    0x73, 0x84, 0x42, 0x56, 0x89, 0x73, 0x27, 0x2d,
    0xcc, 0x9d, 0x50, 0x3, 0x29, 0x7d, 0x50, 0xcd,
    0x84, 0x1, 0x8d, 0x0, 0x30, 0x98, 0x7, 0x4c,
    0x0, 0x5, 0xb8, 0x3, 0x85, 0x28, 0x3, 0x1f,
    0x0, 0x65, 0x25, 0x0, 0x45, 0x10, 0xa0, 0x5,
    0x28, 0x60, 0x19, 0x88, 0x3, 0x40, 0xf6, 0x7b,
    0x46, 0x75, 0xb8, 0x1b, 0x50, 0x8, 0x0, 0x4d,
    0xc0, 0x29, 0xe0, 0xfc, 0xc0, 0x66, 0x28, 0x9c,
    0xff, 0x4, 0x16, 0x7b, 0x86, 0x40, 0x15, 0x98,
    0x6, 0x10, 0x8, 0x56, 0xf0, 0x80, 0xb, 0x37,
    0x38, 0x1, 0x88, 0x3, 0xfc, 0xb1, 0x36, 0x44,
    0xe7, 0x56, 0x0, 0xfd, 0xf9, 0x81, 0xcc, 0x51,
    0x80, 0x13, 0x88, 0x0, 0xe0, 0x1f, 0xef, 0xcc,
    0xe, 0x62, 0x8c, 0x8, 0x8a, 0x1, 0xea, 0x30,
    0xc, 0x20, 0x1f, 0xea, 0xc, 0xc8, 0x33, 0x1a,
    0xb8, 0x40, 0x1c, 0x20, 0x1f, 0x97, 0xb3, 0x20,
    0xcc, 0x6f, 0xf8, 0x80, 0x23, 0x0, 0xfe, 0x6b,
    0x10, 0xf, 0xfe, 0x1e, 0x64, 0x39, 0x8a, 0x33,
    0x30, 0x7, 0xf0, 0x80, 0x66, 0x3c, 0xc8, 0x73,
    0x14, 0x6a, 0x23, 0xc0, 0x23, 0x37, 0x20, 0x4,
    0x4c, 0x1, 0xf9, 0xea, 0xb7, 0x5, 0x55, 0xa9,
    0xc0, 0x17, 0x68, 0x7, 0xe7, 0xbb, 0xde, 0x17,
    0x7d, 0x40, 0x12, 0x28, 0x7, 0xff, 0x2c, 0x40,
    0x80, 0x2, 0xe0, 0x1f, 0xfc, 0x76, 0x90, 0x8,
    0xad, 0xdb, 0xc0, 0x3f, 0xf8, 0x9c, 0xa0, 0x18,
    0x9f, 0x96, 0x80, 0x3c, 0x40, 0x1f, 0xa4, 0x3,
    0xe8, 0xf6, 0x0, 0xe2, 0xd0, 0xf, 0x80,

    /* U+8BA1 "计" */
    0x0, 0x98, 0x3, 0xfe, 0x39, 0x50, 0xf, 0xf1,
    0x61, 0x0, 0x7f, 0x32, 0x28, 0x7, 0xf9, 0x2b,
    0x4c, 0x3, 0xff, 0x94, 0xcb, 0xa2, 0x1, 0xff,
    0xca, 0xb0, 0x60, 0xf, 0xfe, 0x50, 0xc1, 0x0,
    0x7f, 0xf2, 0x91, 0x94, 0x3, 0xff, 0x8a, 0x99,
    0x97, 0xdb, 0x80, 0x7f, 0xf1, 0x93, 0x32, 0x70,
    0x70, 0xf, 0xfe, 0x11, 0x61, 0x0, 0x76, 0x80,
    0x4f, 0x77, 0xea, 0x2b, 0xbd, 0x87, 0x82, 0x1,
    0x84, 0x80, 0xf, 0x55, 0xe9, 0x1a, 0xad, 0xfd,
    0xe2, 0x1, 0xfc, 0x23, 0xe3, 0x30, 0x8f, 0xc0,
    0x1f, 0xff, 0xf0, 0xf, 0xff, 0x82, 0x30, 0x7,
    0xff, 0x24, 0x68, 0xd8, 0x3, 0xff, 0x8e, 0x6f,
    0x92, 0xe0, 0x1f, 0xfc, 0x7b, 0x1c, 0xc1, 0x80,
    0x7f, 0xf2, 0x52, 0xc4, 0x3, 0xff, 0x93, 0xd6,
    0x1, 0xff, 0xcb, 0x10, 0xf, 0xf9, 0xc0, 0x3f,
    0x0,

    /* U+8BB2 "讲" */
    0x0, 0x28, 0x7, 0xf3, 0xa8, 0x6, 0x65, 0x0,
    0xf9, 0xf4, 0xc0, 0x3c, 0x30, 0x20, 0x1a, 0x8,
    0x3, 0xe2, 0x8c, 0x20, 0xf, 0x90, 0x3, 0x90,
    0x3, 0xf2, 0xa7, 0x0, 0x7f, 0xf2, 0xe0, 0x80,
    0x3f, 0xf8, 0x62, 0x1, 0xf1, 0xf0, 0x7, 0xff,
    0x8, 0x72, 0x40, 0x3c, 0x60, 0x2, 0xcc, 0xbc,
    0x37, 0x33, 0xe, 0x68, 0x22, 0x83, 0xd5, 0x33,
    0x10, 0x5, 0x99, 0x78, 0x6e, 0x66, 0x1c, 0xc6,
    0xe9, 0x41, 0xea, 0x90, 0x10, 0x1, 0xff, 0xca,
    0x60, 0xf, 0xff, 0xf8, 0x7, 0xff, 0x14, 0xe4,
    0x3, 0xf0, 0xcc, 0xed, 0x9, 0x9e, 0x1e, 0x9d,
    0x6c, 0x0, 0xf8, 0x6e, 0xf4, 0x85, 0xdf, 0x5,
    0xdb, 0x37, 0x40, 0x1f, 0x88, 0xb0, 0x91, 0x78,
    0x54, 0x8a, 0x10, 0xf, 0xe1, 0x0, 0x1b, 0x80,
    0x7f, 0xf1, 0xd2, 0x40, 0x19, 0x80, 0xf, 0xfe,
    0x34, 0x64, 0x0, 0xa3, 0x0, 0x7f, 0xf1, 0x70,
    0x20, 0x1, 0x2c, 0x1, 0xff, 0xc4, 0xd0, 0xb8,
    0x0, 0x12, 0xc8, 0x7, 0xff, 0x10, 0xcc, 0xe0,
    0x1, 0xee, 0x0, 0x7f, 0xf1, 0x73, 0x0, 0x2,
    0xbe, 0x30, 0xf, 0xfe, 0x41, 0x2d, 0x10, 0x7,
    0xe3, 0x10, 0xe,

    /* U+8BBE "设" */
    0x0, 0x28, 0x7, 0xff, 0x37, 0x4, 0x3, 0xd0,
    0x20, 0x1d, 0x4, 0x1, 0xf2, 0xdf, 0x90, 0x6,
    0x17, 0xdb, 0xbe, 0x7c, 0x10, 0xf, 0x9d, 0x7c,
    0x3, 0xdb, 0x77, 0xc7, 0x62, 0x1, 0xfa, 0x89,
    0x40, 0x38, 0x40, 0x3f, 0xf8, 0x83, 0x4e, 0x1,
    0x18, 0x7, 0xff, 0x19, 0x14, 0x80, 0x24, 0x30,
    0xf, 0xfe, 0xb, 0x66, 0x3e, 0xdc, 0x3, 0x6d,
    0x80, 0x7f, 0xf0, 0x5b, 0x31, 0x20, 0xe0, 0x11,
    0xab, 0x80, 0x7f, 0xf1, 0x8, 0x3, 0xf, 0x68,
    0x7, 0xcf, 0x7b, 0xae, 0xe0, 0x6, 0x71, 0x0,
    0x1d, 0x71, 0x80, 0x7d, 0x75, 0x32, 0xdf, 0x0,
    0xfc, 0xb0, 0xea, 0x89, 0xf8, 0x6c, 0x4c, 0x40,
    0x3f, 0x30, 0x1d, 0x19, 0xfe, 0x80, 0xd0, 0xf,
    0xf8, 0xde, 0x4d, 0xdf, 0xe1, 0x78, 0x0, 0xff,
    0xe0, 0xb7, 0x80, 0x79, 0x4a, 0x0, 0x3f, 0xf8,
    0x78, 0xa0, 0x18, 0x6e, 0xc0, 0x1f, 0xfc, 0x47,
    0x82, 0x0, 0xb5, 0x94, 0x3, 0xff, 0x80, 0x52,
    0x1, 0x77, 0x90, 0x53, 0xc0, 0x7, 0xff, 0x1,
    0xa2, 0x40, 0x23, 0xbd, 0xe0, 0xb0, 0xf, 0xf8,
    0x6b, 0x28, 0x3, 0x90, 0x4, 0x80, 0x3f, 0xed,
    0x3, 0xa0, 0xe, 0x7f, 0xbc, 0x6d, 0x50, 0xf,
    0xe1, 0x29, 0x0, 0xcd, 0xbf, 0xa8, 0x7e, 0xb5,
    0xd0, 0x60, 0x1e, 0xed, 0x0, 0x14, 0x58, 0xe4,
    0x0, 0x43, 0x1c, 0xcc, 0xce, 0xb3, 0x0, 0x84,
    0x6, 0x56, 0xad, 0xc4, 0x3, 0xc3, 0x1d, 0x6d,
    0xa6,

    /* U+8D2D "购" */
    0x0, 0xff, 0xe0, 0x8e, 0x40, 0x7, 0xfc, 0x60,
    0x1e, 0x50, 0x9, 0xe, 0x80, 0x3f, 0xec, 0xdc,
    0xce, 0xac, 0x0, 0x69, 0x10, 0x3, 0xff, 0x81,
    0xf9, 0x9c, 0x1c, 0x0, 0x35, 0x0, 0xff, 0xe5,
    0xa7, 0x99, 0xfd, 0x58, 0x20, 0x1c, 0x4c, 0x40,
    0x19, 0x3, 0xaa, 0xbe, 0x51, 0x50, 0xe, 0x68,
    0x0, 0xed, 0x89, 0x9f, 0xce, 0x88, 0x0, 0xf1,
    0x90, 0x6, 0x46, 0x1, 0x20, 0xf, 0xfe, 0x3a,
    0x38, 0x83, 0xeb, 0x80, 0x7f, 0xf0, 0x44, 0x3,
    0x74, 0x0, 0x35, 0x1c, 0x3, 0x8, 0x80, 0x3c,
    0x20, 0x19, 0x88, 0x80, 0x29, 0xe0, 0x1c, 0x7e,
    0x1, 0xf3, 0x80, 0x4d, 0x0, 0x7, 0x24, 0x0,
    0xff, 0xe0, 0x98, 0x7, 0xea, 0x80, 0x61, 0x0,
    0x84, 0x40, 0x1e, 0x11, 0x0, 0x78, 0xc5, 0x41,
    0xf4, 0x2, 0x73, 0x0, 0xf7, 0x90, 0x7, 0xa6,
    0x0, 0x2, 0xd0, 0x0, 0x11, 0x0, 0x63, 0x2,
    0xe0, 0x1, 0x98, 0x9, 0x94, 0x2, 0xe7, 0x10,
    0x37, 0x0, 0xb8, 0x41, 0x88, 0x1, 0x82, 0x13,
    0xc0, 0x46, 0xb8, 0xe, 0x2, 0x20, 0x8, 0x40,
    0x4d, 0x6c, 0x80, 0xa, 0x9b, 0xfd, 0x41, 0x4b,
    0x82, 0x4, 0x1, 0xc8, 0x81, 0x9c, 0x30, 0x53,
    0xdf, 0xc9, 0x52, 0x21, 0x90, 0x7, 0xd3, 0xe0,
    0x4f, 0xa0, 0xc, 0x20, 0xe, 0x89, 0x63, 0x0,
    0xe4, 0x4, 0x0, 0x40, 0xb8, 0x7, 0xfb, 0x58,
    0x3, 0x14, 0xf0, 0x4, 0x2b, 0x80, 0x1f, 0xe5,
    0xc0, 0x8, 0xbb, 0x84, 0x1, 0xbf, 0x40, 0x39,
    0x67, 0x31, 0xc6, 0xc0, 0x1, 0x8d, 0x30, 0xe,
    0x56, 0x0, 0xe5, 0x9c, 0x15, 0xc0, 0x8,

    /* U+8FD4 "返" */
    0x1, 0x0, 0xff, 0xe6, 0x1d, 0x88, 0x7, 0xff,
    0x4, 0xda, 0xbb, 0x84, 0x1, 0x17, 0x79, 0x0,
    0x61, 0x52, 0x47, 0xad, 0xfd, 0xa0, 0x9a, 0x10,
    0xc, 0xa9, 0xe0, 0x1d, 0x4a, 0x44, 0x9f, 0xf7,
    0x65, 0x3a, 0x18, 0x7, 0x59, 0x40, 0x7, 0x3b,
    0x29, 0x90, 0x7, 0xff, 0x0, 0x5d, 0x0, 0x3f,
    0xf9, 0x73, 0x0, 0x1f, 0xfc, 0x22, 0x0, 0xfc,
    0x28, 0x1, 0xd1, 0x1f, 0xaf, 0x5c, 0x3, 0xc3,
    0xc8, 0x1, 0x18, 0x66, 0x7e, 0x70, 0x20, 0xa,
    0xb3, 0x1a, 0x32, 0x20, 0x1, 0x4, 0x4f, 0xc2,
    0xea, 0x1, 0x56, 0x64, 0x18, 0x20, 0x7, 0x10,
    0x60, 0xe, 0x42, 0xa0, 0xf, 0xfe, 0x8, 0x90,
    0x25, 0xa0, 0x5, 0xa, 0x40, 0x1f, 0xfc, 0x12,
    0x60, 0x2b, 0xfa, 0x4, 0x38, 0x0, 0xff, 0xe1,
    0x6e, 0x80, 0x2b, 0x3e, 0xb8, 0x20, 0xf, 0xfe,
    0x12, 0x28, 0x6, 0x91, 0x1, 0x0, 0xff, 0xe1,
    0x19, 0x88, 0x3, 0x39, 0x34, 0xb0, 0x7, 0xff,
    0x6, 0xac, 0x3, 0x35, 0x64, 0xbc, 0xb0, 0x7,
    0xfc, 0x2a, 0xc0, 0x14, 0x56, 0x8, 0x42, 0xc9,
    0x0, 0x78, 0x42, 0x2, 0xf8, 0x0, 0x57, 0xf8,
    0x20, 0x15, 0x14, 0x80, 0x70, 0xe4, 0xe6, 0x38,
    0x82, 0x2e, 0x5c, 0x3, 0xd2, 0x80, 0x18, 0xfe,
    0xd9, 0x62, 0x59, 0x66, 0x44, 0x1, 0xf2, 0x68,
    0x4, 0xd8, 0xec, 0x0, 0x4f, 0xda, 0xa4, 0x32,
    0xa2, 0x7c, 0xca, 0xa0, 0xe3, 0x90, 0xc, 0x57,
    0xb8, 0x55, 0x75, 0x77, 0xf5, 0x0, 0x23, 0x80,
    0x3e, 0x27, 0xac, 0xee, 0x7f, 0xfe, 0x50,

    /* U+900A "逊" */
    0x1, 0x0, 0xff, 0xe2, 0x18, 0x80, 0x79, 0x9c,
    0x3, 0xfc, 0xa4, 0x1, 0x6d, 0x80, 0x79, 0xed,
    0xc0, 0x3, 0x77, 0xd9, 0x58, 0x40, 0x14, 0x80,
    0x7d, 0xf0, 0x80, 0x37, 0x7c, 0xc1, 0x44, 0x1,
    0xff, 0x1a, 0x40, 0x7, 0x8d, 0x31, 0x0, 0x3f,
    0xf8, 0x3e, 0x60, 0x1e, 0xfd, 0x30, 0xf, 0xfe,
    0x12, 0x50, 0x6, 0x1f, 0x63, 0x0, 0x18, 0x7,
    0xff, 0x5, 0x40, 0x3d, 0x60, 0x1, 0xcb, 0x0,
    0x9c, 0xc0, 0x3c, 0x50, 0x1, 0xe1, 0x0, 0x10,
    0x48, 0x4, 0xdc, 0x1, 0x46, 0x64, 0xf4, 0x1,
    0xe5, 0x58, 0x48, 0x2, 0x17, 0x70, 0x2, 0x33,
    0x14, 0x54, 0x1, 0xda, 0xb, 0xee, 0x1, 0xdf,
    0x2, 0x1, 0xfc, 0x9e, 0x1c, 0xa0, 0xfa, 0x1,
    0xca, 0xe, 0x1, 0xf1, 0xe5, 0xa8, 0x18, 0x18,
    0x20, 0x7, 0x96, 0x80, 0x3e, 0x30, 0x9a, 0x0,
    0x92, 0x40, 0x3e, 0xc3, 0x0, 0xfd, 0x8c, 0x1,
    0xad, 0xc0, 0x3e, 0x50, 0xf, 0xfe, 0x12, 0xc8,
    0x7, 0xe3, 0x90, 0xf, 0xfe, 0xb, 0xa8, 0x7,
    0xf3, 0x0, 0x7f, 0xf0, 0x48, 0x3, 0xff, 0x88,
    0x40, 0x6c, 0xae, 0x1, 0x89, 0xc, 0xc2, 0x1,
    0xfd, 0x27, 0x46, 0xfb, 0x28, 0x1, 0x13, 0xd6,
    0x9, 0x80, 0x7d, 0x8b, 0x9d, 0xa9, 0x19, 0x60,
    0x18, 0xe6, 0x5e, 0x1, 0xe1, 0xc0, 0x80, 0x4f,
    0x9e, 0xb5, 0x31, 0x0, 0xcc, 0x20, 0x10, 0x88,
    0x24, 0xf4, 0x2, 0x2c, 0xa1, 0x9c, 0xef, 0xff,
    0xee, 0xa1, 0x8b, 0x10, 0xe, 0x49, 0xcf, 0xed,
    0xcc, 0xfe, 0xa1,

    /* U+9020 "造" */
    0x0, 0xff, 0x18, 0x80, 0xa, 0x98, 0x3, 0xf2,
    0xa8, 0x3, 0xed, 0xc2, 0x1, 0x56, 0x0, 0xfc,
    0xbd, 0x0, 0x1c, 0x43, 0x24, 0x0, 0x10, 0xf,
    0xf5, 0x3b, 0x80, 0x32, 0x92, 0x0, 0x7e, 0x8a,
    0x0, 0xc2, 0xf0, 0x40, 0x15, 0x16, 0x66, 0x1c,
    0xcc, 0xeb, 0x40, 0x1a, 0x42, 0x80, 0x6, 0x1f,
    0x99, 0x87, 0x33, 0x7f, 0xa8, 0x3, 0x9, 0x88,
    0x2, 0x64, 0x1, 0xff, 0xc6, 0xd9, 0x3, 0x32,
    0x0, 0x7f, 0xf1, 0x84, 0x0, 0xf2, 0x1, 0xff,
    0xc0, 0xab, 0x0, 0xea, 0x21, 0x8c, 0xcf, 0x87,
    0x33, 0x91, 0x66, 0x59, 0x92, 0xe0, 0x66, 0x7d,
    0xfe, 0xcc, 0xee, 0xe4, 0xcb, 0x32, 0x1d, 0x10,
    0xf, 0xfe, 0x9, 0x0, 0x7e, 0x10, 0xa, 0x6e,
    0x67, 0xfb, 0x64, 0x3, 0xff, 0x80, 0x35, 0x5f,
    0xc1, 0x80, 0x1f, 0xfc, 0x2, 0x33, 0xfe, 0x7,
    0x0, 0xff, 0xff, 0x80, 0x7f, 0x3e, 0x67, 0xf0,
    0x7, 0xc4, 0x2c, 0x1, 0x9f, 0x33, 0xf8, 0x3,
    0xc7, 0x85, 0x44, 0x0, 0xda, 0x0, 0xfe, 0xb2,
    0x0, 0x8f, 0x1f, 0x67, 0x58, 0x10, 0x80, 0x3f,
    0x90, 0x2, 0x4c, 0x59, 0x7, 0xbb, 0x74, 0xb2,
    0x19, 0x17, 0xf1, 0x96, 0xa5, 0x0, 0x49, 0xb4,
    0x15, 0x4c, 0xdd, 0xff, 0x4, 0xc8, 0x3, 0xc9,
    0x39, 0xdf, 0xff, 0xee, 0x20,

    /* U+91CD "重" */
    0x0, 0xff, 0xe2, 0xa, 0x3b, 0x80, 0x3f, 0xf8,
    0x44, 0x8d, 0x17, 0xdc, 0xab, 0xd4, 0x0, 0xe3,
    0x78, 0xab, 0xb6, 0x62, 0x6f, 0x7b, 0xf3, 0xfb,
    0x29, 0x0, 0x38, 0x96, 0x6a, 0xed, 0x98, 0xb1,
    0xf6, 0x42, 0x0, 0xff, 0x9, 0x8, 0x7, 0xff,
    0x13, 0x54, 0xf, 0x33, 0xfc, 0x37, 0x99, 0xf6,
    0x95, 0x21, 0xe6, 0x7f, 0x86, 0xf3, 0x3e, 0xdf,
    0xf2, 0x0, 0x7f, 0xf1, 0xc8, 0x3, 0xe4, 0xc8,
    0x8f, 0xc, 0xc4, 0x74, 0xed, 0x0, 0x7c, 0x57,
    0x7e, 0xa, 0xbb, 0xea, 0xd, 0x0, 0xfc, 0x67,
    0xe1, 0x33, 0xf8, 0x14, 0x3, 0xff, 0xa6, 0x39,
    0x9e, 0x1b, 0xcc, 0xf0, 0x7, 0xf0, 0xe6, 0x78,
    0x6f, 0x33, 0xc0, 0x1f, 0xfd, 0x51, 0xcc, 0xf0,
    0xde, 0x67, 0x80, 0x3f, 0x93, 0x33, 0xc3, 0x79,
    0x9e, 0x33, 0x0, 0x79, 0x2c, 0x3, 0xff, 0x85,
    0x84, 0x1, 0xc2, 0x3f, 0xe2, 0x11, 0xf4, 0x62,
    0x80, 0x66, 0xbb, 0xfc, 0x11, 0x77, 0xe2, 0x5c,
    0x0, 0xcf, 0x55, 0xf8, 0x6a, 0xbf, 0xa4, 0x3,
    0xff, 0x96, 0xcc, 0x7, 0xaa, 0xff, 0xc, 0x55,
    0x7e, 0x99, 0x43, 0x44, 0x7f, 0xb7, 0xa2, 0x3f,
    0x6e, 0xa0,

    /* U+961F "队" */
    0x0, 0xff, 0xe0, 0x90, 0x7, 0xf3, 0x4a, 0x26,
    0x9f, 0x10, 0xd, 0xb2, 0x1, 0xf8, 0x5b, 0x33,
    0x30, 0x48, 0x4, 0x21, 0x0, 0x1f, 0xcb, 0x11,
    0x48, 0x44, 0x0, 0x3f, 0xf8, 0xee, 0x2e, 0x1,
    0xe3, 0x0, 0xff, 0xe0, 0xd4, 0x0, 0x7c, 0x20,
    0x1f, 0xfc, 0x2, 0x16, 0x0, 0xe3, 0x7, 0x0,
    0xff, 0xe0, 0x54, 0x0, 0x78, 0x40, 0xc0, 0x3f,
    0xf8, 0x4, 0xa0, 0x1e, 0x71, 0xe0, 0xf, 0xf8,
    0x40, 0x3f, 0xa, 0x90, 0x7, 0xfc, 0x31, 0x60,
    0x1e, 0x22, 0x0, 0x7f, 0xf0, 0x4b, 0x6c, 0x3,
    0xb7, 0x88, 0xc0, 0x3f, 0xf8, 0xc, 0xd0, 0x6,
    0x74, 0xcb, 0x0, 0xff, 0xe0, 0xd5, 0x80, 0x42,
    0x46, 0x8c, 0x1, 0xff, 0xc1, 0x32, 0x10, 0x3,
    0xa0, 0x9, 0x20, 0x7, 0xff, 0x1, 0xc0, 0xc0,
    0x1b, 0xc0, 0xa, 0x80, 0xf, 0xfe, 0x5, 0x81,
    0x1, 0x2a, 0x80, 0xe, 0x66, 0x0, 0xfd, 0x17,
    0x8e, 0xa0, 0xb, 0x90, 0x8, 0x5b, 0x80, 0x3f,
    0x47, 0x13, 0x58, 0x1a, 0x38, 0x6, 0x82, 0x80,
    0xf, 0xcb, 0xd2, 0x21, 0xfc, 0x1, 0xc3, 0xe,
    0xa0, 0x1f, 0xf5, 0x50, 0xc0, 0x3c, 0xe7, 0x48,
    0x1, 0xfd, 0x3a, 0xc0, 0x1f, 0xb4, 0x6d, 0x80,
    0x3e, 0xaf, 0x70, 0xf, 0xe1, 0xc1, 0x99, 0x1,
    0x0, 0x51, 0x2c, 0x1, 0xff, 0x17, 0xad, 0x80,

    /* U+96C7 "雇" */
    0x0, 0xff, 0x2d, 0x18, 0x7, 0xff, 0x25, 0x7b,
    0x20, 0x3, 0xff, 0x82, 0x20, 0x1f, 0x25, 0x38,
    0x7, 0x84, 0x40, 0x1c, 0xdf, 0x55, 0xf7, 0xa5,
    0x57, 0xbb, 0xcc, 0x3, 0x8a, 0x23, 0xf4, 0xc4,
    0x79, 0x50, 0xc0, 0x39, 0x88, 0xbf, 0xf8, 0x86,
    0x1, 0xe4, 0xbb, 0xff, 0xe1, 0xb8, 0x7, 0xc7,
    0x55, 0xa2, 0xaa, 0xfa, 0xaf, 0x30, 0x80, 0x79,
    0x84, 0x65, 0xc7, 0x11, 0x1e, 0x98, 0x8e, 0x88,
    0x0, 0x7f, 0xbd, 0x98, 0x0, 0x77, 0x70, 0x7,
    0xfd, 0xe0, 0x11, 0x24, 0x0, 0x68, 0xb0, 0xd,
    0x94, 0x1, 0xc2, 0x60, 0xf, 0xd, 0xcc, 0xe8,
    0xcc, 0xc0, 0xec, 0x1, 0x8c, 0x41, 0x9, 0x73,
    0x38, 0x73, 0x3b, 0x74, 0xc0, 0x1d, 0xe1, 0x8,
    0x1, 0xff, 0x13, 0x80, 0x79, 0x8a, 0x24, 0xd6,
    0xab, 0x87, 0xaa, 0xaf, 0x89, 0x0, 0xe2, 0xde,
    0x50, 0x38, 0x8e, 0xb, 0x88, 0xbf, 0x60, 0x3,
    0x8, 0xa9, 0x80, 0xc, 0x45, 0xc2, 0xa4, 0x5c,
    0x20, 0x19, 0x4c, 0x80, 0x3f, 0xf8, 0x47, 0x84,
    0x1, 0xb1, 0x0, 0x32, 0xe6, 0x70, 0xe6, 0x6e,
    0x29, 0x0, 0xcb, 0x60, 0x19, 0x73, 0x38, 0x73,
    0x36, 0xf5, 0x80, 0x46, 0x26, 0x1, 0xff, 0xc5,
    0x10, 0xa, 0xa4, 0x3, 0xff, 0x8a, 0x7c, 0xe0,
    0x44, 0x50, 0xe, 0x5c, 0xce, 0x1d, 0xcc, 0xde,
    0x76, 0x77, 0x20, 0x1e, 0x8c, 0xce, 0xfe, 0xcc,
    0xf8, 0xe4, 0x80, 0x3a, 0x1c, 0x3, 0xff, 0x86,

    /* U+9879 "项" */
    0x0, 0xff, 0xf0, 0xd6, 0x8, 0x7, 0xd2, 0xb5,
    0x99, 0xdf, 0xec, 0xcc, 0xe3, 0x10, 0xcc, 0xbf,
    0xd8, 0xd7, 0x19, 0x9c, 0x13, 0x99, 0xb7, 0x53,
    0x19, 0x90, 0xe6, 0x3f, 0x88, 0x3, 0x8, 0x38,
    0x7, 0xff, 0x15, 0xc4, 0x64, 0x40, 0x8, 0xc9,
    0x20, 0x1f, 0xfc, 0x8, 0xda, 0xa4, 0x35, 0x56,
    0xb6, 0x60, 0x7, 0xff, 0x3, 0xae, 0xdb, 0xab,
    0xbd, 0x46, 0xc0, 0x1f, 0xfc, 0x49, 0xa2, 0x0,
    0xff, 0xe4, 0x99, 0x10, 0x3, 0xff, 0x95, 0xe0,
    0x1f, 0xfc, 0xa1, 0x10, 0x7, 0xff, 0x29, 0xcc,
    0x3, 0xff, 0x94, 0x22, 0x0, 0xff, 0xe5, 0x13,
    0x0, 0x7f, 0xf0, 0x8e, 0x8, 0x3, 0x8, 0x10,
    0x7, 0xf8, 0x45, 0xba, 0x49, 0x20, 0xc, 0x84,
    0x1, 0xf9, 0x2b, 0x78, 0x23, 0x5c, 0x41, 0x8,
    0x1, 0xea, 0x40, 0x13, 0x40, 0x0, 0x51, 0x77,
    0xd8, 0x3, 0x58, 0x0, 0x56, 0x82, 0xa0, 0x4d,
    0x0, 0xb, 0x90, 0x40, 0x1f, 0xd6, 0xc4, 0x4a,
    0xfe, 0x70, 0xc, 0x40, 0x1f, 0xe9, 0x19, 0x0,
    0x9e, 0xe7, 0x4, 0x3, 0xfe, 0x1b, 0xb, 0x0,
    0xe4, 0xd2, 0xc1, 0x0, 0xfc, 0x31, 0xbf, 0x20,
    0x1f, 0x1e, 0x94, 0x0, 0x7d, 0x31, 0x98, 0x40,
    0xf, 0xe3, 0xa1, 0x0, 0xfa, 0x64, 0x80, 0x1f,
    0xfc, 0x5, 0x80,

    /* U+9A6C "马" */
    0x0, 0xff, 0xe7, 0x13, 0x37, 0xff, 0xa, 0x7d,
    0x0, 0x3c, 0x60, 0x1f, 0xfc, 0x23, 0x2, 0x0,
    0xf0, 0xb3, 0x4e, 0xcd, 0xfe, 0xf3, 0x60, 0xf,
    0xf5, 0x60, 0x80, 0x7e, 0x26, 0x0, 0xff, 0x9a,
    0x4, 0x3, 0xf7, 0x10, 0x7, 0xfc, 0x4c, 0x1,
    0xfc, 0x5e, 0x1, 0xfe, 0x20, 0x20, 0xf, 0xe6,
    0x20, 0xf, 0xf3, 0x10, 0x7, 0xf8, 0x98, 0x3,
    0xfc, 0x6c, 0x1, 0xfc, 0x40, 0x60, 0x1f, 0xee,
    0x30, 0xf, 0xe6, 0x10, 0xf, 0xf0, 0xbf, 0x0,
    0x7f, 0x19, 0x0, 0x52, 0x60, 0x1c, 0xc3, 0x39,
    0x9f, 0xd0, 0x79, 0x93, 0x78, 0x7, 0x3e, 0x7e,
    0x67, 0xf7, 0xfb, 0x32, 0x1f, 0x0, 0xf1, 0x80,
    0x7f, 0xf0, 0xc4, 0x40, 0x1f, 0xfc, 0x51, 0x0,
    0xe3, 0x0, 0x8, 0xff, 0xf0, 0xf3, 0x2, 0x4,
    0x2, 0x5, 0x55, 0xff, 0xc3, 0x67, 0x70, 0x8,
    0x80, 0x5, 0x77, 0xff, 0xc5, 0x60, 0x62, 0x0,
    0xff, 0xe5, 0x6b, 0x0, 0x7f, 0xf2, 0x93, 0x0,
    0x3f, 0xf9, 0x22, 0x68, 0x1, 0xff, 0xc5, 0x29,
    0xaa, 0x62, 0x10, 0x7, 0xff, 0x14, 0xa6, 0x11,
    0xe8, 0x2,

    /* U+FF0C "，" */
    0x9, 0xb2, 0x23, 0x24, 0x92, 0x3, 0x85, 0xc3,
    0x0, 0x3f, 0x0, 0x51, 0x86, 0xa0, 0x12, 0x10,
    0x0
};


/*---------------------
 *  GLYPH DESCRIPTION
 *--------------------*/

static const lv_font_fmt_txt_glyph_dsc_t glyph_dsc[] = {
    {.bitmap_index = 0, .adv_w = 0, .box_w = 0, .box_h = 0, .ofs_x = 0, .ofs_y = 0} /* id = 0 reserved */,
    {.bitmap_index = 0, .adv_w = 108, .box_w = 0, .box_h = 0, .ofs_x = 0, .ofs_y = 0},
    {.bitmap_index = 0, .adv_w = 120, .box_w = 4, .box_h = 19, .ofs_x = 2, .ofs_y = 0},
    {.bitmap_index = 38, .adv_w = 144, .box_w = 7, .box_h = 9, .ofs_x = 1, .ofs_y = 13},
    {.bitmap_index = 69, .adv_w = 232, .box_w = 14, .box_h = 19, .ofs_x = 0, .ofs_y = 0},
    {.bitmap_index = 177, .adv_w = 222, .box_w = 12, .box_h = 25, .ofs_x = 1, .ofs_y = -3},
    {.bitmap_index = 280, .adv_w = 377, .box_w = 22, .box_h = 21, .ofs_x = 1, .ofs_y = -2},
    {.bitmap_index = 453, .adv_w = 320, .box_w = 18, .box_h = 19, .ofs_x = 1, .ofs_y = 0},
    {.bitmap_index = 593, .adv_w = 75, .box_w = 3, .box_h = 9, .ofs_x = 1, .ofs_y = 13},
    {.bitmap_index = 607, .adv_w = 146, .box_w = 7, .box_h = 28, .ofs_x = 2, .ofs_y = -6},
    {.bitmap_index = 678, .adv_w = 146, .box_w = 7, .box_h = 28, .ofs_x = 0, .ofs_y = -6},
    {.bitmap_index = 753, .adv_w = 198, .box_w = 12, .box_h = 13, .ofs_x = 0, .ofs_y = 10},
    {.bitmap_index = 814, .adv_w = 238, .box_w = 13, .box_h = 15, .ofs_x = 1, .ofs_y = 2},
    {.bitmap_index = 841, .adv_w = 134, .box_w = 5, .box_h = 8, .ofs_x = 1, .ofs_y = -6},
    {.bitmap_index = 862, .adv_w = 140, .box_w = 7, .box_h = 3, .ofs_x = 1, .ofs_y = 6},
    {.bitmap_index = 869, .adv_w = 134, .box_w = 4, .box_h = 3, .ofs_x = 2, .ofs_y = 0},
    {.bitmap_index = 876, .adv_w = 139, .box_w = 9, .box_h = 25, .ofs_x = 0, .ofs_y = -4},
    {.bitmap_index = 949, .adv_w = 225, .box_w = 12, .box_h = 19, .ofs_x = 1, .ofs_y = 0},
    {.bitmap_index = 1038, .adv_w = 197, .box_w = 10, .box_h = 20, .ofs_x = 2, .ofs_y = 0},
    {.bitmap_index = 1075, .adv_w = 226, .box_w = 12, .box_h = 19, .ofs_x = 1, .ofs_y = 0},
    {.bitmap_index = 1154, .adv_w = 225, .box_w = 12, .box_h = 19, .ofs_x = 1, .ofs_y = 0},
    {.bitmap_index = 1243, .adv_w = 225, .box_w = 14, .box_h = 20, .ofs_x = 0, .ofs_y = -1},
    {.bitmap_index = 1312, .adv_w = 226, .box_w = 12, .box_h = 19, .ofs_x = 1, .ofs_y = 0},
    {.bitmap_index = 1394, .adv_w = 226, .box_w = 12, .box_h = 21, .ofs_x = 1, .ofs_y = 0},
    {.bitmap_index = 1491, .adv_w = 222, .box_w = 12, .box_h = 19, .ofs_x = 1, .ofs_y = 0},
    {.bitmap_index = 1557, .adv_w = 226, .box_w = 12, .box_h = 19, .ofs_x = 1, .ofs_y = 0},
    {.bitmap_index = 1657, .adv_w = 228, .box_w = 12, .box_h = 21, .ofs_x = 1, .ofs_y = -2},
    {.bitmap_index = 1756, .adv_w = 134, .box_w = 4, .box_h = 14, .ofs_x = 2, .ofs_y = 0},
    {.bitmap_index = 1773, .adv_w = 134, .box_w = 5, .box_h = 18, .ofs_x = 1, .ofs_y = -4},
    {.bitmap_index = 1805, .adv_w = 238, .box_w = 13, .box_h = 15, .ofs_x = 1, .ofs_y = 2},
    {.bitmap_index = 1869, .adv_w = 238, .box_w = 13, .box_h = 8, .ofs_x = 1, .ofs_y = 5},
    {.bitmap_index = 1889, .adv_w = 238, .box_w = 13, .box_h = 15, .ofs_x = 1, .ofs_y = 2},
    {.bitmap_index = 1955, .adv_w = 173, .box_w = 8, .box_h = 21, .ofs_x = 2, .ofs_y = 0},
    {.bitmap_index = 2019, .adv_w = 370, .box_w = 22, .box_h = 23, .ofs_x = 1, .ofs_y = -4},
    {.bitmap_index = 2215, .adv_w = 294, .box_w = 19, .box_h = 19, .ofs_x = 0, .ofs_y = 0},
    {.bitmap_index = 2329, .adv_w = 272, .box_w = 15, .box_h = 19, .ofs_x = 1, .ofs_y = 0},
    {.bitmap_index = 2427, .adv_w = 285, .box_w = 16, .box_h = 19, .ofs_x = 1, .ofs_y = 0},
    {.bitmap_index = 2534, .adv_w = 317, .box_w = 18, .box_h = 19, .ofs_x = 1, .ofs_y = 0},
    {.bitmap_index = 2637, .adv_w = 269, .box_w = 15, .box_h = 19, .ofs_x = 1, .ofs_y = 0},
    {.bitmap_index = 2717, .adv_w = 259, .box_w = 15, .box_h = 19, .ofs_x = 1, .ofs_y = 0},
    {.bitmap_index = 2787, .adv_w = 305, .box_w = 18, .box_h = 19, .ofs_x = 1, .ofs_y = 0},
    {.bitmap_index = 2904, .adv_w = 353, .box_w = 20, .box_h = 19, .ofs_x = 1, .ofs_y = 0},
    {.bitmap_index = 2966, .adv_w = 165, .box_w = 8, .box_h = 19, .ofs_x = 1, .ofs_y = 0},
    {.bitmap_index = 2991, .adv_w = 163, .box_w = 11, .box_h = 23, .ofs_x = -1, .ofs_y = -4},
    {.bitmap_index = 3037, .adv_w = 298, .box_w = 18, .box_h = 19, .ofs_x = 1, .ofs_y = 0},
    {.bitmap_index = 3148, .adv_w = 257, .box_w = 15, .box_h = 19, .ofs_x = 1, .ofs_y = 0},
    {.bitmap_index = 3192, .adv_w = 401, .box_w = 23, .box_h = 19, .ofs_x = 1, .ofs_y = 0},
    {.bitmap_index = 3331, .adv_w = 328, .box_w = 19, .box_h = 19, .ofs_x = 1, .ofs_y = 0},
    {.bitmap_index = 3434, .adv_w = 316, .box_w = 18, .box_h = 19, .ofs_x = 1, .ofs_y = 0},
    {.bitmap_index = 3560, .adv_w = 261, .box_w = 15, .box_h = 19, .ofs_x = 1, .ofs_y = 0},
    {.bitmap_index = 3632, .adv_w = 316, .box_w = 18, .box_h = 24, .ofs_x = 1, .ofs_y = -5},
    {.bitmap_index = 3785, .adv_w = 292, .box_w = 17, .box_h = 19, .ofs_x = 1, .ofs_y = 0},
    {.bitmap_index = 3890, .adv_w = 231, .box_w = 13, .box_h = 19, .ofs_x = 1, .ofs_y = 0},
    {.bitmap_index = 3987, .adv_w = 268, .box_w = 17, .box_h = 19, .ofs_x = 0, .ofs_y = 0},
    {.bitmap_index = 4043, .adv_w = 328, .box_w = 19, .box_h = 19, .ofs_x = 1, .ofs_y = 0},
    {.bitmap_index = 4122, .adv_w = 294, .box_w = 19, .box_h = 19, .ofs_x = 0, .ofs_y = 0},
    {.bitmap_index = 4243, .adv_w = 432, .box_w = 27, .box_h = 19, .ofs_x = 0, .ofs_y = 0},
    {.bitmap_index = 4435, .adv_w = 287, .box_w = 18, .box_h = 19, .ofs_x = 0, .ofs_y = 0},
    {.bitmap_index = 4558, .adv_w = 284, .box_w = 18, .box_h = 19, .ofs_x = 0, .ofs_y = 0},
    {.bitmap_index = 4652, .adv_w = 248, .box_w = 15, .box_h = 19, .ofs_x = 0, .ofs_y = 0},
    {.bitmap_index = 4745, .adv_w = 138, .box_w = 6, .box_h = 26, .ofs_x = 2, .ofs_y = -5},
    {.bitmap_index = 4771, .adv_w = 139, .box_w = 9, .box_h = 25, .ofs_x = 0, .ofs_y = -4},
    {.bitmap_index = 4842, .adv_w = 138, .box_w = 5, .box_h = 26, .ofs_x = 1, .ofs_y = -5},
    {.bitmap_index = 4865, .adv_w = 238, .box_w = 11, .box_h = 9, .ofs_x = 2, .ofs_y = 6},
    {.bitmap_index = 4905, .adv_w = 229, .box_w = 16, .box_h = 2, .ofs_x = -1, .ofs_y = -3},
    {.bitmap_index = 4914, .adv_w = 179, .box_w = 6, .box_h = 6, .ofs_x = 2, .ofs_y = 16},
    {.bitmap_index = 4931, .adv_w = 227, .box_w = 13, .box_h = 14, .ofs_x = 1, .ofs_y = 0},
    {.bitmap_index = 5005, .adv_w = 260, .box_w = 14, .box_h = 23, .ofs_x = 1, .ofs_y = 0},
    {.bitmap_index = 5090, .adv_w = 219, .box_w = 12, .box_h = 14, .ofs_x = 1, .ofs_y = 0},
    {.bitmap_index = 5153, .adv_w = 257, .box_w = 15, .box_h = 23, .ofs_x = 1, .ofs_y = 0},
    {.bitmap_index = 5243, .adv_w = 223, .box_w = 12, .box_h = 14, .ofs_x = 1, .ofs_y = 0},
    {.bitmap_index = 5311, .adv_w = 159, .box_w = 12, .box_h = 22, .ofs_x = 0, .ofs_y = 0},
    {.bitmap_index = 5372, .adv_w = 230, .box_w = 13, .box_h = 21, .ofs_x = 1, .ofs_y = -7},
    {.bitmap_index = 5487, .adv_w = 272, .box_w = 16, .box_h = 22, .ofs_x = 1, .ofs_y = 0},
    {.bitmap_index = 5554, .adv_w = 135, .box_w = 7, .box_h = 19, .ofs_x = 1, .ofs_y = 0},
    {.bitmap_index = 5588, .adv_w = 126, .box_w = 8, .box_h = 26, .ofs_x = -2, .ofs_y = -7},
    {.bitmap_index = 5639, .adv_w = 245, .box_w = 15, .box_h = 22, .ofs_x = 1, .ofs_y = 0},
    {.bitmap_index = 5723, .adv_w = 136, .box_w = 8, .box_h = 22, .ofs_x = 0, .ofs_y = 0},
    {.bitmap_index = 5745, .adv_w = 400, .box_w = 24, .box_h = 14, .ofs_x = 1, .ofs_y = 0},
    {.bitmap_index = 5827, .adv_w = 271, .box_w = 15, .box_h = 14, .ofs_x = 1, .ofs_y = 0},
    {.bitmap_index = 5883, .adv_w = 243, .box_w = 13, .box_h = 14, .ofs_x = 1, .ofs_y = 0},
    {.bitmap_index = 5955, .adv_w = 260, .box_w = 14, .box_h = 21, .ofs_x = 1, .ofs_y = -7},
    {.bitmap_index = 6044, .adv_w = 247, .box_w = 15, .box_h = 21, .ofs_x = 1, .ofs_y = -7},
    {.bitmap_index = 6134, .adv_w = 186, .box_w = 11, .box_h = 14, .ofs_x = 1, .ofs_y = 0},
    {.bitmap_index = 6175, .adv_w = 193, .box_w = 10, .box_h = 14, .ofs_x = 1, .ofs_y = 0},
    {.bitmap_index = 6238, .adv_w = 149, .box_w = 9, .box_h = 18, .ofs_x = 0, .ofs_y = 0},
    {.bitmap_index = 6273, .adv_w = 267, .box_w = 16, .box_h = 15, .ofs_x = 0, .ofs_y = 0},
    {.bitmap_index = 6329, .adv_w = 223, .box_w = 15, .box_h = 14, .ofs_x = -1, .ofs_y = 0},
    {.bitmap_index = 6407, .adv_w = 342, .box_w = 23, .box_h = 14, .ofs_x = -1, .ofs_y = 0},
    {.bitmap_index = 6535, .adv_w = 229, .box_w = 15, .box_h = 14, .ofs_x = 0, .ofs_y = 0},
    {.bitmap_index = 6617, .adv_w = 225, .box_w = 16, .box_h = 21, .ofs_x = -1, .ofs_y = -7},
    {.bitmap_index = 6731, .adv_w = 204, .box_w = 11, .box_h = 14, .ofs_x = 1, .ofs_y = 0},
    {.bitmap_index = 6790, .adv_w = 155, .box_w = 8, .box_h = 25, .ofs_x = 1, .ofs_y = -4},
    {.bitmap_index = 6867, .adv_w = 128, .box_w = 2, .box_h = 29, .ofs_x = 3, .ofs_y = -7},
    {.bitmap_index = 6872, .adv_w = 155, .box_w = 9, .box_h = 25, .ofs_x = 0, .ofs_y = -4},
    {.bitmap_index = 6953, .adv_w = 238, .box_w = 13, .box_h = 5, .ofs_x = 1, .ofs_y = 7},
    {.bitmap_index = 6983, .adv_w = 134, .box_w = 4, .box_h = 3, .ofs_x = 2, .ofs_y = 8},
    {.bitmap_index = 6990, .adv_w = 416, .box_w = 8, .box_h = 7, .ofs_x = 1, .ofs_y = -2},
    {.bitmap_index = 7018, .adv_w = 416, .box_w = 12, .box_h = 25, .ofs_x = 13, .ofs_y = -3},
    {.bitmap_index = 7139, .adv_w = 416, .box_w = 12, .box_h = 25, .ofs_x = 1, .ofs_y = -3},
    {.bitmap_index = 7260, .adv_w = 416, .box_w = 24, .box_h = 23, .ofs_x = 1, .ofs_y = -2},
    {.bitmap_index = 7319, .adv_w = 416, .box_w = 24, .box_h = 24, .ofs_x = 1, .ofs_y = -2},
    {.bitmap_index = 7491, .adv_w = 416, .box_w = 25, .box_h = 24, .ofs_x = 0, .ofs_y = -2},
    {.bitmap_index = 7643, .adv_w = 416, .box_w = 25, .box_h = 25, .ofs_x = 0, .ofs_y = -3},
    {.bitmap_index = 7827, .adv_w = 416, .box_w = 25, .box_h = 24, .ofs_x = 0, .ofs_y = -3},
    {.bitmap_index = 7987, .adv_w = 416, .box_w = 22, .box_h = 23, .ofs_x = 2, .ofs_y = -2},
    {.bitmap_index = 8065, .adv_w = 416, .box_w = 25, .box_h = 24, .ofs_x = 1, .ofs_y = -2},
    {.bitmap_index = 8248, .adv_w = 416, .box_w = 22, .box_h = 24, .ofs_x = 4, .ofs_y = -3},
    {.bitmap_index = 8428, .adv_w = 416, .box_w = 25, .box_h = 25, .ofs_x = 1, .ofs_y = -3},
    {.bitmap_index = 8585, .adv_w = 416, .box_w = 26, .box_h = 24, .ofs_x = 0, .ofs_y = -2},
    {.bitmap_index = 8696, .adv_w = 416, .box_w = 24, .box_h = 24, .ofs_x = 1, .ofs_y = -2},
    {.bitmap_index = 8856, .adv_w = 416, .box_w = 25, .box_h = 25, .ofs_x = 1, .ofs_y = -3},
    {.bitmap_index = 9044, .adv_w = 416, .box_w = 22, .box_h = 24, .ofs_x = 2, .ofs_y = -2},
    {.bitmap_index = 9157, .adv_w = 416, .box_w = 25, .box_h = 24, .ofs_x = 0, .ofs_y = -2},
    {.bitmap_index = 9324, .adv_w = 416, .box_w = 25, .box_h = 25, .ofs_x = 0, .ofs_y = -3},
    {.bitmap_index = 9488, .adv_w = 416, .box_w = 24, .box_h = 23, .ofs_x = 1, .ofs_y = -2},
    {.bitmap_index = 9654, .adv_w = 416, .box_w = 24, .box_h = 25, .ofs_x = 1, .ofs_y = -3},
    {.bitmap_index = 9841, .adv_w = 416, .box_w = 25, .box_h = 24, .ofs_x = 0, .ofs_y = -2},
    {.bitmap_index = 10025, .adv_w = 416, .box_w = 25, .box_h = 24, .ofs_x = 1, .ofs_y = -2},
    {.bitmap_index = 10113, .adv_w = 416, .box_w = 24, .box_h = 25, .ofs_x = 1, .ofs_y = -3},
    {.bitmap_index = 10255, .adv_w = 416, .box_w = 24, .box_h = 25, .ofs_x = 1, .ofs_y = -3},
    {.bitmap_index = 10406, .adv_w = 416, .box_w = 25, .box_h = 24, .ofs_x = 0, .ofs_y = -2},
    {.bitmap_index = 10567, .adv_w = 416, .box_w = 24, .box_h = 24, .ofs_x = 2, .ofs_y = -2},
    {.bitmap_index = 10756, .adv_w = 416, .box_w = 22, .box_h = 24, .ofs_x = 2, .ofs_y = -2},
    {.bitmap_index = 10848, .adv_w = 416, .box_w = 23, .box_h = 24, .ofs_x = 2, .ofs_y = -2},
    {.bitmap_index = 10991, .adv_w = 416, .box_w = 23, .box_h = 24, .ofs_x = 2, .ofs_y = -2},
    {.bitmap_index = 11124, .adv_w = 416, .box_w = 26, .box_h = 23, .ofs_x = 0, .ofs_y = -1},
    {.bitmap_index = 11255, .adv_w = 416, .box_w = 24, .box_h = 24, .ofs_x = 1, .ofs_y = -2},
    {.bitmap_index = 11410, .adv_w = 416, .box_w = 26, .box_h = 23, .ofs_x = 0, .ofs_y = -2},
    {.bitmap_index = 11567, .adv_w = 416, .box_w = 22, .box_h = 24, .ofs_x = 2, .ofs_y = -2},
    {.bitmap_index = 11629, .adv_w = 416, .box_w = 23, .box_h = 25, .ofs_x = 0, .ofs_y = -3},
    {.bitmap_index = 11811, .adv_w = 416, .box_w = 24, .box_h = 24, .ofs_x = 1, .ofs_y = -2},
    {.bitmap_index = 11950, .adv_w = 416, .box_w = 24, .box_h = 24, .ofs_x = 1, .ofs_y = -2},
    {.bitmap_index = 12123, .adv_w = 416, .box_w = 24, .box_h = 25, .ofs_x = 1, .ofs_y = -2},
    {.bitmap_index = 12245, .adv_w = 416, .box_w = 24, .box_h = 25, .ofs_x = 1, .ofs_y = -3},
    {.bitmap_index = 12395, .adv_w = 416, .box_w = 24, .box_h = 24, .ofs_x = 1, .ofs_y = -2},
    {.bitmap_index = 12561, .adv_w = 416, .box_w = 26, .box_h = 24, .ofs_x = 0, .ofs_y = -2},
    {.bitmap_index = 12788, .adv_w = 416, .box_w = 23, .box_h = 25, .ofs_x = 2, .ofs_y = -3},
    {.bitmap_index = 12991, .adv_w = 416, .box_w = 25, .box_h = 25, .ofs_x = 0, .ofs_y = -3},
    {.bitmap_index = 13181, .adv_w = 416, .box_w = 24, .box_h = 25, .ofs_x = 2, .ofs_y = -3},
    {.bitmap_index = 13375, .adv_w = 416, .box_w = 24, .box_h = 24, .ofs_x = 1, .ofs_y = -2},
    {.bitmap_index = 13576, .adv_w = 416, .box_w = 25, .box_h = 24, .ofs_x = 1, .ofs_y = -2},
    {.bitmap_index = 13752, .adv_w = 416, .box_w = 24, .box_h = 24, .ofs_x = 1, .ofs_y = -2},
    {.bitmap_index = 13879, .adv_w = 416, .box_w = 25, .box_h = 24, .ofs_x = 0, .ofs_y = -2},
    {.bitmap_index = 14066, .adv_w = 416, .box_w = 17, .box_h = 24, .ofs_x = 5, .ofs_y = -3},
    {.bitmap_index = 14139, .adv_w = 416, .box_w = 24, .box_h = 24, .ofs_x = 1, .ofs_y = -2},
    {.bitmap_index = 14284, .adv_w = 416, .box_w = 21, .box_h = 23, .ofs_x = 1, .ofs_y = -2},
    {.bitmap_index = 14384, .adv_w = 416, .box_w = 25, .box_h = 24, .ofs_x = 1, .ofs_y = -2},
    {.bitmap_index = 14549, .adv_w = 416, .box_w = 24, .box_h = 24, .ofs_x = 1, .ofs_y = -2},
    {.bitmap_index = 14721, .adv_w = 416, .box_w = 26, .box_h = 24, .ofs_x = 0, .ofs_y = -2},
    {.bitmap_index = 14879, .adv_w = 416, .box_w = 25, .box_h = 25, .ofs_x = 1, .ofs_y = -3},
    {.bitmap_index = 15017, .adv_w = 416, .box_w = 25, .box_h = 24, .ofs_x = 0, .ofs_y = -2},
    {.bitmap_index = 15196, .adv_w = 416, .box_w = 25, .box_h = 25, .ofs_x = 1, .ofs_y = -3},
    {.bitmap_index = 15352, .adv_w = 416, .box_w = 25, .box_h = 24, .ofs_x = 1, .ofs_y = -2},
    {.bitmap_index = 15557, .adv_w = 416, .box_w = 25, .box_h = 24, .ofs_x = 1, .ofs_y = -2},
    {.bitmap_index = 15760, .adv_w = 416, .box_w = 25, .box_h = 25, .ofs_x = 0, .ofs_y = -2},
    {.bitmap_index = 15975, .adv_w = 416, .box_w = 24, .box_h = 24, .ofs_x = 1, .ofs_y = -2},
    {.bitmap_index = 16153, .adv_w = 416, .box_w = 25, .box_h = 24, .ofs_x = 1, .ofs_y = -2},
    {.bitmap_index = 16385, .adv_w = 416, .box_w = 23, .box_h = 24, .ofs_x = 1, .ofs_y = -3},
    {.bitmap_index = 16502, .adv_w = 416, .box_w = 18, .box_h = 23, .ofs_x = 5, .ofs_y = -2},
    {.bitmap_index = 16571, .adv_w = 416, .box_w = 25, .box_h = 25, .ofs_x = 0, .ofs_y = -3},
    {.bitmap_index = 16758, .adv_w = 416, .box_w = 25, .box_h = 24, .ofs_x = 0, .ofs_y = -2},
    {.bitmap_index = 16987, .adv_w = 416, .box_w = 25, .box_h = 24, .ofs_x = 1, .ofs_y = -2},
    {.bitmap_index = 17211, .adv_w = 416, .box_w = 25, .box_h = 24, .ofs_x = 1, .ofs_y = -2},
    {.bitmap_index = 17360, .adv_w = 416, .box_w = 26, .box_h = 25, .ofs_x = 0, .ofs_y = -3},
    {.bitmap_index = 17596, .adv_w = 416, .box_w = 24, .box_h = 23, .ofs_x = 1, .ofs_y = -2},
    {.bitmap_index = 17739, .adv_w = 416, .box_w = 26, .box_h = 25, .ofs_x = 0, .ofs_y = -3},
    {.bitmap_index = 17978, .adv_w = 416, .box_w = 25, .box_h = 24, .ofs_x = 1, .ofs_y = -2},
    {.bitmap_index = 18099, .adv_w = 416, .box_w = 25, .box_h = 24, .ofs_x = 1, .ofs_y = -2},
    {.bitmap_index = 18262, .adv_w = 416, .box_w = 25, .box_h = 24, .ofs_x = 1, .ofs_y = -2},
    {.bitmap_index = 18463, .adv_w = 416, .box_w = 25, .box_h = 24, .ofs_x = 0, .ofs_y = -2},
    {.bitmap_index = 18686, .adv_w = 416, .box_w = 25, .box_h = 24, .ofs_x = 1, .ofs_y = -2},
    {.bitmap_index = 18901, .adv_w = 416, .box_w = 25, .box_h = 24, .ofs_x = 1, .ofs_y = -2},
    {.bitmap_index = 19112, .adv_w = 416, .box_w = 24, .box_h = 25, .ofs_x = 1, .ofs_y = -3},
    {.bitmap_index = 19293, .adv_w = 416, .box_w = 24, .box_h = 24, .ofs_x = 1, .ofs_y = -2},
    {.bitmap_index = 19455, .adv_w = 416, .box_w = 23, .box_h = 24, .ofs_x = 2, .ofs_y = -2},
    {.bitmap_index = 19639, .adv_w = 416, .box_w = 24, .box_h = 25, .ofs_x = 1, .ofs_y = -3},
    {.bitmap_index = 19839, .adv_w = 416, .box_w = 24, .box_h = 25, .ofs_x = 1, .ofs_y = -3},
    {.bitmap_index = 20018, .adv_w = 416, .box_w = 24, .box_h = 24, .ofs_x = 1, .ofs_y = -2},
    {.bitmap_index = 20172, .adv_w = 416, .box_w = 4, .box_h = 8, .ofs_x = 2, .ofs_y = -5}
};

/*---------------------
 *  CHARACTER MAPPING
 *--------------------*/

static const uint16_t unicode_list_1[] = {
    0x0, 0x2f4b, 0x2f53, 0x2f54, 0x4d4a, 0x4d65, 0x4d94, 0x4d9d,
    0x4da8, 0x4dcf, 0x4e1f, 0x4e2e, 0x5094, 0x50d6, 0x50e2, 0x5138,
    0x5143, 0x5164, 0x5172, 0x5179, 0x51e7, 0x52e8, 0x5338, 0x533b,
    0x5357, 0x53d5, 0x5500, 0x5627, 0x5629, 0x562b, 0x56af, 0x56d4,
    0x5872, 0x5bba, 0x5bca, 0x5d4c, 0x5d55, 0x5dbd, 0x5dbf, 0x5e58,
    0x5f00, 0x6161, 0x62b7, 0x647f, 0x6482, 0x64d0, 0x64e0, 0x64f8,
    0x652e, 0x6568, 0x6651, 0x6683, 0x66ae, 0x66e5, 0x6aad, 0x6b24,
    0x6b5d, 0x6c46, 0x6c64, 0x6e5d, 0x6fb4, 0x7117, 0x7471, 0x7637,
    0x78d8, 0x7def, 0x7f39, 0x8242, 0x87f4, 0x890a, 0x892c, 0x8aea,
    0x8afb, 0x8b07, 0x8c76, 0x8f1d, 0x8f53, 0x8f69, 0x9116, 0x9568,
    0x9610, 0x97c2, 0x99b5, 0xfe55
};

/*Collect the unicode lists and glyph_id offsets*/
static const lv_font_fmt_txt_cmap_t cmaps[] =
{
    {
        .range_start = 32, .range_length = 95, .glyph_id_start = 1,
        .unicode_list = NULL, .glyph_id_ofs_list = NULL, .list_length = 0, .type = LV_FONT_FMT_TXT_CMAP_FORMAT0_TINY
    },
    {
        .range_start = 183, .range_length = 65110, .glyph_id_start = 96,
        .unicode_list = unicode_list_1, .glyph_id_ofs_list = NULL, .list_length = 84, .type = LV_FONT_FMT_TXT_CMAP_SPARSE_TINY
    }
};



/*--------------------
 *  ALL CUSTOM DATA
 *--------------------*/

#if LVGL_VERSION_MAJOR == 8
/*Store all the custom data of the font*/
static  lv_font_fmt_txt_glyph_cache_t cache;
#endif

#if LVGL_VERSION_MAJOR >= 8
static const lv_font_fmt_txt_dsc_t font_dsc = {
#else
static lv_font_fmt_txt_dsc_t font_dsc = {
#endif
    .glyph_bitmap = glyph_bitmap,
    .glyph_dsc = glyph_dsc,
    .cmaps = cmaps,
    .kern_dsc = NULL,
    .kern_scale = 0,
    .cmap_num = 2,
    .bpp = 4,
    .kern_classes = 0,
    .bitmap_format = 1,
#if LVGL_VERSION_MAJOR == 8
    .cache = &cache
#endif
};



/*-----------------
 *  PUBLIC FONT
 *----------------*/

/*Initialize a public general font descriptor*/
#if LVGL_VERSION_MAJOR >= 8
const lv_font_t jianshan_serif_26 = {
#else
lv_font_t jianshan_serif_26 = {
#endif
    .get_glyph_dsc = lv_font_get_glyph_dsc_fmt_txt,    /*Function pointer to get glyph's data*/
    .get_glyph_bitmap = lv_font_get_bitmap_fmt_txt,    /*Function pointer to get glyph's bitmap*/
    .line_height = 30,          /*The maximum line height required by the font*/
    .base_line = 7,             /*Baseline measured from the bottom of the line*/
#if !(LVGL_VERSION_MAJOR == 6 && LVGL_VERSION_MINOR == 0)
    .subpx = LV_FONT_SUBPX_NONE,
#endif
#if LV_VERSION_CHECK(7, 4, 0) || LVGL_VERSION_MAJOR >= 8
    .underline_position = -2,
    .underline_thickness = 1,
#endif
    .dsc = &font_dsc,          /*The custom font data. Will be accessed by `get_glyph_bitmap/dsc` */
#if LV_VERSION_CHECK(8, 2, 0) || LVGL_VERSION_MAJOR >= 9
    .fallback = NULL,
#endif
    .user_data = NULL,
};



#endif /*#if JIANSHAN_SERIF_26*/

