/*******************************************************************************
 * Size: 22 px
 * Bpp: 4
 * Opts: --font /tmp/jianshan-noto-sans-sc.ttf --size 22 --bpp 4 --format lvgl --range 0x20-0x7E --symbols 见山原文星火可以燎年天凯利约翰逊和团队用设计并造出了喷气式战斗机型重返苹果岁乔布斯被解雇后来他创办再收购也因此回到据洛克希德马丁项目史改写斯坦福演讲年月日，。《》· --no-kerning --lv-include lvgl.h --lv-font-name jianshan_font_22 --output assets/fonts/jianshan_font_22.c
 ******************************************************************************/

#ifdef LV_LVGL_H_INCLUDE_SIMPLE
#include "lvgl.h"
#else
#include "lvgl.h"
#endif

#ifndef JIANSHAN_FONT_22
#define JIANSHAN_FONT_22 1
#endif

#if JIANSHAN_FONT_22

/*-----------------
 *    BITMAPS
 *----------------*/

/*Store the image of the glyphs*/
static LV_ATTRIBUTE_LARGE_CONST const uint8_t glyph_bitmap[] = {
    /* U+0020 " " */

    /* U+002D "-" */
    0x78, 0x8c, 0xb0, 0xef, 0xbc,

    /* U+0030 "0" */
    0x0, 0x15, 0x77, 0xda, 0x0, 0x62, 0xd5, 0x46,
    0x4b, 0x50, 0xb, 0x82, 0xa9, 0x3a, 0x14, 0x20,
    0x86, 0x8a, 0x0, 0x28, 0x6, 0xc, 0xd, 0x0,
    0xca, 0x18, 0x6, 0xa, 0x1, 0x88, 0x10, 0x18,
    0x8, 0x3, 0x88, 0x0, 0x60, 0x20, 0x1f, 0x8,
    0x7, 0xfc, 0x60, 0x20, 0x1f, 0xb, 0x1, 0x0,
    0x71, 0x0, 0xc, 0x14, 0x3, 0x10, 0x20, 0x58,
    0x68, 0x6, 0xa0, 0xc0, 0x33, 0x22, 0x80, 0x9,
    0xc1, 0x80, 0x1c, 0x35, 0x75, 0xa1, 0x42, 0x0,
    0x2c, 0x55, 0x8e, 0xd4, 0x0,

    /* U+0031 "1" */
    0x0, 0x97, 0x3e, 0x0, 0x32, 0x7d, 0x18, 0x7,
    0x9a, 0x64, 0xa0, 0x1e, 0x26, 0x66, 0x80, 0x7f,
    0xff, 0xc0, 0x3f, 0xfa, 0x75, 0x55, 0x82, 0xd5,
    0x20, 0x55, 0x63, 0x2, 0x55, 0x20,

    /* U+0032 "2" */
    0x0, 0xc, 0xef, 0xf5, 0x10, 0x6, 0x4e, 0x66,
    0x29, 0x2e, 0xa0, 0x5, 0x5, 0xb7, 0x59, 0x21,
    0x20, 0x16, 0xe1, 0x0, 0x4c, 0x44, 0x30, 0x0,
    0x88, 0x3, 0x9c, 0x1c, 0x3, 0xf9, 0x81, 0xc0,
    0x3f, 0x8c, 0xc, 0x3, 0xf3, 0x2, 0x80, 0x7e,
    0x18, 0x8, 0x0, 0xfd, 0x43, 0x4, 0x1, 0xf4,
    0x22, 0x1c, 0x3, 0xe7, 0x71, 0x50, 0x7, 0xcf,
    0x5, 0x82, 0x1, 0xe8, 0x81, 0x60, 0x80, 0x7a,
    0x9c, 0x1e, 0x26, 0x78, 0x41, 0x40, 0xa, 0xcd,
    0xe0,

    /* U+0033 "3" */
    0x0, 0xc, 0x6f, 0xf5, 0xa8, 0x4, 0xbc, 0xe2,
    0xaa, 0x4a, 0x80, 0x3, 0x15, 0xe5, 0x5e, 0x3,
    0x90, 0x1e, 0xa0, 0x4, 0x68, 0xe, 0x1, 0xff,
    0xc6, 0x14, 0x4, 0x0, 0xe2, 0x6f, 0xa, 0x10,
    0x8, 0x7f, 0x64, 0xf1, 0x40, 0x30, 0xbb, 0x11,
    0x35, 0x40, 0x3a, 0x27, 0x70, 0x29, 0x0, 0x3e,
    0x3a, 0x8, 0x0, 0xfc, 0xa0, 0x60, 0x40, 0x1e,
    0x50, 0x21, 0xcc, 0x8, 0x4, 0x32, 0x14, 0x2e,
    0x7d, 0x95, 0x7c, 0x48, 0xe1, 0x38, 0xa4, 0xaa,
    0x39, 0xb0,

    /* U+0034 "4" */
    0x0, 0xf1, 0xff, 0x98, 0x3, 0xf7, 0x80, 0x7f,
    0x9c, 0xcc, 0x1, 0xf8, 0xa0, 0xec, 0x3, 0xf7,
    0x7, 0xf8, 0x3, 0xe7, 0x37, 0x30, 0xf, 0x8a,
    0xa, 0x0, 0x3f, 0x48, 0x70, 0x7, 0xe6, 0x47,
    0x30, 0xf, 0x86, 0x4a, 0x0, 0x3f, 0x48, 0x17,
    0xfe, 0x70, 0x9f, 0x8d, 0x66, 0xf0, 0x4, 0xd8,
    0xb3, 0x3e, 0x70, 0x99, 0x20, 0x7, 0xff, 0x60,

    /* U+0035 "5" */
    0x0, 0x4f, 0xff, 0xc8, 0x1, 0x18, 0x22, 0x79,
    0x80, 0x26, 0xa, 0xbb, 0xe2, 0x0, 0x84, 0x4,
    0x3, 0xf8, 0xc0, 0x3f, 0xe1, 0x20, 0x0, 0x80,
    0x7e, 0x3d, 0xfe, 0xfa, 0x10, 0xc, 0x20, 0xb3,
    0x4, 0xbe, 0x20, 0x17, 0x72, 0x19, 0xf4, 0xc6,
    0x0, 0x3f, 0xbc, 0x1c, 0x3, 0xf8, 0xc0, 0x40,
    0x3f, 0x84, 0x3, 0x8, 0x7, 0x9c, 0xc, 0xb,
    0xe4, 0x40, 0x23, 0x90, 0x80, 0x24, 0x6e, 0xca,
    0xcc, 0x4, 0x20, 0x2, 0xb1, 0x49, 0x49, 0x2d,
    0xc0, 0x0,

    /* U+0036 "6" */
    0x0, 0x92, 0xfb, 0xf5, 0xc0, 0x34, 0x5a, 0x2a,
    0x82, 0x28, 0x0, 0xae, 0x5b, 0x75, 0xb1, 0x0,
    0x5, 0x87, 0x90, 0x4, 0xe4, 0x8, 0x2a, 0x40,
    0x1f, 0x18, 0x60, 0x0, 0x40, 0x3b, 0x41, 0x5b,
    0x7b, 0xf5, 0x0, 0x2, 0x11, 0x5, 0xa7, 0x2b,
    0x40, 0x70, 0x4f, 0x85, 0x8b, 0x9, 0x7, 0xb,
    0x10, 0x9, 0x8, 0xb0, 0x7, 0xce, 0x3, 0xe1,
    0x80, 0x1c, 0x20, 0x7, 0x5, 0x0, 0xe5, 0x3,
    0x16, 0x28, 0x0, 0xa0, 0x58, 0x1, 0x26, 0xf9,
    0x38, 0xe5, 0x20, 0x16, 0x38, 0xb1, 0x3e, 0x80,
    0x0,

    /* U+0037 "7" */
    0xef, 0xff, 0xe2, 0x44, 0xf8, 0xc0, 0x4a, 0xae,
    0xfc, 0xc1, 0xa0, 0x1f, 0x22, 0xb1, 0x80, 0x7d,
    0x23, 0x0, 0x1f, 0x31, 0x48, 0x80, 0x7d, 0x60,
    0xc0, 0x1f, 0x19, 0x28, 0x80, 0x7d, 0x61, 0x80,
    0x1f, 0x8c, 0x14, 0x3, 0xf2, 0x1, 0x80, 0x7c,
    0x60, 0x60, 0x1f, 0x98, 0x1c, 0x3, 0xf1, 0x1,
    0x0, 0x7e, 0xf0, 0x10, 0xf, 0xc2, 0x1e, 0x1,
    0xc0,

    /* U+0038 "8" */
    0x0, 0x1d, 0xf7, 0xeb, 0x80, 0x65, 0xc4, 0x77,
    0xc, 0x58, 0x5, 0x61, 0xb3, 0x18, 0xa8, 0x80,
    0x21, 0x42, 0x0, 0xa4, 0x30, 0x2, 0x10, 0xc,
    0x20, 0x20, 0x44, 0x52, 0x0, 0x9c, 0x34, 0x1,
    0xc1, 0x8a, 0x0, 0x84, 0x40, 0x0, 0xe8, 0x6b,
    0x70, 0x6c, 0x2, 0x5a, 0x69, 0x13, 0x25, 0x0,
    0x1d, 0x34, 0xb6, 0x50, 0x52, 0x4, 0x4, 0x0,
    0x4b, 0xa1, 0x40, 0x84, 0x20, 0x18, 0xcc, 0x24,
    0x26, 0x1, 0xe1, 0x0, 0x38, 0xc8, 0x6, 0x52,
    0x2a, 0x4d, 0xb6, 0x21, 0x74, 0x3c, 0x0, 0xc8,
    0x17, 0x73, 0x3f, 0x98, 0x0,

    /* U+0039 "9" */
    0x0, 0x9f, 0x7f, 0xa4, 0x40, 0x3b, 0x20, 0x59,
    0x5b, 0xcc, 0x2, 0x73, 0x5c, 0x9b, 0xb0, 0xf0,
    0x5, 0x41, 0x60, 0x12, 0x31, 0x28, 0x0, 0x84,
    0x40, 0x1a, 0x83, 0xc0, 0x3f, 0x8c, 0x10, 0x0,
    0x62, 0x80, 0x19, 0x80, 0x40, 0x10, 0x14, 0xc4,
    0x95, 0x0, 0x19, 0x24, 0x67, 0x6c, 0x70, 0x40,
    0x33, 0x7e, 0x5e, 0xd9, 0x8, 0x80, 0x38, 0xd0,
    0x80, 0x81, 0x40, 0x3f, 0x94, 0x30, 0x3, 0xfa,
    0x41, 0x80, 0x3, 0x64, 0x1, 0x50, 0xb8, 0x80,
    0x19, 0x36, 0xed, 0xca, 0x90, 0x1, 0x3d, 0xa2,
    0x45, 0x36, 0x1, 0x0,

    /* U+0041 "A" */
    0x0, 0xea, 0xff, 0x0, 0x7f, 0xca, 0x20, 0xa0,
    0x1f, 0xc8, 0x10, 0x1e, 0x1, 0xfd, 0xc0, 0xe6,
    0xa0, 0x1f, 0xca, 0x63, 0x60, 0xa0, 0x1f, 0x28,
    0x58, 0x28, 0x70, 0x7, 0xde, 0xa, 0x4, 0x44,
    0x0, 0xf9, 0x48, 0x80, 0x5, 0x5, 0x0, 0xe5,
    0x5, 0x0, 0xac, 0x38, 0x3, 0xb8, 0x12, 0x66,
    0xa0, 0x41, 0x0, 0xc8, 0x6, 0xcd, 0x80, 0xe,
    0x1, 0x30, 0x37, 0xff, 0x58, 0x68, 0x5, 0xa1,
    0xa0, 0x1c, 0x80, 0x82, 0x2, 0x82, 0x80, 0x1e,
    0x50, 0x70, 0x70, 0x70, 0xf, 0xbc, 0x28, 0x34,
    0x34, 0x3, 0xe5, 0x3, 0x10,

    /* U+0042 "B" */
    0xcf, 0xfe, 0xea, 0x40, 0xe, 0x56, 0x62, 0x92,
    0xdc, 0x80, 0x6e, 0x99, 0x56, 0x60, 0x18, 0xc0,
    0x3f, 0x1b, 0x2, 0x0, 0x7f, 0x8, 0x78, 0x7,
    0xf2, 0x5, 0x80, 0x7c, 0x74, 0x6a, 0x60, 0x15,
    0xff, 0xd8, 0xaa, 0xa0, 0xc, 0xae, 0xe6, 0x51,
    0x5d, 0x20, 0xb, 0xa2, 0x13, 0x5d, 0x25, 0x80,
    0x1f, 0xcc, 0xa2, 0xa0, 0x1f, 0xc4, 0x6, 0x1,
    0xfc, 0x80, 0x40, 0x1f, 0xa0, 0xc5, 0x0, 0x1f,
    0x32, 0xab, 0xf7, 0x1d, 0x0, 0x91, 0x98, 0xaa,
    0x38, 0xf3, 0x0,

    /* U+0043 "C" */
    0x0, 0xcd, 0x7d, 0xfd, 0x24, 0x1, 0x87, 0x65,
    0x0, 0xc1, 0xb5, 0x40, 0x3, 0xe4, 0x9b, 0xd9,
    0xd6, 0x40, 0x15, 0x8a, 0x59, 0x0, 0x49, 0xaa,
    0x2, 0xa1, 0x20, 0x1f, 0xce, 0x8, 0x40, 0x1f,
    0xde, 0x18, 0x1, 0xfe, 0x30, 0x10, 0xf, 0xfe,
    0x59, 0x80, 0x80, 0x7f, 0xbc, 0x30, 0x3, 0xfc,
    0x80, 0x82, 0x1, 0xfc, 0x4a, 0x14, 0x1, 0xe1,
    0x20, 0x5, 0x8a, 0x59, 0x0, 0x49, 0x98, 0x10,
    0x1c, 0x24, 0xdd, 0x67, 0x59, 0x48, 0x80, 0xb,
    0x60, 0xce, 0x6, 0xd7, 0x0,

    /* U+0044 "D" */
    0xcf, 0xfd, 0xb6, 0xc0, 0x1e, 0x46, 0x51, 0x49,
    0xe4, 0x0, 0xdf, 0x35, 0x9c, 0xc3, 0x66, 0x1,
    0xf0, 0xcb, 0x87, 0x0, 0x7f, 0x40, 0x92, 0x0,
    0x7f, 0x38, 0x68, 0x7, 0xf6, 0x1, 0x0, 0x7f,
    0x8, 0x38, 0x7, 0xff, 0x24, 0x81, 0xc0, 0x3f,
    0xbc, 0xc, 0x3, 0xf9, 0xc2, 0xc0, 0x3f, 0x48,
    0x91, 0x80, 0x78, 0x69, 0x83, 0x80, 0x2f, 0xaa,
    0x67, 0x28, 0xe1, 0x80, 0x48, 0xaa, 0x24, 0x9e,
    0x30, 0x0,

    /* U+0045 "E" */
    0xcf, 0xff, 0xd0, 0x0, 0x34, 0x4f, 0x68, 0x2,
    0x2e, 0xfc, 0xa0, 0x1f, 0xfd, 0xeb, 0xff, 0xe5,
    0x0, 0x8d, 0x13, 0x84, 0x2, 0x8b, 0xbe, 0x40,
    0xf, 0xfe, 0xfc, 0x5d, 0xfa, 0x0, 0x6, 0x89,
    0xf0,

    /* U+0046 "F" */
    0xcf, 0xff, 0xd0, 0x0, 0x34, 0x4f, 0x68, 0x2,
    0x2e, 0xfc, 0xa0, 0x1f, 0xfd, 0xe8, 0xaa, 0xe4,
    0x0, 0x8d, 0x57, 0x88, 0x2, 0xbf, 0xfe, 0x60,
    0xf, 0xff, 0x88,

    /* U+0047 "G" */
    0x0, 0xcb, 0x5d, 0xfd, 0x6a, 0x1, 0x87, 0x29,
    0x40, 0xcc, 0x95, 0x60, 0x16, 0x19, 0xb3, 0xb3,
    0x79, 0x40, 0x29, 0x23, 0xc3, 0x0, 0x86, 0xac,
    0x5, 0x83, 0x80, 0x3f, 0x9c, 0x10, 0x80, 0x3f,
    0xbc, 0x30, 0x3, 0xfc, 0x60, 0x20, 0x1a, 0x2a,
    0xb2, 0x80, 0x7c, 0x8a, 0xbb, 0x4c, 0x4, 0x3,
    0x67, 0xfa, 0x80, 0x1e, 0x18, 0x1, 0xfe, 0x70,
    0x42, 0x0, 0xfe, 0x15, 0x9, 0x0, 0xff, 0x58,
    0xa6, 0x18, 0x4, 0x3e, 0x1, 0xf, 0x99, 0xb3,
    0xb3, 0x79, 0x46, 0xc0, 0x3, 0x94, 0x80, 0x67,
    0x4f, 0x18,

    /* U+0048 "H" */
    0xcf, 0x40, 0xf, 0x1f, 0xe8, 0x7, 0xff, 0xfa,
    0xff, 0xfd, 0x80, 0x18, 0xd1, 0x3c, 0x60, 0x1a,
    0x2e, 0xfd, 0xe0, 0x1f, 0xff, 0xe0,

    /* U+0049 "I" */
    0xcf, 0x40, 0xf, 0xff, 0x8,

    /* U+004A "J" */
    0x0, 0xf9, 0xbe, 0x80, 0x3f, 0xff, 0xe0, 0x1f,
    0xfd, 0x63, 0x1, 0x30, 0xd, 0xe1, 0xc1, 0xfa,
    0x40, 0x3, 0x60, 0x40, 0x91, 0xdd, 0xb0, 0x18,
    0xc1, 0xed, 0xc, 0x89, 0x12, 0x0,

    /* U+004B "K" */
    0xcf, 0x40, 0xe, 0x6f, 0xd1, 0x0, 0xfc, 0x72,
    0x1e, 0x20, 0x1f, 0x16, 0x85, 0x90, 0x7, 0xef,
    0x19, 0x40, 0xf, 0xd6, 0x4c, 0xc0, 0xf, 0xd2,
    0x88, 0x90, 0xf, 0xcc, 0xc0, 0x30, 0xf, 0xd9,
    0x20, 0x7, 0x20, 0xf, 0x9c, 0x2e, 0x2, 0x40,
    0x3f, 0x42, 0x38, 0xa2, 0x80, 0x79, 0x9c, 0x1,
    0x61, 0x0, 0x1e, 0xd0, 0x9, 0x4c, 0x9c, 0x3,
    0xfd, 0xc1, 0x2, 0x1, 0xfc, 0x4c, 0x16, 0x1,
    0xfe, 0x81, 0x53, 0x0, 0xfe, 0x18, 0xe, 0x0,

    /* U+004C "L" */
    0xcf, 0x40, 0xf, 0xff, 0xf8, 0x7, 0xff, 0xd2,
    0x2e, 0xfc, 0x60, 0x3, 0x44, 0xf3, 0x0,

    /* U+004D "M" */
    0xcf, 0xd0, 0xf, 0xdf, 0xea, 0x0, 0x11, 0x80,
    0x79, 0x40, 0x30, 0x85, 0x80, 0x7b, 0x84, 0x3,
    0x23, 0x0, 0x70, 0xa3, 0x80, 0x43, 0xa2, 0x80,
    0x19, 0xc3, 0x40, 0x33, 0x87, 0x0, 0x6a, 0x27,
    0x0, 0xc2, 0xaa, 0x0, 0x88, 0xe8, 0x3, 0xdc,
    0xa, 0x0, 0x50, 0x60, 0xf, 0x20, 0xf0, 0x2,
    0x90, 0x5c, 0x3, 0xce, 0x82, 0x44, 0xe0, 0xf,
    0xd4, 0xf, 0x40, 0xa0, 0x1f, 0x8c, 0xa9, 0x54,
    0x1, 0xfe, 0xa3, 0x2e, 0x0, 0xff, 0x30, 0xa,
    0x0, 0x7f, 0x86, 0xa8, 0x1, 0xff, 0xc0, 0x54,
    0x0, 0xf0,

    /* U+004E "N" */
    0xcf, 0x90, 0xf, 0x27, 0xd8, 0x1, 0x88, 0x3,
    0xfe, 0xe0, 0xf, 0xf3, 0x9a, 0x80, 0x7f, 0x48,
    0x58, 0x7, 0xf0, 0xc0, 0xc0, 0x7, 0xe1, 0x71,
    0x72, 0x0, 0xf8, 0xc2, 0xc2, 0x0, 0x3f, 0x94,
    0xd5, 0x1, 0xc0, 0x3e, 0xf0, 0x90, 0xf, 0xe3,
    0x62, 0x61, 0x0, 0xfd, 0x1, 0x0, 0x1f, 0xc3,
    0x2, 0xa0, 0x1f, 0xce, 0x52, 0x1, 0xfe, 0x91,
    0x0, 0xff, 0x22, 0x0, 0x0,

    /* U+004F "O" */
    0x0, 0xcf, 0x9d, 0xfb, 0x24, 0x1, 0xe3, 0xe8,
    0x33, 0x89, 0xb5, 0x80, 0x30, 0xe0, 0xaf, 0x6e,
    0x7c, 0x84, 0xa8, 0x5, 0x40, 0xb4, 0x20, 0x13,
    0x50, 0x58, 0x80, 0xa0, 0x58, 0x7, 0x95, 0x5,
    0xc1, 0x81, 0x4, 0x3, 0xed, 0xa, 0xe, 0xc,
    0x0, 0xfc, 0x80, 0x40, 0x60, 0x20, 0x1f, 0x8c,
    0x4, 0x3, 0xff, 0x88, 0x60, 0x20, 0x1f, 0x8c,
    0x4, 0x3c, 0x30, 0x3, 0xf2, 0x2, 0x83, 0x82,
    0x8, 0x7, 0xd4, 0x1a, 0x2, 0xa1, 0x60, 0x1e,
    0x63, 0x17, 0x0, 0x58, 0xad, 0x8, 0x4, 0xf2,
    0x16, 0x20, 0x1, 0xc2, 0x5e, 0xdc, 0xf8, 0xa,
    0x50, 0xc, 0x5b, 0x26, 0x71, 0x36, 0xa8, 0x4,

    /* U+0050 "P" */
    0xcf, 0xfe, 0xda, 0x40, 0xc, 0x8c, 0xc5, 0x15,
    0xba, 0x0, 0xbe, 0x65, 0x59, 0xa4, 0xaa, 0x0,
    0xf8, 0xa0, 0x38, 0x3, 0xf3, 0x3, 0x80, 0x7e,
    0x70, 0x70, 0xf, 0xdc, 0x6, 0x1, 0xe3, 0xa5,
    0x19, 0x0, 0x5f, 0xfd, 0x8a, 0x78, 0x20, 0x4,
    0x66, 0xa3, 0x30, 0x40, 0x17, 0xcc, 0xce, 0x60,
    0x1f, 0xfe, 0xe0,

    /* U+0051 "Q" */
    0x0, 0xcf, 0x9d, 0xfb, 0x24, 0x1, 0xe3, 0xe8,
    0x33, 0x89, 0xb5, 0x80, 0x30, 0xe0, 0xaf, 0x6e,
    0x7c, 0x84, 0xa8, 0x5, 0x40, 0xb4, 0x20, 0x13,
    0x50, 0x58, 0x80, 0xa0, 0x58, 0x7, 0x95, 0x5,
    0xc1, 0x81, 0x4, 0x3, 0xed, 0xa, 0xe, 0xc,
    0x0, 0xfc, 0x80, 0x40, 0x60, 0x20, 0x1f, 0x8c,
    0x4, 0x3, 0xff, 0x88, 0x60, 0x20, 0x1f, 0x8c,
    0x4, 0x3c, 0x30, 0x3, 0xf2, 0x2, 0x83, 0x82,
    0x8, 0x7, 0xda, 0x1a, 0x2, 0xa1, 0x60, 0x1e,
    0x54, 0x17, 0x0, 0x58, 0xac, 0x80, 0x65, 0xa0,
    0xb1, 0x0, 0xe, 0x13, 0x7d, 0xdb, 0xa8, 0x29,
    0x40, 0x31, 0x6c, 0x9a, 0x20, 0x5b, 0x54, 0x3,
    0xe6, 0xc7, 0x3, 0x92, 0x0, 0xff, 0x41, 0x9b,
    0x14, 0x40, 0x40, 0x3f, 0x62, 0x9d, 0x77, 0xf1,
    0x80, 0x7e, 0xad, 0x86, 0x57, 0x10,

    /* U+0052 "R" */
    0xcf, 0xfe, 0xeb, 0x50, 0xe, 0x46, 0x62, 0x92,
    0x55, 0x80, 0x6f, 0x99, 0x56, 0x69, 0x23, 0x0,
    0x7e, 0x29, 0xd, 0x0, 0xfe, 0x60, 0x60, 0xf,
    0xe1, 0x1, 0x0, 0xfe, 0xa0, 0x40, 0xf, 0x9,
    0xd3, 0xc, 0x80, 0x57, 0xfe, 0xec, 0x52, 0xd1,
    0x0, 0x91, 0x98, 0x0, 0x6d, 0x30, 0xd, 0xf3,
    0x2b, 0x7, 0x10, 0xf, 0xc8, 0xa3, 0x0, 0x1f,
    0xd6, 0xc, 0x60, 0x1f, 0x86, 0x3, 0xc0, 0x3f,
    0x9c, 0x8d, 0x80, 0x3f, 0xb8, 0x24, 0x40,

    /* U+0053 "S" */
    0x0, 0xc, 0x6f, 0xfb, 0x1c, 0x3, 0x17, 0xb9,
    0x19, 0xd1, 0xc6, 0x0, 0xe1, 0x6f, 0xcc, 0x7c,
    0x0, 0x80, 0x98, 0x48, 0x6, 0x7e, 0x20, 0x30,
    0xf, 0xf8, 0x84, 0x28, 0x3, 0xfa, 0x81, 0x79,
    0xc4, 0x3, 0xc9, 0xa8, 0x31, 0xd4, 0x40, 0x1c,
    0x57, 0x8c, 0xb, 0xb2, 0x1, 0xe3, 0x9e, 0x70,
    0x68, 0x0, 0xf8, 0x62, 0x81, 0xc0, 0x3f, 0x94,
    0x0, 0x40, 0xc0, 0x1e, 0x10, 0x1, 0x54, 0xd9,
    0x80, 0x43, 0x40, 0xa1, 0x6, 0x99, 0xd9, 0xbc,
    0x85, 0x60, 0x59, 0x4a, 0x6, 0x74, 0xe8, 0x80,

    /* U+0054 "T" */
    0x5f, 0xff, 0xfa, 0x19, 0x13, 0x10, 0xa, 0x26,
    0xd3, 0xbb, 0xd4, 0xf, 0x77, 0x94, 0x3, 0xff,
    0xfe, 0x1, 0xff, 0xff, 0x0, 0xff, 0xe3, 0x80,

    /* U+0055 "U" */
    0xdf, 0x30, 0xf, 0x1f, 0xd8, 0x7, 0xff, 0xfc,
    0x3, 0xff, 0xa4, 0xe0, 0x1, 0x7, 0x0, 0xf0,
    0x80, 0xa8, 0x18, 0x7, 0xb4, 0xb, 0x2, 0x80,
    0x3c, 0xc1, 0x6a, 0x25, 0x40, 0x10, 0xd8, 0x99,
    0x83, 0x45, 0x7f, 0x31, 0xc8, 0x3c, 0x0, 0x3f,
    0x62, 0x33, 0x13, 0xf9, 0x0,

    /* U+0056 "V" */
    0xdf, 0x40, 0xf, 0xa7, 0xdd, 0x43, 0x40, 0x3e,
    0x40, 0x5a, 0x7, 0x0, 0xf1, 0x17, 0x84, 0xc0,
    0x39, 0x41, 0x40, 0xa, 0x16, 0x1, 0xd6, 0x16,
    0x0, 0xb0, 0x50, 0xc, 0x26, 0x26, 0x0, 0x31,
    0x21, 0x0, 0x90, 0x1c, 0x3, 0x38, 0x38, 0x5,
    0xe1, 0xa0, 0x1a, 0x83, 0x40, 0x25, 0x14, 0x0,
    0xc6, 0x28, 0x0, 0x40, 0x70, 0xf, 0x38, 0x20,
    0x60, 0x68, 0x7, 0xb4, 0x34, 0x14, 0x10, 0x3,
    0xc8, 0x2e, 0x44, 0x50, 0xf, 0xc8, 0x30, 0x1e,
    0x1, 0xfb, 0xc1, 0x41, 0x40, 0x3f, 0x28, 0x1,
    0x0, 0x38,

    /* U+0057 "W" */
    0x5f, 0xc0, 0xe, 0x5f, 0xc0, 0xe, 0x5f, 0x94,
    0x3, 0x0, 0xec, 0x3, 0x0, 0xed, 0xf, 0x11,
    0x1, 0x0, 0x64, 0x0, 0x20, 0x6, 0x30, 0x50,
    0x40, 0x70, 0x8, 0x49, 0x83, 0x0, 0x32, 0x81,
    0x86, 0x86, 0x80, 0x48, 0x14, 0x28, 0x1, 0x8,
    0x8c, 0x0, 0x60, 0x60, 0x16, 0x1, 0xa9, 0x88,
    0x1, 0x1, 0x40, 0x8, 0xa, 0x1, 0x39, 0x86,
    0x2, 0x0, 0x34, 0x30, 0x2, 0x21, 0x10, 0x10,
    0xa0, 0x20, 0x60, 0x0, 0xc1, 0xc0, 0x24, 0x4,
    0x4, 0xc, 0x3, 0x4, 0x0, 0x28, 0x10, 0x5,
    0xe1, 0xa1, 0xe0, 0x80, 0x4, 0x21, 0x19, 0x0,
    0x32, 0x81, 0x2, 0x18, 0x5, 0x80, 0xaa, 0x3,
    0x0, 0xc6, 0xe, 0x24, 0x80, 0x12, 0x6, 0x10,
    0x68, 0x7, 0x19, 0x20, 0x60, 0x4, 0x62, 0x7e,
    0xe, 0x1, 0xc8, 0x12, 0x8, 0x1, 0x95, 0x14,
    0x48, 0x3, 0xb4, 0xc, 0xc0, 0x1d, 0x80, 0x6a,
    0x1, 0xe4, 0x0, 0x20, 0x7, 0x20, 0x0, 0xc0,
    0x20,

    /* U+0058 "X" */
    0x1f, 0xf1, 0x80, 0x73, 0xfd, 0x0, 0xc0, 0x40,
    0x6, 0x19, 0xb, 0x0, 0x39, 0x22, 0x0, 0x29,
    0x17, 0x10, 0xa, 0x2, 0x0, 0x2, 0xe3, 0x0,
    0x19, 0x4c, 0xca, 0x10, 0x10, 0x1, 0xef, 0x8,
    0x26, 0x26, 0x0, 0xf1, 0xa9, 0x78, 0x48, 0x7,
    0xeb, 0x2, 0x44, 0x0, 0x7e, 0x40, 0x2, 0x80,
    0x7f, 0x58, 0xb0, 0xb8, 0x7, 0xce, 0x31, 0x0,
    0x81, 0x0, 0xe1, 0x81, 0x61, 0x80, 0xb0, 0xe,
    0xb0, 0x80, 0x3, 0x8a, 0x98, 0x4, 0x6a, 0x4c,
    0x1, 0x58, 0x78, 0x5, 0xe1, 0x0, 0x19, 0x4c,
    0xcc, 0xa, 0x66, 0x50, 0xe, 0x80, 0x80,

    /* U+0059 "Y" */
    0xc, 0xf5, 0x0, 0xf5, 0x7b, 0x84, 0x4, 0x0,
    0x70, 0xa8, 0xb8, 0x21, 0x92, 0x0, 0x69, 0x9,
    0x0, 0xa0, 0x20, 0x3, 0x38, 0xb8, 0x4, 0x86,
    0x70, 0x1, 0xc2, 0x40, 0x3a, 0x2, 0x40, 0x12,
    0x2e, 0x1, 0xc8, 0x6a, 0x2c, 0x32, 0x1, 0xf4,
    0x84, 0x58, 0xb8, 0x7, 0xca, 0x4c, 0x52, 0x1,
    0xfd, 0x0, 0x7, 0x0, 0xfe, 0x60, 0x20, 0xf,
    0xff, 0xd0,

    /* U+005A "Z" */
    0x2f, 0xff, 0xf1, 0x1a, 0x27, 0xc4, 0x4, 0x41,
    0xbb, 0xf8, 0x1, 0x20, 0x1f, 0xa4, 0x99, 0x0,
    0x3e, 0x36, 0x18, 0x0, 0xfd, 0xc1, 0x62, 0x1,
    0xf4, 0x12, 0xa8, 0x3, 0xe2, 0x71, 0xb0, 0xf,
    0xdc, 0x16, 0x20, 0x1f, 0x39, 0xa2, 0x80, 0x7c,
    0x50, 0x14, 0x1, 0xfb, 0x82, 0x44, 0x3, 0xe6,
    0x33, 0x30, 0x7, 0xc3, 0x21, 0xc0, 0x1f, 0xa8,
    0x6, 0x6e, 0xfe, 0x25, 0x1, 0x44, 0xfc, 0x20,

    /* U+0061 "a" */
    0x0, 0x2d, 0xef, 0xec, 0x0, 0x5b, 0x4a, 0xca,
    0x6f, 0x60, 0x5, 0x9e, 0xba, 0xf1, 0x43, 0x8,
    0x60, 0x8, 0x58, 0x2c, 0x3, 0x8d, 0x48, 0x4,
    0x0, 0xb7, 0xf9, 0x68, 0x6, 0x17, 0x4f, 0x5d,
    0xc8, 0x0, 0x32, 0x2e, 0x28, 0x80, 0x6c, 0xe,
    0x0, 0xf8, 0xc0, 0xc0, 0x24, 0x80, 0x5, 0x4,
    0x5c, 0xe5, 0xb8, 0x0, 0xec, 0xd1, 0xdb, 0x60,
    0x0,

    /* U+0062 "b" */
    0xff, 0x0, 0x7f, 0xfb, 0x17, 0x3f, 0xa8, 0x80,
    0x35, 0xd0, 0x20, 0x2e, 0x10, 0x4, 0xfb, 0x97,
    0xca, 0x3c, 0x1, 0x69, 0x0, 0x56, 0x6, 0x40,
    0x1, 0x0, 0xc2, 0x80, 0xe0, 0x1f, 0x84, 0x8,
    0x3, 0xfc, 0x20, 0x1f, 0x9c, 0x8, 0x3, 0xe3,
    0x20, 0x40, 0x4, 0x0, 0x45, 0xc1, 0x0, 0x1,
    0x6f, 0xbb, 0x69, 0x23, 0x80, 0x17, 0xd9, 0x50,
    0xe6, 0xc0, 0x0,

    /* U+0063 "c" */
    0x0, 0x9f, 0x3f, 0xd6, 0x60, 0x2, 0xd8, 0x34,
    0x4b, 0x4, 0x38, 0x97, 0xee, 0xdb, 0x42, 0xa6,
    0x54, 0x1, 0x12, 0x87, 0x85, 0x0, 0x7c, 0xc0,
    0x60, 0x1f, 0xfc, 0x57, 0x2, 0x0, 0xfb, 0x42,
    0xc0, 0x3e, 0x61, 0x29, 0x0, 0x86, 0x0, 0x1a,
    0x2d, 0xd7, 0x6e, 0x75, 0x3, 0xf7, 0x34, 0x54,
    0xb5,

    /* U+0064 "d" */
    0x0, 0xfc, 0xdf, 0x20, 0x1f, 0xfe, 0x21, 0x9e,
    0xfd, 0x73, 0x0, 0x8b, 0xd8, 0x10, 0x62, 0xc0,
    0x2f, 0x15, 0xeb, 0xcd, 0x20, 0x2, 0x91, 0x28,
    0x2, 0x2a, 0x0, 0x78, 0x50, 0x7, 0xe6, 0x3,
    0x0, 0xff, 0xe3, 0xb8, 0x10, 0x7, 0xec, 0xd,
    0x0, 0xfc, 0xc0, 0x8e, 0x1, 0x24, 0x0, 0x6,
    0x42, 0x36, 0xb6, 0xd0, 0x2, 0x6b, 0x43, 0x56,
    0xcb, 0x0, 0x0,

    /* U+0065 "e" */
    0x0, 0xc, 0x6f, 0xf4, 0x88, 0x4, 0x5e, 0xe2,
    0xca, 0xde, 0x20, 0xf, 0x1b, 0xc9, 0xba, 0x1b,
    0x6, 0x27, 0x40, 0x9, 0x51, 0x43, 0x43, 0x4,
    0x78, 0x80, 0xd8, 0x2f, 0xbb, 0x98, 0x0, 0x21,
    0x37, 0x7f, 0x1b, 0x81, 0xa2, 0x7c, 0x1a, 0x12,
    0x1, 0xf9, 0x88, 0xe4, 0x3, 0x18, 0x80, 0x3c,
    0x5b, 0xaa, 0x9b, 0x90, 0x0, 0x2f, 0x83, 0x55,
    0xc, 0xc8, 0x0,

    /* U+0066 "f" */
    0x0, 0xcb, 0x10, 0x40, 0xa, 0xe9, 0xdd, 0xa0,
    0x5, 0x42, 0xdf, 0x80, 0x6, 0x5, 0x10, 0x8,
    0x0, 0xc0, 0x80, 0x3f, 0xe4, 0xf5, 0xa, 0xfe,
    0x6, 0x70, 0x0, 0xbc, 0x81, 0x42, 0x85, 0xc3,
    0x80, 0x7f, 0xff, 0x40,

    /* U+0067 "g" */
    0x0, 0x25, 0xff, 0xfb, 0x80, 0xd, 0x6a, 0xee,
    0x20, 0x37, 0x90, 0x19, 0x1f, 0x88, 0x60, 0x9c,
    0xb8, 0x20, 0x38, 0x80, 0x5, 0x81, 0x0, 0x6,
    0x2, 0x1, 0xbc, 0x3, 0x20, 0x20, 0x6, 0xc0,
    0x70, 0x1, 0x31, 0xd1, 0x12, 0x51, 0x88, 0x2,
    0xb0, 0x5d, 0xd3, 0x3c, 0x80, 0x6c, 0x4f, 0xcc,
    0x7c, 0x0, 0x62, 0x12, 0x3, 0x30, 0x7, 0x88,
    0x8d, 0x93, 0x39, 0xcc, 0x2, 0xb0, 0x26, 0x6d,
    0x19, 0x0, 0x93, 0x5d, 0xff, 0x74, 0x83, 0x84,
    0xa, 0x80, 0x61, 0x61, 0x0, 0x84, 0xc0, 0x39,
    0xc5, 0x42, 0x43, 0x29, 0x98, 0xf9, 0x9, 0x40,
    0xb8, 0xaf, 0x33, 0x35, 0x58, 0x0,

    /* U+0068 "h" */
    0xff, 0x0, 0x7f, 0xf9, 0xce, 0xff, 0xd6, 0x40,
    0x13, 0xe3, 0x18, 0x27, 0x80, 0x53, 0x7b, 0x9c,
    0x24, 0x80, 0xc, 0x40, 0x0, 0xb8, 0x18, 0x0,
    0x80, 0x37, 0x7, 0x0, 0x7f, 0xfe, 0x80,

    /* U+0069 "i" */
    0x1d, 0xe2, 0x28, 0x5c, 0xe2, 0xa, 0xe, 0xe0,
    0xf, 0x7f, 0x80, 0x3f, 0xfc, 0x20,

    /* U+006A "j" */
    0x0, 0xe, 0xf1, 0x0, 0x14, 0x85, 0x80, 0x9,
    0x10, 0x40, 0x9, 0xdc, 0x1, 0xfe, 0xff, 0x0,
    0x7f, 0xff, 0xc0, 0x3c, 0x40, 0x20, 0xf3, 0xe0,
    0xc1, 0x6c, 0x6d, 0x0,

    /* U+006B "k" */
    0xff, 0x0, 0x7f, 0xfa, 0x93, 0xf8, 0x40, 0x38,
    0x68, 0x34, 0x40, 0x3b, 0x46, 0x8c, 0x3, 0xa8,
    0xdd, 0x40, 0x39, 0xd5, 0x20, 0x3, 0x92, 0x1,
    0xc0, 0x3d, 0x42, 0xa6, 0xe0, 0x1c, 0x3b, 0x43,
    0x2, 0x1, 0xac, 0xc2, 0xc2, 0x80, 0x32, 0x0,
    0x14, 0xd1, 0x40, 0x3e, 0xe0, 0xb1, 0x0, 0xf1,
    0x38, 0xc0,

    /* U+006C "l" */
    0xff, 0x0, 0x7f, 0xfb, 0x8c, 0x2c, 0x20, 0x50,
    0xc0,

    /* U+006D "m" */
    0xfb, 0x4, 0xcf, 0xe8, 0x0, 0x15, 0x7f, 0xa8,
    0x40, 0xd, 0x16, 0x26, 0x2f, 0xb, 0xa8, 0x60,
    0xba, 0x0, 0x26, 0xbd, 0xca, 0x7, 0xa9, 0xec,
    0xd0, 0x33, 0x0, 0x31, 0x0, 0xa, 0x21, 0x2c,
    0x0, 0x25, 0x5, 0x0, 0x10, 0x6, 0x20, 0x20,
    0xc, 0x40, 0x20, 0x1f, 0x38, 0x7, 0xef, 0x0,
    0xff, 0xff, 0x80, 0x7f, 0xf3, 0xc0,

    /* U+006E "n" */
    0xfb, 0x4, 0xbf, 0xf5, 0x90, 0x1, 0xa2, 0xd8,
    0xc1, 0x3c, 0x0, 0x4d, 0x7b, 0x9c, 0x24, 0x80,
    0xc, 0x40, 0x0, 0xb8, 0x18, 0x0, 0x80, 0x37,
    0x7, 0x0, 0x7f, 0xfe, 0x80,

    /* U+006F "o" */
    0x0, 0xc, 0x6f, 0xf5, 0x18, 0x6, 0x2f, 0x73,
    0x42, 0x5c, 0x60, 0xb, 0xc5, 0xfa, 0xf2, 0xc2,
    0x4c, 0x18, 0x8e, 0x0, 0x24, 0x80, 0x80, 0xd0,
    0xa0, 0xe, 0x60, 0x40, 0x70, 0x20, 0xe, 0x11,
    0x1, 0x0, 0x7f, 0xf0, 0x1c, 0x8, 0x3, 0x84,
    0x40, 0x5a, 0x14, 0x1, 0xce, 0x8, 0xc, 0x47,
    0x0, 0x12, 0x48, 0x40, 0x3, 0xc5, 0xf6, 0xb2,
    0xc2, 0x4c, 0x0, 0x5e, 0xe0, 0xa4, 0xb8, 0xc0,
    0x0,

    /* U+0070 "p" */
    0xfb, 0x5, 0xcf, 0xea, 0x20, 0x9, 0x6e, 0x81,
    0x1, 0x70, 0x80, 0x2, 0xfb, 0x97, 0xca, 0x3c,
    0x1, 0x69, 0x0, 0x56, 0x6, 0x40, 0x1, 0x0,
    0xc2, 0x80, 0xe0, 0x1f, 0x84, 0x8, 0x3, 0xfc,
    0x20, 0x1f, 0x9c, 0x8, 0x3, 0xe3, 0x20, 0x40,
    0x4, 0x0, 0x45, 0xc0, 0xe0, 0x13, 0x7d, 0xdb,
    0x49, 0x20, 0x2, 0xf7, 0x54, 0x39, 0xb0, 0xc,
    0x31, 0xdf, 0x8c, 0x1, 0xff, 0xe3,

    /* U+0071 "q" */
    0x0, 0xc, 0xf7, 0xeb, 0x8f, 0xc8, 0x17, 0xb0,
    0x20, 0xc7, 0x80, 0x5e, 0x2b, 0xd7, 0x9a, 0x40,
    0x5, 0x22, 0x50, 0x4, 0x54, 0x0, 0xf0, 0xa0,
    0xf, 0xcc, 0x6, 0x1, 0xff, 0xc7, 0x70, 0x20,
    0xf, 0xd8, 0x1a, 0x1, 0xf9, 0x81, 0x1c, 0x2,
    0x48, 0x0, 0xc, 0x84, 0x6d, 0x6d, 0xa8, 0x4,
    0xd6, 0x86, 0xad, 0x9c, 0x1, 0x92, 0xfb, 0xec,
    0xcc, 0x1, 0xff, 0xe2,

    /* U+0072 "r" */
    0xfb, 0x5, 0xdf, 0x70, 0x76, 0xa3, 0x23, 0x3,
    0x99, 0x76, 0xa0, 0x1, 0xd8, 0x3, 0xa4, 0x3,
    0xc2, 0x1, 0xff, 0xe2,

    /* U+0073 "s" */
    0x0, 0x15, 0x77, 0xf4, 0x90, 0x0, 0x71, 0x54,
    0xea, 0xd8, 0x0, 0x91, 0x7b, 0x8b, 0xdd, 0x0,
    0x4, 0x34, 0x2, 0x23, 0x0, 0x68, 0x5b, 0x0,
    0x79, 0x28, 0x27, 0xe4, 0x80, 0x32, 0xf4, 0x9b,
    0x6b, 0x80, 0x73, 0x65, 0x8c, 0x18, 0x7, 0x92,
    0x41, 0x2, 0x18, 0x3, 0x60, 0x10, 0xb4, 0xec,
    0xcb, 0x10, 0xd4, 0x7a, 0x45, 0x98, 0x2f, 0x80,

    /* U+0074 "t" */
    0x0, 0x14, 0x18, 0x7, 0x3b, 0x94, 0x3, 0x8c,
    0x3, 0xe1, 0x0, 0xe6, 0xf8, 0x9, 0xff, 0x52,
    0xb9, 0x2, 0x3b, 0xbc, 0xe1, 0xc3, 0x62, 0xa,
    0x1, 0xff, 0xde, 0x30, 0xf, 0xb8, 0x30, 0x3,
    0x94, 0x17, 0x2a, 0x40, 0x5, 0x66, 0x64, 0x30,

    /* U+0075 "u" */
    0x2f, 0xe0, 0xe, 0xaf, 0x50, 0xf, 0xff, 0xf8,
    0x0, 0xc0, 0x40, 0x39, 0xc0, 0x2, 0x20, 0x70,
    0x0, 0xe1, 0x0, 0x52, 0x11, 0xb9, 0xc1, 0x0,
    0x13, 0xc0, 0x90, 0xc6, 0x10, 0x0,

    /* U+0076 "v" */
    0x8f, 0x80, 0xf, 0x7f, 0x82, 0x81, 0x40, 0x39,
    0x1, 0x40, 0x8a, 0x30, 0xd, 0xc1, 0xc0, 0xa,
    0xb, 0x0, 0xc8, 0x28, 0x0, 0x60, 0x50, 0x9,
    0x5, 0xc0, 0x21, 0x42, 0x20, 0x3, 0x42, 0x80,
    0x36, 0x85, 0x0, 0x1c, 0x4c, 0x3, 0x30, 0x28,
    0x20, 0xb0, 0x7, 0x94, 0x89, 0xa1, 0x40, 0x1e,
    0xe0, 0x57, 0x22, 0x0, 0x79, 0x6, 0x46, 0x80,
    0x3f, 0x38, 0x82, 0x80, 0x60,

    /* U+0077 "w" */
    0x4f, 0xc0, 0xc, 0x7f, 0xe0, 0xe, 0xfe, 0x4,
    0x3, 0x0, 0xd6, 0x0, 0x40, 0x8, 0xc1, 0x0,
    0x8, 0x8, 0x1, 0x22, 0x3, 0x0, 0x24, 0xc,
    0x0, 0x60, 0x60, 0x4, 0x78, 0x48, 0x1, 0x60,
    0x20, 0x1, 0x41, 0x0, 0xa, 0x8, 0x83, 0x10,
    0x2, 0x11, 0x0, 0x4, 0x26, 0x21, 0x80, 0x78,
    0x8, 0x6, 0x8, 0x1, 0x9c, 0x14, 0x11, 0x0,
    0x81, 0x81, 0x61, 0x80, 0x1b, 0x3, 0x4, 0xb4,
    0x4, 0xd0, 0xc, 0x10, 0x3, 0x20, 0x22, 0x1,
    0x0, 0x8, 0x44, 0x43, 0x10, 0xc, 0x26, 0x6c,
    0x12, 0x0, 0x60, 0x50, 0x20, 0x7, 0xac, 0x19,
    0x0, 0x24, 0x7, 0xb, 0x0, 0xf2, 0x0, 0x30,
    0x3, 0x20, 0x0, 0xc0, 0x20,

    /* U+0078 "x" */
    0x1f, 0xf1, 0x0, 0x43, 0xfc, 0x22, 0x90, 0x90,
    0xa, 0x2, 0x4, 0x18, 0xd1, 0x40, 0x98, 0xd8,
    0x2, 0xe0, 0xb0, 0x90, 0xf0, 0xc, 0x4e, 0x36,
    0x8c, 0x60, 0x1d, 0x2, 0x83, 0x20, 0x1e, 0x31,
    0x1, 0x10, 0x7, 0xb8, 0x64, 0x28, 0x3, 0x9c,
    0xa5, 0x91, 0xa, 0x1, 0x14, 0x13, 0x84, 0x85,
    0x88, 0x2, 0x42, 0x40, 0x4, 0xe3, 0x60, 0xa8,
    0x90, 0x5, 0x4, 0xa8,

    /* U+0079 "y" */
    0x8f, 0x80, 0xf, 0x77, 0x84, 0x83, 0x0, 0x72,
    0xa, 0x80, 0xa0, 0xa0, 0x6, 0xd0, 0xe0, 0x7,
    0x87, 0x0, 0x67, 0x14, 0x0, 0x20, 0xa8, 0x4,
    0x82, 0xe0, 0x19, 0x81, 0x80, 0x1a, 0x1a, 0x1,
    0xa4, 0x28, 0x0, 0xe2, 0x80, 0x18, 0x50, 0xc4,
    0xc5, 0x80, 0x3d, 0xe0, 0xc8, 0x16, 0x1, 0xe4,
    0x1a, 0xb2, 0x30, 0xf, 0xa4, 0x8d, 0x40, 0x3f,
    0x30, 0x2, 0x80, 0x3f, 0xc4, 0x40, 0xf, 0xcc,
    0x16, 0x1, 0xf8, 0xe0, 0x58, 0x3, 0xd5, 0x78,
    0x14, 0x1, 0xe1, 0x44, 0x1e, 0x20, 0x7, 0x80,

    /* U+007A "z" */
    0x8, 0xff, 0xfa, 0x43, 0x59, 0xb2, 0x80, 0x30,
    0x16, 0x67, 0x10, 0x2a, 0x80, 0x38, 0xdc, 0x6c,
    0x3, 0xdc, 0x14, 0x20, 0x1d, 0x24, 0xc8, 0x1,
    0xc8, 0xc3, 0x20, 0x1e, 0x90, 0xa0, 0xf, 0x49,
    0x32, 0x0, 0x72, 0x31, 0x48, 0x7, 0xa8, 0x6,
    0x67, 0x9c, 0xc4, 0xd, 0x9b, 0xa8,

    /* U+00B7 "·" */
    0x1, 0x77, 0x8, 0x3, 0x22, 0x18, 0x8, 0x40,
    0x2, 0x46, 0x0, 0xcc, 0x52, 0x22, 0x92,

    /* U+3002 "。" */
    0x0, 0x84, 0xc0, 0x3a, 0xbb, 0x7d, 0x80, 0x10,
    0xfd, 0xcb, 0x93, 0x7, 0xe1, 0x4, 0x79, 0x0,
    0x10, 0x5, 0xc2, 0x2, 0x80, 0x16, 0x18, 0x45,
    0x29, 0x42, 0x48, 0x34, 0xc6, 0x9e, 0x8,

    /* U+300A "《" */
    0x0, 0xe5, 0x30, 0x17, 0x0, 0xe1, 0xa5, 0x9,
    0xa0, 0xe, 0x61, 0x61, 0x78, 0x0, 0xe9, 0x80,
    0x62, 0x50, 0xc, 0xe0, 0xc1, 0x36, 0x1, 0xd3,
    0x20, 0x70, 0x60, 0xc, 0xc0, 0xe1, 0x32, 0x0,
    0xeb, 0x90, 0x60, 0x70, 0xc, 0xa4, 0xc1, 0x72,
    0x1, 0xd0, 0xe2, 0xa4, 0xe0, 0x18, 0xca, 0x42,
    0x58, 0x3, 0x8c, 0x5c, 0x2d, 0x0, 0x3d, 0x36,
    0xe, 0x4a, 0x1, 0xce, 0x4a, 0xf, 0x0, 0x1e,
    0x78, 0x9, 0x24, 0x0, 0xe9, 0x25, 0x16, 0x80,
    0xe, 0x16, 0x90, 0x83, 0x40, 0xe, 0x83, 0x41,
    0x6f, 0x0, 0xe1, 0x68, 0xb, 0x43, 0x0, 0xeb,
    0x34, 0x25, 0x80, 0xe, 0x26, 0x20, 0x90, 0x0,

    /* U+300B "》" */
    0x7, 0x10, 0x35, 0x0, 0xf5, 0x48, 0x2d, 0x80,
    0x7a, 0xd8, 0x18, 0x1c, 0x3, 0x98, 0x1c, 0x22,
    0x40, 0x3d, 0x12, 0xc, 0xc, 0x1, 0xcc, 0xc,
    0x13, 0x60, 0x1e, 0x9b, 0x7, 0x35, 0x0, 0xe7,
    0x35, 0x6, 0x80, 0xf, 0x34, 0x4, 0x92, 0x80,
    0x74, 0x92, 0x8b, 0xc8, 0x7, 0xb, 0x70, 0x51,
    0x98, 0x3, 0x9f, 0x1, 0x4, 0xc0, 0x33, 0x3,
    0x84, 0x48, 0x7, 0x5c, 0x83, 0x3, 0x80, 0x65,
    0x26, 0xb, 0x60, 0xe, 0x97, 0x15, 0x29, 0x0,
    0xc8, 0x72, 0x12, 0xe2, 0x1, 0xa1, 0x85, 0xe,
    0x40, 0x31, 0x9a, 0xc2, 0x18, 0x40, 0x34, 0x29,
    0x21, 0xd8, 0x7, 0xa0, 0x9, 0xc8, 0x3, 0x0,

    /* U+4E01 "丁" */
    0x4a, 0xaf, 0xfe, 0x34, 0x1a, 0xaf, 0xff, 0x1d,
    0xff, 0xff, 0x68, 0x17, 0xff, 0xda, 0x1, 0xfc,
    0x60, 0x1f, 0xff, 0xf0, 0xf, 0xff, 0xf8, 0x7,
    0xff, 0xfc, 0x3, 0xff, 0xb0, 0x20, 0x1f, 0xfc,
    0x3, 0xdc, 0xcb, 0xc1, 0x80, 0x3f, 0xf8, 0x6,
    0x6, 0x70, 0x2d, 0x80, 0x7f, 0xf0, 0x77, 0xfe,
    0xea, 0x10, 0xf, 0xc0,

    /* U+4E54 "乔" */
    0x0, 0xff, 0xe2, 0x88, 0x7, 0xff, 0x0, 0x48,
    0xd1, 0x9e, 0x6f, 0xb9, 0x20, 0x1c, 0x9b, 0xdf,
    0xf7, 0x6e, 0x5c, 0xc2, 0x3a, 0x46, 0x80, 0x72,
    0xa9, 0xa2, 0x13, 0x44, 0x11, 0xdf, 0xb9, 0x4e,
    0x80, 0x1c, 0x31, 0x7, 0x73, 0x29, 0x8b, 0x88,
    0x7, 0xff, 0x15, 0xc5, 0x80, 0x3f, 0xf8, 0x17,
    0xff, 0xe8, 0x7, 0xff, 0xfe, 0xe0, 0x6, 0xb3,
    0x70, 0x0, 0x59, 0x88, 0x0, 0x66, 0xf0, 0x1,
    0xa6, 0x70, 0x82, 0xf4, 0xca, 0xe0, 0x6, 0x67,
    0x40, 0x7, 0xa1, 0xce, 0x80, 0x33, 0xa3, 0xc0,
    0x7, 0xe1, 0xb7, 0x3d, 0x0, 0xf5, 0xa3, 0xd9,
    0x0, 0x73, 0x7a, 0x2d, 0x72, 0x0, 0x65, 0xfe,
    0x74, 0xd9, 0x20, 0x6, 0xc8, 0x55, 0xc, 0x3,
    0xfa, 0x30, 0xdb, 0x48, 0x25, 0xfd, 0x40, 0x3f,
    0xf8, 0x7, 0x97, 0x62, 0x4, 0x81, 0x0, 0x10,
    0x38, 0x7, 0xf9, 0x10, 0x1, 0xf7, 0x1, 0x0,
    0x7f, 0xf1, 0xdc, 0x44, 0x1, 0xff, 0xc6, 0x91,
    0x90, 0xf, 0xfe, 0x34, 0x31, 0x38, 0x7, 0xff,
    0x10, 0xf5, 0xcb, 0x0, 0x3f, 0xf8, 0xa4, 0x2f,
    0xa2, 0x1, 0xff, 0xc5, 0x1c, 0x80, 0xf, 0xcb,
    0xea, 0x1, 0xe0,

    /* U+4E5F "也" */
    0x0, 0xff, 0x99, 0x40, 0x3f, 0xf9, 0x11, 0xc0,
    0x1f, 0xfc, 0x11, 0xf8, 0x0, 0xff, 0xf4, 0x9d,
    0x7a, 0x80, 0x7f, 0xf0, 0x9d, 0x67, 0xb1, 0x43,
    0x40, 0x3f, 0xe1, 0x61, 0x3a, 0x64, 0xac, 0xf,
    0x0, 0xfc, 0x6f, 0x9d, 0x20, 0xb, 0xfa, 0x51,
    0x0, 0xf9, 0x2c, 0x12, 0x5, 0xf0, 0x51, 0x0,
    0x10, 0x80, 0x80, 0x55, 0xd6, 0xa0, 0xd, 0xd4,
    0x18, 0x7, 0x9c, 0xc, 0x2, 0x65, 0x9d, 0x7,
    0x20, 0xf, 0xe1, 0x1, 0x0, 0xb2, 0xd8, 0xc0,
    0x3f, 0xf8, 0x4, 0xa, 0x1, 0xff, 0xc7, 0xb1,
    0x10, 0x7, 0xff, 0x13, 0x31, 0xc7, 0x20, 0x1f,
    0xfc, 0x5b, 0x67, 0xa7, 0x0, 0xff, 0xe2, 0xbd,
    0x4a, 0x82, 0xd8, 0x80, 0x7f, 0xdd, 0x60, 0x1e,
    0x24, 0x30, 0xf, 0xfe, 0x3e, 0x81, 0x0, 0x61,
    0x2, 0x0, 0xff, 0x85, 0xc, 0x3, 0xc8, 0xb7,
    0x11, 0xfd, 0x38, 0x32, 0x1, 0xea, 0x66, 0x3b,
    0xff, 0x30, 0x4a, 0x80,

    /* U+4E86 "了" */
    0x9a, 0xaf, 0xfe, 0x17, 0xc8, 0x22, 0xaf, 0xff,
    0x8, 0x19, 0x37, 0xff, 0xff, 0x81, 0x60, 0xa,
    0x40, 0xf, 0xfe, 0x3, 0xd8, 0xda, 0x80, 0x7f,
    0xc3, 0x70, 0x7e, 0x80, 0x1f, 0xf3, 0x7a, 0x36,
    0x8, 0x7, 0xfd, 0xf2, 0x79, 0x20, 0x1f, 0xfc,
    0x13, 0xd, 0x30, 0xf, 0xff, 0xf8, 0x7, 0xff,
    0xfc, 0x3, 0xff, 0x92, 0x53, 0x38, 0xc8, 0x3,
    0xfe, 0x27, 0x66, 0x8a, 0x0, 0x3f, 0xf8, 0x1d,
    0xff, 0x6a, 0x80, 0x7e,

    /* U+4ED6 "他" */
    0x0, 0xf1, 0x0, 0x78, 0x94, 0x3, 0xff, 0x80,
    0xda, 0x80, 0x1c, 0xb4, 0x20, 0x1f, 0xf5, 0x8a,
    0x1, 0x88, 0x7, 0xff, 0xd, 0x4a, 0x40, 0x72,
    0x0, 0x3f, 0xf8, 0x76, 0x2e, 0x1, 0xff, 0x2c,
    0x0, 0x74, 0x8c, 0x80, 0x7f, 0x9b, 0x29, 0xc8,
    0x2, 0x36, 0x6, 0x0, 0xfb, 0x3, 0xa4, 0x80,
    0x3d, 0xc0, 0x1f, 0x1b, 0x6a, 0x1, 0xd7, 0x48,
    0x6, 0xb2, 0x0, 0xe4, 0x5, 0x90, 0xb, 0x54,
    0x3, 0x9d, 0x15, 0xc0, 0xf, 0xb4, 0x0, 0xbd,
    0x80, 0xc, 0x20, 0x60, 0xc9, 0x40, 0x16, 0x83,
    0x83, 0x20, 0x7, 0xf8, 0x6c, 0x3, 0x56, 0xc8,
    0x7, 0xf7, 0x80, 0x80, 0x7f, 0xf1, 0xc4, 0x3,
    0xff, 0x8f, 0x10, 0x73, 0x0, 0xff, 0xe3, 0x2b,
    0x97, 0x80, 0x7f, 0xf1, 0xb7, 0xf0, 0xc0, 0x3f,
    0xf8, 0x6f, 0xe2, 0x1, 0x3d, 0x0, 0x7f, 0xf2,
    0x3d, 0x40, 0x3f, 0x84, 0x3, 0xfc, 0x84, 0x1,
    0xfe, 0x26, 0x98, 0x8f, 0x51, 0xa0, 0x7, 0xfb,
    0x8d, 0x9d, 0xfc, 0xa9, 0x0,

    /* U+4EE5 "以" */
    0x0, 0xff, 0xe1, 0x24, 0x90, 0x6, 0x8c, 0x0,
    0xc6, 0x1, 0xec, 0x61, 0x0, 0xc6, 0x61, 0x0,
    0x5e, 0x10, 0x7, 0x8, 0x10, 0x7, 0xf4, 0x87,
    0x80, 0x71, 0x0, 0x80, 0x7f, 0x14, 0x94, 0x0,
    0x67, 0x0, 0xff, 0xe0, 0x31, 0xb9, 0x0, 0x44,
    0x60, 0x1f, 0xfc, 0xf, 0xb, 0x0, 0x85, 0x80,
    0x3f, 0xf8, 0x7, 0x52, 0x0, 0x30, 0x20, 0xf,
    0xfe, 0xa, 0x80, 0x48, 0x18, 0x1, 0xff, 0xc5,
    0xd0, 0x50, 0xf, 0xfe, 0x2a, 0x98, 0x80, 0x7f,
    0xf1, 0x14, 0x2c, 0x3, 0xfe, 0x3b, 0x50, 0xa,
    0x1, 0x80, 0x3f, 0x93, 0x30, 0x86, 0x0, 0x52,
    0x6, 0x0, 0xf3, 0x87, 0xd9, 0xbf, 0x30, 0x15,
    0x81, 0x43, 0x80, 0x66, 0x30, 0x17, 0xe8, 0x10,
    0x1f, 0x1a, 0xd3, 0x86, 0x0, 0xa4, 0x1b, 0xa0,
    0x40, 0x7, 0xe5, 0xa, 0x1a, 0x52, 0xa0, 0xc,
    0xc4, 0x88, 0x0, 0x63, 0x6, 0x1c, 0x0, 0x3e,
    0x34, 0x60, 0x66, 0x0, 0x8f, 0x9c, 0xad, 0xc0,
    0x31, 0x50, 0x78, 0x7, 0x8d, 0xa3, 0x50, 0x3,
    0xc9, 0x3a, 0x0,

    /* U+514B "克" */
    0x0, 0xff, 0x54, 0x0, 0x7f, 0xf2, 0x11, 0x0,
    0x1f, 0xf1, 0xbb, 0xfe, 0x13, 0x77, 0xfc, 0x60,
    0x4, 0x88, 0xfc, 0x0, 0x88, 0xfd, 0x60, 0x7,
    0xff, 0xfc, 0x7, 0xff, 0xfa, 0x0, 0x3f, 0xe1,
    0x0, 0xff, 0xe1, 0x88, 0xff, 0xf0, 0x80, 0x3f,
    0x77, 0x78, 0xb, 0xbb, 0xc2, 0x1, 0xf9, 0x26,
    0x7f, 0xc6, 0x1, 0xfe, 0x26, 0x6f, 0xf8, 0x3,
    0xff, 0xaa, 0x45, 0xfe, 0x0, 0xff, 0x9b, 0x77,
    0xfc, 0xa0, 0x1f, 0xd5, 0x50, 0x2, 0x2a, 0x80,
    0x8, 0xaa, 0x84, 0x3, 0xe5, 0x58, 0x81, 0xd5,
    0x4c, 0xc, 0xab, 0x0, 0x7f, 0x84, 0x90, 0x3,
    0xff, 0x8f, 0x1, 0xc0, 0x1f, 0xe6, 0x70, 0xf,
    0x2b, 0x12, 0x80, 0x7f, 0xba, 0x0, 0x30, 0xcd,
    0xf, 0x0, 0x7f, 0xc4, 0x20, 0x6, 0xbe, 0x62,
    0xc3, 0x0, 0xdc, 0x15, 0x33, 0x52, 0xa8, 0x1,
    0xc8, 0x75, 0xa4, 0x1, 0xcc, 0x68, 0xcd, 0x29,
    0x40, 0x2, 0x3b, 0x14, 0x3, 0xe1, 0xcf, 0xfe,
    0xd3, 0x0,

    /* U+518D "再" */
    0x2, 0x55, 0xff, 0xe3, 0x8, 0x1, 0x2a, 0xbf,
    0xf8, 0xc4, 0x0, 0x7c, 0xcf, 0xc0, 0x59, 0x9f,
    0x8c, 0x0, 0x26, 0x7f, 0x81, 0xcc, 0xff, 0x0,
    0x72, 0x3b, 0xf4, 0x2, 0xbb, 0xf6, 0x20, 0x7,
    0xba, 0x23, 0x9c, 0x1, 0x11, 0xc7, 0xa0, 0x1f,
    0xbf, 0xf7, 0x2, 0x7f, 0xee, 0x0, 0xff, 0xe1,
    0x8, 0x8, 0x6, 0x10, 0xf, 0xf2, 0x26, 0x50,
    0x44, 0xf0, 0x7, 0xfa, 0xef, 0x50, 0xd, 0xdf,
    0x0, 0x7f, 0xb7, 0x76, 0x1, 0x6e, 0xec, 0x0,
    0xff, 0x11, 0x63, 0x7, 0x22, 0xc6, 0x1, 0xff,
    0xcf, 0x3f, 0xf2, 0x87, 0xff, 0x2, 0xff, 0xf0,
    0x37, 0xf9, 0x5, 0xdc, 0x0, 0x77, 0xff, 0x98,
    0x0, 0xee, 0x62, 0x88, 0x28, 0x44, 0x7f, 0xd2,
    0xd, 0x10, 0x20, 0xf, 0xff, 0x6b, 0xc4, 0x24,
    0x4, 0x3, 0xff, 0x89, 0xee, 0xe6, 0x3a, 0x0,
    0xf5, 0x70, 0x7, 0xe8, 0xff, 0xb0, 0x80, 0x20,

    /* U+5199 "写" */
    0x8, 0x8f, 0xfe, 0x32, 0xb, 0xbf, 0xff, 0x1b,
    0x40, 0xd, 0xfe, 0xc8, 0xdf, 0xff, 0xee, 0x0,
    0xfa, 0xe0, 0xc0, 0x3f, 0xf8, 0x25, 0xc0, 0x3,
    0x11, 0x0, 0x7f, 0x8b, 0x87, 0x5c, 0x0, 0xa3,
    0xff, 0xfd, 0x23, 0xae, 0x1, 0x84, 0x40, 0xef,
    0xfd, 0x80, 0x1f, 0x20, 0x5c, 0x47, 0xf2, 0x80,
    0x7d, 0xa0, 0xa0, 0x1f, 0xfc, 0x54, 0x9, 0x88,
    0xfd, 0x70, 0x20, 0x1e, 0x30, 0x77, 0xfe, 0x47,
    0x30, 0xf, 0x7f, 0xff, 0xcc, 0x4, 0x1, 0xff,
    0xc5, 0x21, 0x0, 0xcf, 0x33, 0xff, 0x20, 0x31,
    0x80, 0x6b, 0x66, 0xff, 0xb0, 0x9, 0x80, 0x36,
    0x7f, 0xff, 0xd0, 0x20, 0x60, 0x1f, 0xfc, 0x54,
    0xd, 0x0, 0xff, 0xe2, 0xf8, 0x20, 0x7, 0xff,
    0x1, 0x62, 0xf, 0x2a, 0x82, 0x1, 0xff, 0xc0,
    0x67, 0x74, 0x32, 0x50, 0x7, 0xff, 0x4, 0xff,
    0xf5, 0x88, 0x6,

    /* U+51EF "凯" */
    0x0, 0xc6, 0xe0, 0x1f, 0xfc, 0x42, 0x0, 0x24,
    0x0, 0x4, 0x80, 0x9d, 0x12, 0x81, 0x0, 0x8b,
    0x4c, 0x3, 0xaf, 0xc2, 0xe2, 0xee, 0x77, 0x0,
    0x7f, 0xf1, 0x37, 0x58, 0x1, 0xff, 0xc5, 0x12,
    0x28, 0x3, 0xea, 0x79, 0x7, 0x73, 0x0, 0x7f,
    0xf0, 0x45, 0xe4, 0x6, 0x64, 0x42, 0x1, 0xff,
    0x17, 0x77, 0xec, 0x0, 0xff, 0xe0, 0x19, 0xfe,
    0x10, 0xf, 0xf8, 0xf3, 0x3f, 0x30, 0x18, 0x7,
    0xf1, 0xdd, 0xfc, 0x1, 0xff, 0xc2, 0x44, 0xf2,
    0x80, 0x42, 0x60, 0x1f, 0xe1, 0x0, 0xc6, 0x1,
    0x3b, 0x0, 0x7f, 0x7f, 0x7f, 0xed, 0x0, 0x88,
    0x80, 0x1f, 0xf4, 0x47, 0x12, 0x0, 0x88, 0x3,
    0xf8, 0x99, 0xdf, 0xb4, 0xcc, 0x1a, 0x1, 0xff,
    0xc6, 0x50, 0x70, 0xf, 0x10, 0x7, 0x85, 0x66,
    0x3, 0x4, 0x80, 0x38, 0x74, 0xc0, 0xda, 0x77,
    0xa9, 0x88, 0x15, 0xc0, 0x3f, 0x9, 0x8, 0x30,
    0xbd, 0xfd, 0x38, 0x50, 0x4, 0x21, 0xee, 0x4,
    0x43, 0xaf, 0xc8, 0x40, 0x6, 0x21, 0x80, 0x64,
    0x69, 0x70, 0x6, 0x28, 0x7, 0xae, 0x80, 0x3a,
    0xff, 0xd0, 0x0,

    /* U+51FA "出" */
    0x0, 0xfd, 0xc, 0x1, 0xff, 0xc4, 0x7b, 0x0,
    0xfe, 0x68, 0x0, 0xff, 0xe0, 0x4b, 0x80, 0x35,
    0xc0, 0x3f, 0xf8, 0xd, 0x60, 0x1f, 0xff, 0xf0,
    0x99, 0xe0, 0x29, 0x9e, 0x0, 0xf3, 0x37, 0x0,
    0x19, 0xb8, 0x3, 0x5f, 0xff, 0x80, 0x7f, 0xfd,
    0x80, 0x6a, 0x1, 0xf1, 0x80, 0x79, 0x4f, 0xe8,
    0x40, 0x3f, 0xf8, 0x5, 0x52, 0x1, 0xff, 0xff,
    0x0, 0xff, 0xe2, 0xf7, 0xff, 0x1, 0x7f, 0xf6,
    0x80, 0x2d, 0x57, 0xff, 0x84, 0x60, 0x7, 0xaa,
    0xff, 0xe1, 0x70, 0x0,

    /* U+521B "创" */
    0x0, 0xff, 0xe7, 0x97, 0xa8, 0x7, 0xf3, 0xe0,
    0x7, 0xdc, 0x6, 0x1, 0xfd, 0xc6, 0x20, 0x1c,
    0xa6, 0x12, 0xa0, 0x19, 0xe4, 0x3, 0xf8, 0xa8,
    0xfd, 0x29, 0x0, 0x2d, 0x70, 0xf, 0xc3, 0xe1,
    0xc1, 0x65, 0x66, 0x1, 0xff, 0xe, 0x95, 0x90,
    0x3, 0x7, 0x48, 0x3, 0xf8, 0xb0, 0xe9, 0x0,
    0x21, 0xd1, 0xf0, 0xf, 0xec, 0x26, 0x96, 0x6c,
    0xf2, 0xb4, 0x1, 0xfd, 0x98, 0x23, 0x99, 0xd0,
    0xba, 0xe0, 0x1f, 0xc4, 0x60, 0xf, 0xfd, 0xa0,
    0x1f, 0xfc, 0x31, 0x0, 0xc2, 0x4, 0x1, 0xff,
    0xc6, 0x60, 0x10, 0xf, 0xfe, 0x37, 0x82, 0x80,
    0x7f, 0xf0, 0xdf, 0xb8, 0xa6, 0x20, 0x1f, 0xfc,
    0x35, 0x99, 0xb0, 0x2, 0xbf, 0x0, 0xff, 0x89,
    0xdc, 0xc1, 0x8e, 0x2, 0x20, 0xf, 0xfe, 0x21,
    0x68, 0x7, 0xff, 0x1c, 0x48, 0x3, 0xfe, 0x21,
    0x87, 0x7d, 0x41, 0x80, 0x31, 0x12, 0x0, 0x80,
    0x56, 0x6f, 0x11, 0x95, 0x90, 0x5, 0x9d, 0xc7,
    0x0, 0x18, 0xb3, 0xff, 0xd2, 0x1, 0x77, 0xfb,
    0x9c, 0x0,

    /* U+5229 "利" */
    0x0, 0xff, 0x8, 0x7, 0xff, 0x10, 0x96, 0xbb,
    0xc8, 0x3, 0xcf, 0x82, 0x8, 0xf3, 0x7f, 0xb4,
    0xee, 0xb2, 0x0, 0xf7, 0x18, 0x0, 0xe8, 0x88,
    0xe0, 0xdb, 0x2a, 0x0, 0xae, 0x0, 0xf9, 0xf6,
    0xe6, 0x40, 0x20, 0x1c, 0x20, 0x1f, 0xfe, 0x6a,
    0xff, 0xb8, 0x1f, 0xfe, 0xc0, 0xf, 0xf6, 0x33,
    0x40, 0x13, 0x35, 0x60, 0x1f, 0xe6, 0x99, 0x84,
    0x1e, 0x66, 0x70, 0xf, 0xfe, 0xa, 0x8, 0x38,
    0x80, 0x7f, 0xf1, 0x20, 0x80, 0x1e, 0x60, 0x1f,
    0xfc, 0x25, 0x38, 0x6, 0x2c, 0x50, 0xf, 0xfe,
    0x0, 0xda, 0x20, 0x7, 0xe, 0x98, 0x3, 0xfe,
    0xb1, 0x90, 0xd, 0x88, 0xa0, 0x1f, 0xe8, 0x57,
    0x20, 0xe, 0xb3, 0x9, 0xc0, 0xf, 0x9c, 0xe0,
    0x3, 0xf8, 0x88, 0x1, 0xf4, 0xe8, 0x7, 0xff,
    0x1d, 0x84, 0x3, 0xff, 0xa8, 0x33, 0x33, 0x80,
    0x80, 0x7f, 0xf0, 0x85, 0x19, 0x81, 0x0, 0x1e,
    0x1f, 0x80, 0xf, 0xb7, 0xfd, 0xce, 0x0,

    /* U+5230 "到" */
    0x0, 0xff, 0xe2, 0xbf, 0xa, 0xee, 0xdf, 0xdb,
    0xbd, 0x80, 0xa6, 0x0, 0xf1, 0x6, 0x44, 0x80,
    0x51, 0x3c, 0x17, 0x40, 0x1c, 0x73, 0x2f, 0x9,
    0x95, 0xf4, 0xca, 0x0, 0x3f, 0xe8, 0x36, 0x6,
    0x88, 0x0, 0x7f, 0xf0, 0x20, 0x7c, 0x0, 0x90,
    0xe8, 0x1, 0xfe, 0x57, 0x14, 0x9a, 0xba, 0xb,
    0x10, 0xf, 0xea, 0x1, 0x94, 0x11, 0x2b, 0x5,
    0x80, 0x7f, 0x5e, 0xff, 0x75, 0x51, 0x32, 0x80,
    0xf, 0xe4, 0x20, 0x5, 0xd0, 0x4, 0xc4, 0x1,
    0xff, 0xd1, 0xce, 0xe9, 0xc3, 0xbb, 0x30, 0x7,
    0xf2, 0x3b, 0xc0, 0x4, 0x77, 0x88, 0x3, 0xfa,
    0x26, 0x67, 0xa, 0x99, 0x90, 0x3, 0xff, 0xb0,
    0x29, 0xe, 0x1d, 0x20, 0x1f, 0xc6, 0xe1, 0xdc,
    0xb6, 0x0, 0xfe, 0x4a, 0xdf, 0xc0, 0x2, 0x4e,
    0xf3, 0x80, 0x7e, 0x25, 0x35, 0x9d, 0xfa, 0x62,
    0x0, 0xd1, 0x32, 0x50, 0x17, 0xde, 0xa6, 0x20,
    0xf, 0xde, 0xcc, 0x9, 0x0,

    /* U+529E "办" */
    0x0, 0xfc, 0xd4, 0x1, 0xff, 0xc7, 0xc5, 0x10,
    0xf, 0xff, 0x49, 0xcc, 0xf9, 0x42, 0xa6, 0x6f,
    0xb1, 0x0, 0xe6, 0x6f, 0x80, 0x8, 0xcd, 0x2,
    0x18, 0x7, 0x2f, 0xff, 0x8c, 0x3f, 0xf2, 0x1,
    0x80, 0x7f, 0xf4, 0x12, 0x44, 0x0, 0x44, 0x0,
    0xce, 0x7, 0xce, 0x1, 0xde, 0xc2, 0x2, 0x26,
    0x0, 0xf1, 0x5, 0x0, 0x61, 0x45, 0x0, 0x28,
    0x18, 0x6, 0x11, 0x4, 0x92, 0x0, 0x52, 0x1c,
    0x0, 0xc0, 0xd0, 0xc, 0x60, 0x5, 0xe, 0x0,
    0xb, 0x92, 0x0, 0x14, 0x14, 0x3, 0x9, 0x81,
    0x11, 0x40, 0x16, 0x10, 0x0, 0x42, 0x50, 0xf,
    0x8, 0x1, 0x41, 0x1, 0xcd, 0x40, 0x10, 0x1c,
    0x1, 0x84, 0x1c, 0x1, 0x61, 0x81, 0xba, 0x0,
    0x31, 0xa2, 0x0, 0x31, 0x1, 0x0, 0xd, 0xa8,
    0x0, 0x20, 0x72, 0x12, 0x1, 0xce, 0x1c, 0x1,
    0x49, 0x0, 0x45, 0xa1, 0x24, 0x1, 0xc6, 0x4,
    0x1, 0xf1, 0xe0, 0xb3, 0x0, 0x3d, 0x60, 0xe0,
    0x1e, 0x7c, 0x16, 0x90, 0xa, 0xed, 0x58, 0x64,
    0x40, 0xf, 0x58, 0x4c, 0x80, 0x30, 0xa2, 0x99,
    0xb8, 0x3, 0xed, 0xd3, 0x0, 0x75, 0x7f, 0xd8,
    0x60, 0x1e,

    /* U+539F "原" */
    0x0, 0x9f, 0x5d, 0xff, 0xf8, 0x80, 0x14, 0x14,
    0x47, 0xff, 0xe, 0x40, 0x32, 0x7f, 0xfa, 0xda,
    0xbf, 0xfd, 0xc0, 0x1f, 0xf7, 0x30, 0x7, 0xff,
    0x8, 0xd5, 0x66, 0x50, 0x2, 0xaf, 0x0, 0x7e,
    0xaa, 0xd2, 0x0, 0xaa, 0xf0, 0x80, 0x70, 0x80,
    0x5d, 0xff, 0xf9, 0x80, 0x3f, 0xe3, 0x11, 0xfc,
    0x60, 0x1f, 0xf6, 0xf7, 0x7e, 0x50, 0xf, 0x8c,
    0x2, 0xcd, 0xdf, 0xca, 0x1, 0xc2, 0x2, 0x1,
    0x11, 0x7f, 0x18, 0x7, 0x18, 0x78, 0x5, 0x13,
    0x36, 0xe4, 0xcc, 0x80, 0x1c, 0xc0, 0x41, 0xe6,
    0xab, 0x88, 0xd5, 0x61, 0x31, 0x0, 0x88, 0x18,
    0x1b, 0x33, 0x85, 0x33, 0x38, 0x3, 0x60, 0x18,
    0x0, 0xfd, 0xc0, 0x38, 0xf9, 0x40, 0x39, 0xc8,
    0x0, 0x3c, 0x2c, 0x1, 0xc6, 0xb4, 0xa0, 0x10,
    0x92, 0x0, 0x28, 0xb4, 0x40, 0x3d, 0x67, 0x48,
    0x0, 0x60, 0xd0, 0xb4, 0xa3, 0x0, 0xfd, 0xa3,
    0x64, 0x14, 0x48, 0x2f, 0x2a, 0x2e, 0xce, 0x22,
    0x0, 0x87, 0x41, 0x43, 0x24, 0x7, 0x18, 0x6,
    0x65, 0x5, 0xc0, 0x18, 0xfd, 0xc0, 0x50, 0x3,
    0xdd, 0xfe, 0xd4, 0x0, 0xf8,

    /* U+53EF "可" */
    0x9b, 0xbf, 0xfe, 0x16, 0xf5, 0xda, 0x15, 0x13,
    0xff, 0x84, 0x42, 0x88, 0x3c, 0xff, 0xff, 0xe1,
    0x28, 0x77, 0xd8, 0x7, 0xff, 0x7a, 0x7f, 0xff,
    0x40, 0x7, 0xff, 0x1, 0xdf, 0x98, 0x3, 0xff,
    0x85, 0x11, 0xe0, 0xf, 0xff, 0xf4, 0x47, 0x80,
    0x3f, 0xf8, 0x4e, 0xfc, 0xc0, 0x1f, 0xfc, 0x2f,
    0xff, 0xa0, 0x3, 0xfd, 0xc4, 0x1, 0xff, 0xc6,
    0x7d, 0x0, 0xff, 0xf1, 0xd, 0xde, 0x50, 0x10,
    0xf, 0xfe, 0x0, 0x82, 0x24, 0x54, 0x1, 0xff,
    0xc2, 0xbf, 0xfb, 0x54, 0x2,

    /* U+53F2 "史" */
    0x0, 0xfe, 0x36, 0x0, 0xff, 0xe3, 0xd4, 0x88,
    0x7, 0xff, 0xa0, 0x7f, 0xfe, 0x60, 0xef, 0xff,
    0x40, 0x7, 0x13, 0x37, 0x0, 0x11, 0x9b, 0x28,
    0x7, 0xcb, 0x33, 0xcc, 0x15, 0x33, 0xa0, 0x3,
    0xff, 0xca, 0x91, 0x1c, 0xc1, 0x11, 0xd6, 0x1,
    0xf1, 0xbb, 0xf0, 0x1, 0x9d, 0xf3, 0x0, 0x70,
    0xf7, 0x7c, 0x61, 0xdd, 0xf4, 0x0, 0x61, 0xaa,
    0x8, 0xe0, 0x11, 0xfc, 0x1, 0xe3, 0x44, 0x0,
    0x46, 0xa0, 0x1f, 0xfc, 0x18, 0x1a, 0x10, 0x50,
    0xc0, 0xf, 0xfe, 0x15, 0xe, 0x94, 0x3, 0x0,
    0x7f, 0xf0, 0x92, 0x4f, 0x4a, 0x4, 0x3, 0xff,
    0x86, 0xa0, 0x16, 0x90, 0x7, 0xff, 0x5, 0x6f,
    0x1, 0x95, 0x5b, 0xa8, 0x52, 0x0, 0xf2, 0xd7,
    0x52, 0x2e, 0xcd, 0x6b, 0x83, 0xd6, 0xff, 0x65,
    0xd0, 0xb2, 0x94, 0x75, 0x10, 0x0, 0xa3, 0x7a,
    0x9d, 0x4c, 0x90, 0x44, 0x7f, 0x8e, 0x20, 0x1f,
    0xa, 0xc5, 0x6f, 0x7d, 0x80,

    /* U+540E "后" */
    0x0, 0xff, 0xe2, 0x98, 0x7, 0xff, 0x4, 0x4d,
    0x62, 0xb3, 0xf2, 0x80, 0x3a, 0xbe, 0xaf, 0x3b,
    0xfb, 0x29, 0xd0, 0x1a, 0x64, 0x1, 0xca, 0xe,
    0xfd, 0x37, 0x9f, 0xd9, 0x2c, 0x60, 0x1c, 0xa1,
    0xb9, 0x73, 0xc, 0x86, 0x1, 0xff, 0xd6, 0x88,
    0xff, 0xe2, 0x0, 0x73, 0xbf, 0xff, 0x10, 0x3,
    0xbf, 0xff, 0xf8, 0x80, 0x10, 0x80, 0x7f, 0xf2,
    0x1c, 0x40, 0x3f, 0xf8, 0xe2, 0x60, 0x8, 0x99,
    0xff, 0x84, 0x3, 0x10, 0x80, 0x19, 0xbf, 0xf8,
    0x6, 0x1, 0xcc, 0x1, 0x27, 0xff, 0xe6, 0x0,
    0xe3, 0x2, 0x0, 0xff, 0xe3, 0x20, 0x68, 0x7,
    0xff, 0x1b, 0x1, 0x0, 0x3f, 0xf8, 0xa4, 0x86,
    0x20, 0x1f, 0xfc, 0x5b, 0xa, 0x0, 0x85, 0x3f,
    0xff, 0x30, 0x4, 0x2c, 0x2c, 0x1, 0xcc, 0xdf,
    0x80, 0x30, 0xcc, 0x0, 0x61, 0x49, 0x9f, 0xcc,
    0x1, 0x99, 0x80, 0x1b, 0xac, 0x3, 0xf4, 0xf9,
    0x0,

    /* U+548C "和" */
    0x0, 0xfe, 0x20, 0xf, 0xfe, 0x19, 0x2c, 0xf6,
    0xa8, 0x7, 0xf9, 0x6f, 0x7f, 0x69, 0xd2, 0x51,
    0x11, 0x1f, 0x38, 0x8, 0x2c, 0x90, 0x7d, 0x30,
    0xe3, 0xbf, 0xd4, 0x9, 0x70, 0xc8, 0x1, 0xf7,
    0x7f, 0xe2, 0x0, 0xff, 0xef, 0x77, 0xfc, 0xc1,
    0xdf, 0xee, 0x0, 0xff, 0x33, 0x4a, 0x0, 0x56,
    0x68, 0x3, 0xfd, 0x13, 0x2c, 0x0, 0x6c, 0xca,
    0x0, 0x3f, 0xf8, 0x36, 0x0, 0x84, 0x0, 0xff,
    0xe1, 0x29, 0x20, 0x2d, 0x98, 0x7, 0xff, 0x6,
    0x10, 0x82, 0xcb, 0x44, 0x3, 0xfe, 0x72, 0x80,
    0xb, 0xc6, 0x40, 0x3f, 0xc5, 0xa, 0x60, 0x11,
    0x54, 0x0, 0x7f, 0xf, 0x85, 0x80, 0x72, 0x80,
    0x7f, 0x8c, 0xa8, 0x40, 0x3f, 0xaa, 0xb8, 0x80,
    0xb1, 0x40, 0x3f, 0xc8, 0xab, 0x80, 0xc0, 0xc0,
    0x3f, 0xee, 0xff, 0xc4, 0x60, 0x1f, 0xf7, 0x18,
    0x80, 0x65, 0xa0, 0xf, 0xf9, 0xb0, 0x3, 0xa1,
    0xc0,

    /* U+55B7 "喷" */
    0x0, 0xff, 0xe0, 0x1a, 0x80, 0x7f, 0xf1, 0xe6,
    0x80, 0x3e, 0x3c, 0x88, 0x8c, 0x1a, 0xab, 0x28,
    0x55, 0x70, 0x82, 0x9b, 0xbc, 0xa0, 0x1, 0x1c,
    0x0, 0x11, 0xe0, 0xd, 0xfe, 0x10, 0x3, 0x5d,
    0xe5, 0xb, 0xbe, 0x10, 0xf, 0xf6, 0xc8, 0x74,
    0x80, 0xfb, 0x0, 0x7f, 0x1b, 0xb8, 0x99, 0xcc,
    0x5e, 0x42, 0x1d, 0xc0, 0x1f, 0x24, 0xc8, 0x1,
    0x33, 0x9c, 0x6, 0x64, 0x20, 0x1e, 0x7e, 0xe0,
    0xaf, 0x77, 0x4, 0x77, 0x4, 0x3, 0xf2, 0xa1,
    0xaa, 0xe4, 0x47, 0x90, 0x7, 0xfa, 0xd5, 0xaa,
    0xb9, 0x1d, 0x40, 0x3f, 0xe7, 0xff, 0xf8, 0x3,
    0xff, 0x88, 0x6a, 0x1, 0xfd, 0x32, 0x10, 0xf,
    0xaa, 0x80, 0x1f, 0xcc, 0xc0, 0xf, 0xfe, 0x3f,
    0xfc, 0xc0, 0x1e, 0x30, 0xf, 0xfe, 0x42, 0x20,
    0x2, 0x11, 0x0, 0x1b, 0xc0, 0x3d, 0xd0, 0x38,
    0x31, 0x5a, 0xdc, 0xc0, 0x1f, 0xe3, 0x9e, 0x2b,
    0x3a, 0xa4, 0x73, 0x80, 0x7c, 0x57, 0xf8, 0x91,
    0xc8, 0x0, 0x7f, 0x68, 0xe3, 0x0, 0xe2, 0xc8,
    0xcd, 0x70, 0xe, 0x18, 0xe7, 0x30,

    /* U+56DE "回" */
    0x99, 0xff, 0xe3, 0x33, 0x7f, 0xf1, 0xf0, 0x13,
    0xff, 0xff, 0x85, 0xa0, 0x1f, 0xfc, 0x63, 0x0,
    0xff, 0xe7, 0x44, 0x7e, 0x40, 0xf, 0xe1, 0x77,
    0xfd, 0x80, 0x1f, 0xf4, 0x7f, 0xee, 0x0, 0xff,
    0xff, 0x80, 0x7f, 0xf0, 0xa3, 0xff, 0x70, 0x7,
    0xfc, 0x2e, 0xff, 0xb0, 0x3, 0xfd, 0x11, 0xf9,
    0x0, 0x3f, 0xfb, 0x86, 0x1, 0x27, 0xff, 0xff,
    0xb, 0x40, 0x33, 0xbf, 0xff, 0x9, 0x40, 0x24,
    0x88, 0xff, 0xe1, 0x58, 0x0,

    /* U+56E0 "因" */
    0x88, 0xff, 0xe3, 0x2b, 0xbf, 0xff, 0x1b, 0x1,
    0xbf, 0xfe, 0xdf, 0xff, 0x80, 0x3f, 0xcb, 0xa6,
    0x1, 0xff, 0xc4, 0x20, 0x10, 0xf, 0xfe, 0x27,
    0x81, 0x80, 0x7f, 0xd1, 0x1c, 0xe1, 0x11, 0xca,
    0x1, 0xc2, 0xef, 0xc0, 0x6, 0x77, 0xd8, 0x1,
    0xc3, 0xff, 0xc2, 0x7f, 0xfd, 0x20, 0x1f, 0xe2,
    0x13, 0x30, 0x7, 0xff, 0xd, 0x40, 0x18, 0xa0,
    0x1f, 0xfc, 0x29, 0x2f, 0x4a, 0x50, 0xf, 0xfe,
    0x4, 0x8d, 0x85, 0xa5, 0x28, 0x7, 0xfa, 0x19,
    0x18, 0x1, 0x67, 0x48, 0x1, 0xf1, 0xe3, 0xa5,
    0x80, 0x6d, 0x2a, 0x20, 0xf, 0x49, 0xbd, 0x80,
    0x70, 0xf8, 0x30, 0x7, 0xab, 0xa0, 0x3, 0xe2,
    0xe4, 0x0, 0xcd, 0xfe, 0xef, 0xff, 0xfe, 0x0,
    0x6, 0x88, 0xff, 0xe1, 0x80, 0x4c, 0xef, 0xff,
    0xc3, 0x0, 0x0,

    /* U+56E2 "团" */
    0x78, 0x8f, 0xfe, 0x2a, 0x43, 0xbf, 0xff, 0x17,
    0x40, 0xff, 0xff, 0xf8, 0x5a, 0x1, 0xff, 0xc0,
    0xbe, 0x0, 0xff, 0xe8, 0x9a, 0x27, 0xc2, 0x89,
    0x8, 0x7, 0xbe, 0xef, 0xc0, 0xb, 0xb9, 0x0,
    0x3d, 0xd9, 0x9c, 0xa0, 0xc, 0xc9, 0x0, 0x3c,
    0x46, 0x79, 0xd4, 0x0, 0x67, 0x8, 0x7, 0xf9,
    0x6c, 0x8c, 0x40, 0x3f, 0xf8, 0x2d, 0x45, 0x8e,
    0x1, 0xff, 0xc1, 0x89, 0x4d, 0x10, 0xf, 0xfe,
    0x1, 0xeb, 0xb5, 0x80, 0x7f, 0xf0, 0xa0, 0xee,
    0x40, 0x3f, 0xf8, 0x77, 0xc8, 0x2, 0xcd, 0x0,
    0x7f, 0xf0, 0xc6, 0x24, 0xa4, 0x3, 0xff, 0x87,
    0xdf, 0xe7, 0x0, 0xfc, 0x71, 0x1f, 0xfc, 0x29,
    0x0, 0xce, 0xff, 0xfc, 0x24, 0x0, 0x8f, 0xff,
    0xff, 0x85, 0xa0, 0x0,

    /* U+5766 "坦" */
    0x0, 0xc6, 0x20, 0x1f, 0xfc, 0x71, 0xc9, 0x0,
    0x8e, 0x23, 0xf9, 0x0, 0x3f, 0xe5, 0x77, 0xfe,
    0xc0, 0xf, 0xfe, 0xe, 0x7f, 0xf6, 0x0, 0x7f,
    0xf0, 0xc4, 0x3, 0x84, 0x3, 0x8d, 0x1c, 0x11,
    0x20, 0xf, 0xfe, 0x1f, 0x5c, 0x81, 0xdd, 0x80,
    0x3f, 0xf8, 0x7f, 0x96, 0x9, 0x98, 0x0, 0xa2,
    0x3e, 0x0, 0xe2, 0x35, 0x3, 0x38, 0x2, 0x57,
    0x7e, 0x50, 0xf, 0xfe, 0x1e, 0x7f, 0xf6, 0x0,
    0x7f, 0xf0, 0xc4, 0x3, 0x84, 0x3, 0xff, 0xd2,
    0x95, 0xe4, 0x0, 0x10, 0xe, 0x10, 0xf, 0x1d,
    0x81, 0xaa, 0x0, 0x59, 0xff, 0xd8, 0x1, 0x87,
    0x71, 0x41, 0xfa, 0xc9, 0x5d, 0xff, 0xb0, 0x0,
    0x22, 0x5b, 0xf8, 0x10, 0x1, 0xc4, 0x7f, 0x20,
    0x5, 0x94, 0x80, 0x1f, 0xfc, 0xc5, 0xaa, 0xff,
    0xe1, 0x0, 0x7c, 0x4a, 0xbf, 0xfc, 0x21,

    /* U+578B "型" */
    0x0, 0xff, 0xe2, 0xa9, 0x80, 0x1a, 0x67, 0xf8,
    0x40, 0xc8, 0x1, 0x72, 0x0, 0xf7, 0x66, 0x3b,
    0x99, 0xa7, 0x0, 0x6d, 0x80, 0x7a, 0x79, 0x87,
    0xb9, 0x1, 0xdc, 0x10, 0xf, 0xfe, 0x88, 0x88,
    0x84, 0x6e, 0x3, 0x10, 0xf, 0xe6, 0xee, 0x20,
    0x77, 0x18, 0x37, 0xa4, 0x3, 0xf2, 0x4c, 0x80,
    0x13, 0x21, 0x8, 0x9a, 0x0, 0xfc, 0x4c, 0xe0,
    0xec, 0xc9, 0x6, 0x61, 0x80, 0x7f, 0xa0, 0x2c,
    0x3, 0xf6, 0x40, 0x7, 0x99, 0x8a, 0x60, 0x1f,
    0x88, 0x4, 0x84, 0x0, 0xb2, 0x74, 0x1, 0xc8,
    0xa0, 0x15, 0xf6, 0x86, 0x2, 0xce, 0x0, 0x67,
    0xe9, 0xa0, 0xa, 0x2a, 0x9a, 0xc0, 0x6, 0x0,
    0xf0, 0x80, 0x71, 0x2a, 0x88, 0x3, 0x57, 0xff,
    0x8c, 0x3f, 0xfd, 0x40, 0x1b, 0x19, 0xbc, 0x0,
    0x66, 0xf7, 0x80, 0x66, 0x99, 0xf1, 0x84, 0xcf,
    0x94, 0x3, 0xff, 0x95, 0x79, 0x9f, 0x8c, 0x33,
    0x3f, 0x58, 0x7, 0xff, 0x20,

    /* U+5929 "天" */
    0x8, 0xbb, 0xfb, 0xb6, 0xef, 0xe7, 0x0, 0x8d,
    0x13, 0xe1, 0x24, 0x4f, 0xb4, 0x2, 0xbf, 0xff,
    0x81, 0x3f, 0xfe, 0xa0, 0xf, 0xff, 0x50, 0x80,
    0x7f, 0xf1, 0x88, 0x3, 0xff, 0x80, 0xbf, 0xff,
    0x68, 0x2f, 0xff, 0xed, 0x6, 0x55, 0xf8, 0x2,
    0x15, 0x5f, 0xc0, 0x75, 0x5f, 0x20, 0x1, 0x2a,
    0xbe, 0x80, 0xf, 0xc2, 0x84, 0xaa, 0x20, 0xf,
    0xfe, 0x1c, 0x5, 0xc0, 0x48, 0x7, 0xff, 0x9,
    0x18, 0x98, 0x99, 0x18, 0x3, 0xff, 0x80, 0x54,
    0x12, 0x0, 0x92, 0x94, 0x0, 0xff, 0x1e, 0xc,
    0xa0, 0x5, 0xe1, 0x6a, 0x1, 0xf9, 0xf0, 0x65,
    0x80, 0x31, 0x60, 0xd4, 0x80, 0x72, 0xec, 0x16,
    0x30, 0x7, 0x8f, 0xd, 0xba, 0x4, 0x2a, 0x84,
    0xfa, 0x60, 0x1f, 0x8b, 0x20, 0x1f, 0x8a, 0xdf,
    0xa0, 0x3, 0xff, 0x80, 0xfd, 0x34, 0x40,

    /* U+5C71 "山" */
    0x0, 0xfc, 0xca, 0x1, 0xff, 0xc4, 0x89, 0x0,
    0xff, 0xf0, 0x88, 0x7, 0xff, 0x8, 0x45, 0x5c,
    0x20, 0x1f, 0xfc, 0x1e, 0xa0, 0xf, 0xff, 0xf8,
    0x7, 0xff, 0xfc, 0x3, 0xff, 0xcd, 0x9b, 0xbc,
    0x27, 0xbb, 0xe0, 0x1, 0x10, 0x3, 0xc4, 0x40,
    0xf, 0xd1, 0xbb, 0xff, 0xc3, 0x0, 0xff, 0xe4,
    0x0,

    /* U+5C81 "岁" */
    0x0, 0xfc, 0xf0, 0x1, 0xfc, 0xea, 0x1, 0xd6,
    0xc0, 0x1c, 0x4e, 0x61, 0x1c, 0x1, 0xff, 0xc0,
    0x68, 0x40, 0xf, 0xfe, 0xd2, 0xe6, 0x71, 0x8e,
    0x67, 0x48, 0x4, 0x8a, 0xef, 0x19, 0x91, 0xe,
    0xfc, 0xc8, 0x41, 0x77, 0xa8, 0x42, 0xae, 0xff,
    0x28, 0x7, 0x68, 0xd0, 0x80, 0x7f, 0xf0, 0x7,
    0x8c, 0x2b, 0xff, 0xf3, 0x0, 0x45, 0x82, 0xe,
    0xff, 0x80, 0x39, 0xf4, 0xab, 0xe2, 0x3e, 0x90,
    0x16, 0x8, 0x81, 0x6a, 0xba, 0x0, 0x7b, 0x42,
    0x80, 0x11, 0x5a, 0x43, 0x96, 0xe0, 0x1a, 0x4d,
    0x90, 0x2, 0x50, 0x0, 0xda, 0xc4, 0x80, 0x29,
    0x92, 0x40, 0x3f, 0xa9, 0x99, 0x9a, 0xaa, 0xb0,
    0xf, 0xfa, 0x0, 0xca, 0x68, 0x3, 0xfc, 0x95,
    0xc0, 0x9a, 0xc0, 0x1f, 0x12, 0xd7, 0x5a, 0xa5,
    0xd8, 0x80, 0x3e, 0x9d, 0xa5, 0x28, 0xeb, 0x40,
    0xf, 0xe8, 0x7a, 0xec, 0x71, 0x0, 0xff, 0x80,

    /* U+5E03 "布" */
    0x0, 0xfc, 0x28, 0x20, 0x1f, 0xfc, 0x67, 0xb7,
    0x0, 0xff, 0xe3, 0x68, 0x38, 0x7, 0xff, 0x14,
    0x91, 0x2, 0x1, 0xff, 0x3f, 0xff, 0x68, 0x27,
    0xff, 0xfb, 0x81, 0x1d, 0xf3, 0x0, 0x1d, 0xff,
    0xe6, 0x3, 0x88, 0xc2, 0x15, 0x10, 0xdf, 0x88,
    0xfc, 0x1, 0xc4, 0xe6, 0xa0, 0xe, 0x80, 0xf,
    0xfe, 0xc, 0x87, 0x80, 0x7f, 0xf1, 0x5d, 0x2,
    0xe2, 0x24, 0x8, 0x8d, 0x3a, 0x60, 0x19, 0x60,
    0x0, 0xef, 0x80, 0xe, 0xf9, 0x89, 0x0, 0x25,
    0xa1, 0x4, 0xff, 0xc6, 0x1f, 0xfb, 0x0, 0x34,
    0x50, 0xe0, 0x7, 0x9c, 0x3, 0x84, 0x3, 0x11,
    0xf9, 0x0, 0x7f, 0xf1, 0x6f, 0x4, 0x3, 0xff,
    0x8c, 0x20, 0x1f, 0xfe, 0xa6, 0xff, 0x68, 0x10,
    0x7, 0x97, 0x0, 0x3e, 0x78, 0x84, 0xe2, 0x80,
    0x7a, 0x9c, 0x3, 0xe1, 0x77, 0x31, 0x80, 0x7f,
    0xf2, 0xc0,

    /* U+5E0C "希" */
    0x0, 0xff, 0xe2, 0x19, 0x80, 0x3c, 0x5b, 0xa8,
    0x40, 0xf, 0x15, 0x67, 0x8, 0x7, 0x17, 0x2a,
    0x5f, 0xd2, 0x81, 0xd6, 0xab, 0xe8, 0x80, 0x78,
    0xe3, 0x3a, 0x16, 0xbf, 0x15, 0xfa, 0x0, 0x3f,
    0x85, 0x62, 0x40, 0x39, 0xa4, 0x80, 0x3c, 0xf5,
    0xdc, 0xa7, 0x0, 0x5f, 0xfa, 0xd1, 0xf7, 0x10,
    0x3, 0x12, 0x2c, 0x67, 0x28, 0x30, 0x1, 0x2b,
    0x9c, 0x88, 0x1, 0x1b, 0x6c, 0x20, 0x3a, 0x8,
    0x8c, 0xf1, 0x5e, 0xa9, 0x88, 0x6e, 0x67, 0x40,
    0xe, 0x67, 0xfa, 0x43, 0x6e, 0xf2, 0x1, 0xdd,
    0xa2, 0xae, 0xfe, 0xa0, 0x34, 0x49, 0xd0, 0xf1,
    0x16, 0x35, 0x13, 0xe2, 0x0, 0xc7, 0x81, 0xc0,
    0x3, 0x1, 0x0, 0xc2, 0x1, 0xe3, 0xc0, 0x6,
    0xff, 0xb4, 0x1b, 0xff, 0x77, 0x80, 0x66, 0xc0,
    0x2, 0x44, 0x4e, 0x0, 0x88, 0xc0, 0x18, 0x6e,
    0x4a, 0xc0, 0xdd, 0xe9, 0x7, 0x7e, 0x50, 0x8,
    0x5d, 0xb5, 0x80, 0x3f, 0xf8, 0xb9, 0x20, 0x1f,
    0xfd, 0x41, 0x1c, 0x1, 0xff, 0xc5, 0x9e, 0xe2,
    0x20, 0x3, 0xc7, 0x16, 0x1, 0xf4, 0xdd, 0xb2,
    0xc0, 0x3c, 0x2e, 0x60, 0x1f, 0xa, 0x20, 0xc0,
    0x20,

    /* U+5E74 "年" */
    0x0, 0xe6, 0x30, 0xf, 0xfe, 0x31, 0x4c, 0x80,
    0x3f, 0xf8, 0xd6, 0x12, 0x1, 0xff, 0xc5, 0x26,
    0xe, 0xdd, 0xff, 0xe0, 0x8, 0x6, 0xe0, 0x0,
    0x8e, 0x22, 0x0, 0x8f, 0xc0, 0x13, 0x1b, 0xfe,
    0x66, 0x60, 0xcc, 0xf8, 0x2, 0x49, 0x28, 0x0,
    0xff, 0xe2, 0x1d, 0x87, 0x80, 0x7f, 0xf1, 0x44,
    0xec, 0xff, 0xfc, 0xc1, 0xdf, 0xfd, 0x0, 0x2,
    0xc4, 0x0, 0x13, 0x36, 0x0, 0x23, 0x37, 0x68,
    0x7, 0xc9, 0x33, 0x98, 0x2a, 0x67, 0x94, 0x3,
    0xff, 0xeb, 0x5d, 0xd0, 0x37, 0x76, 0x60, 0xee,
    0xfc, 0x3a, 0x88, 0x55, 0x91, 0x30, 0x0, 0xd1,
    0x3e, 0x7, 0xaa, 0xfe, 0x60, 0xda, 0xaf, 0x84,
    0x3, 0xff, 0xfe, 0x1, 0xfc,

    /* U+5E76 "并" */
    0x0, 0xc2, 0x40, 0x1f, 0x8c, 0x80, 0x3f, 0x7e,
    0x0, 0x7e, 0xdd, 0x8, 0x7, 0xd6, 0x34, 0x1,
    0xe4, 0x16, 0x10, 0xf, 0x95, 0x14, 0xc0, 0x3a,
    0x2, 0xc0, 0x3f, 0xa0, 0x58, 0x3, 0x19, 0x98,
    0x80, 0x3b, 0x77, 0x70, 0x46, 0xee, 0xc0, 0x7d,
    0xdc, 0x40, 0x23, 0x88, 0x47, 0xc6, 0x2, 0x3c,
    0x61, 0x99, 0x90, 0x33, 0x3c, 0x27, 0x99, 0x84,
    0x3, 0xff, 0xe0, 0xf3, 0x39, 0x2, 0x67, 0xc2,
    0x73, 0x39, 0xe9, 0x9b, 0x0, 0x19, 0xbc, 0x0,
    0x66, 0xd5, 0xbf, 0xf8, 0xb, 0xff, 0xc0, 0x5f,
    0xfb, 0x40, 0x31, 0x3, 0x80, 0x78, 0x44, 0x1,
    0xfc, 0xa1, 0x80, 0x1f, 0xfc, 0x41, 0x90, 0x70,
    0xf, 0xfe, 0x25, 0xc, 0x8, 0x7, 0xff, 0x8,
    0x6d, 0x10, 0xe0, 0x1f, 0xfc, 0x25, 0xf4, 0x45,
    0x80, 0x7f, 0xf0, 0xdc, 0x22, 0xc0, 0x3f, 0xf8,
    0x85, 0xce, 0x1, 0xfe, 0xec, 0x0, 0xe0,

    /* U+5F0F "式" */
    0x0, 0xff, 0x96, 0x44, 0x10, 0x3, 0xff, 0x89,
    0xac, 0x44, 0xbd, 0x30, 0xf, 0xfe, 0x17, 0x80,
    0xb, 0x43, 0x10, 0x3, 0xff, 0x8a, 0x58, 0x58,
    0x0, 0x68, 0x8f, 0xf8, 0x3a, 0x21, 0x28, 0xe,
    0x14, 0xef, 0xfe, 0x0, 0x13, 0xbc, 0xcf, 0x41,
    0x9f, 0xff, 0xe9, 0x9, 0xff, 0xed, 0x0, 0xff,
    0xe0, 0x28, 0x8, 0x7, 0xff, 0x18, 0x43, 0x80,
    0x3f, 0x4c, 0xff, 0x31, 0x1, 0x0, 0x7e, 0x66,
    0xfe, 0xd0, 0x16, 0x0, 0xfd, 0xff, 0x70, 0x37,
    0xfd, 0x60, 0x44, 0x0, 0xff, 0xe3, 0xa8, 0x18,
    0x7, 0xff, 0x1b, 0xc1, 0x40, 0x3f, 0xf8, 0xc8,
    0x18, 0x1, 0xff, 0xc6, 0x22, 0x20, 0x4, 0x70,
    0x1, 0xfc, 0x2b, 0x6, 0xa, 0x2a, 0x0, 0x77,
    0x18, 0x6, 0x50, 0x6e, 0xe5, 0x3b, 0x5, 0x4,
    0x80, 0x8, 0x9, 0x27, 0x7e, 0xc0, 0x4, 0xf7,
    0xca, 0x4, 0xa6, 0xe1, 0xe2, 0x22, 0x63, 0x48,
    0xcf, 0xc8, 0x41, 0x0, 0xac, 0x63, 0x19, 0x1,
    0xf7, 0xad, 0xcc, 0x3, 0xf0, 0xe2, 0x19, 0x40,
    0x0,

    /* U+5FB7 "德" */
    0x0, 0xe1, 0x0, 0xf8, 0xd0, 0x3, 0xfe, 0x3e,
    0x90, 0xf, 0x4d, 0x80, 0x7f, 0x8b, 0x4a, 0x15,
    0xdf, 0x94, 0x1d, 0xfc, 0x1, 0x1e, 0x1e, 0xf,
    0xcc, 0xf0, 0x2, 0x67, 0xc2, 0xd, 0x87, 0x82,
    0x15, 0xdd, 0xbc, 0x23, 0xbb, 0xc2, 0x16, 0x78,
    0x2d, 0x43, 0x7f, 0xf7, 0x4, 0x7f, 0xf2, 0x0,
    0x3f, 0x4, 0x50, 0xc2, 0xe9, 0x50, 0x15, 0x43,
    0x5a, 0x90, 0xc, 0x40, 0x8, 0x1f, 0x0, 0x12,
    0xa0, 0x2a, 0x98, 0x95, 0xc0, 0x3c, 0xac, 0xa6,
    0x1, 0xff, 0xc5, 0x1a, 0x2, 0x0, 0x89, 0x14,
    0x11, 0xc, 0x48, 0x80, 0xc, 0x38, 0x0, 0xf0,
    0x3, 0xa5, 0xc8, 0x5d, 0x8d, 0x6e, 0x80, 0x36,
    0x94, 0x0, 0x6b, 0xff, 0xff, 0x90, 0x0, 0x2e,
    0xc0, 0x17, 0x7f, 0xff, 0xf0, 0x4c, 0x3e, 0x0,
    0x35, 0xcc, 0xf3, 0x4c, 0xfc, 0x40, 0x40, 0x1c,
    0xac, 0xd9, 0x58, 0x99, 0xbc, 0x20, 0x1f, 0x88,
    0x8, 0x86, 0x90, 0x1, 0x39, 0x0, 0x7f, 0x16,
    0xa4, 0x78, 0x79, 0xa0, 0x2, 0xa4, 0x3, 0xfa,
    0x85, 0x0, 0x24, 0xa4, 0x10, 0x94, 0x30, 0xf,
    0x85, 0x9c, 0x3, 0x94, 0x1f, 0x90, 0xbc, 0x3,
    0xe8, 0x1b, 0x0, 0x1a, 0xae, 0xd2, 0xb, 0x31,
    0x0, 0xf4, 0xd9, 0x7, 0x5, 0x56, 0x58, 0x6,
    0xf1,

    /* U+6218 "战" */
    0x0, 0xc4, 0x40, 0xf, 0x88, 0x3, 0xfe, 0xfe,
    0x0, 0xf1, 0xea, 0x1, 0x80, 0x7f, 0xf1, 0x84,
    0xb2, 0x0, 0x3f, 0xf8, 0x62, 0x6, 0x52, 0xe8,
    0x1, 0xff, 0xc2, 0x30, 0x10, 0x64, 0x90, 0xf,
    0x11, 0xff, 0xe1, 0x1, 0x0, 0xd3, 0xe0, 0x1e,
    0x10, 0x88, 0xc2, 0x1, 0x78, 0x13, 0xab, 0x0,
    0x71, 0x99, 0xdf, 0x23, 0xc8, 0x3f, 0xed, 0x46,
    0x0, 0x7f, 0xd5, 0xe, 0x0, 0x8b, 0xdf, 0xa0,
    0xf, 0xfb, 0x3f, 0x90, 0x9d, 0xf, 0x4c, 0x9,
    0x56, 0x23, 0x55, 0x8c, 0x80, 0x4, 0x40, 0x3,
    0x11, 0x1, 0x2a, 0xa0, 0x5, 0x55, 0x20, 0x17,
    0x0, 0x84, 0xa0, 0x80, 0x59, 0xbb, 0xc2, 0x1,
    0x88, 0x9, 0xc6, 0x0, 0x31, 0x17, 0x80, 0x39,
    0xc2, 0xe1, 0xc, 0x3, 0xff, 0x86, 0x40, 0xe1,
    0x0, 0x1f, 0xfc, 0x77, 0x30, 0x10, 0xf, 0xfe,
    0x14, 0x80, 0x28, 0xb, 0xc4, 0x1, 0x2e, 0xfc,
    0x20, 0x1, 0xb6, 0x0, 0x50, 0x30, 0x88, 0x0,
    0xf1, 0x1c, 0x0, 0x5f, 0x41, 0xc3, 0x72, 0xc3,
    0x0, 0xb7, 0xff, 0x84, 0x20, 0x45, 0x87, 0xe1,
    0xaf, 0x60, 0x11, 0x80, 0x7d, 0xcb, 0xe4, 0x7,
    0x42, 0x4c, 0xd, 0xe2, 0x1, 0xdd, 0x47, 0x42,
    0x1, 0x2f, 0x68, 0x80,

    /* U+636E "据" */
    0x0, 0x8d, 0xc0, 0x3f, 0xf8, 0xe9, 0x2, 0x0,
    0x3d, 0x87, 0x7f, 0xe0, 0xf, 0xeb, 0x27, 0x88,
    0xfe, 0x10, 0xf, 0xf7, 0x7f, 0xfc, 0xe0, 0x1d,
    0xe0, 0x1f, 0xfc, 0x53, 0xff, 0x38, 0x77, 0xc8,
    0x1, 0x13, 0xf1, 0x0, 0x9, 0xdc, 0x0, 0x67,
    0xd0, 0x5, 0x5d, 0xfc, 0xa0, 0x1, 0x88, 0x82,
    0x20, 0x80, 0xb, 0xcc, 0x90, 0x33, 0x30, 0x80,
    0x7f, 0x94, 0xcf, 0x1, 0x9e, 0x0, 0xff, 0x99,
    0xb3, 0x83, 0x36, 0x50, 0xe, 0x49, 0x51, 0x8,
    0x99, 0x80, 0x13, 0x3a, 0x80, 0x9, 0x1, 0x4c,
    0x46, 0x1f, 0xf9, 0x83, 0xff, 0x97, 0xec, 0x0,
    0xfc, 0xe2, 0x40, 0x18, 0x40, 0x3c, 0xc4, 0xec,
    0x12, 0x20, 0xc2, 0x1, 0x84, 0x3, 0xc7, 0xb1,
    0xc0, 0x18, 0x9a, 0x3f, 0xe6, 0xf, 0xfc, 0x40,
    0x1f, 0x18, 0x68, 0x2, 0x67, 0xcc, 0x1, 0xfc,
    0x80, 0x80, 0x6, 0x6f, 0x60, 0x7, 0xf5, 0x81,
    0x80, 0x7f, 0xf1, 0x48, 0xd4, 0x2, 0x66, 0xf4,
    0x80, 0x4f, 0x34, 0x3, 0x21, 0x20, 0x14, 0xcf,
    0x8c, 0x2, 0xf7, 0x19, 0x8, 0x53, 0x0, 0xbf,
    0xfd, 0x40, 0x0,

    /* U+6536 "收" */
    0x0, 0xff, 0x84, 0x80, 0x3f, 0xf8, 0x5b, 0x40,
    0x14, 0xe9, 0x80, 0x7f, 0xf0, 0x4c, 0x40, 0x23,
    0x3, 0x0, 0xfd, 0x92, 0x1, 0xf9, 0xc, 0x3,
    0xf8, 0x88, 0x1, 0xf1, 0x82, 0x80, 0x7f, 0xf1,
    0xac, 0x1b, 0xff, 0xe0, 0xf, 0xf9, 0xc1, 0xdf,
    0x10, 0x13, 0x80, 0x7f, 0x90, 0x1, 0x11, 0x94,
    0x32, 0x0, 0x3f, 0xd0, 0x0, 0x40, 0x8, 0xc4,
    0x40, 0x1f, 0xe6, 0x36, 0x1d, 0x0, 0x91, 0x0,
    0x1f, 0xf5, 0xc, 0x33, 0x80, 0x10, 0x30, 0x3,
    0xfe, 0xda, 0x1b, 0x15, 0xd, 0x7, 0x0, 0xff,
    0x85, 0x0, 0xcd, 0x22, 0xc8, 0x20, 0x1f, 0x1c,
    0x8, 0x7, 0x49, 0xe0, 0x78, 0x7, 0xa, 0x76,
    0x38, 0x38, 0x6, 0x51, 0x22, 0x20, 0x6, 0x90,
    0x1, 0xc7, 0xb, 0x80, 0x70, 0x80, 0x7d, 0x41,
    0x9a, 0xe2, 0x1, 0xe7, 0x0, 0x13, 0x0, 0x63,
    0xf3, 0x0, 0xfd, 0x10, 0x4e, 0x29, 0x60, 0xf,
    0xfe, 0x0, 0xdb, 0xa5, 0x8e, 0x14, 0xc0, 0x7,
    0xf9, 0x79, 0x1a, 0xc0, 0x3, 0xe6, 0xf8, 0x1,
    0xfc, 0x87, 0x72, 0x1, 0x8b, 0x1e, 0x0,

    /* U+6539 "改" */
    0x0, 0xff, 0xe0, 0x13, 0x90, 0x7, 0xff, 0x1d,
    0x61, 0x80, 0x3f, 0x5f, 0xff, 0xc2, 0x0, 0xc0,
    0x40, 0xf, 0xda, 0xcd, 0xc6, 0x1, 0x95, 0x0,
    0x3f, 0x9a, 0x67, 0x90, 0x2, 0x41, 0x47, 0x7f,
    0x28, 0x7, 0xff, 0x3, 0x80, 0x11, 0x1e, 0xf0,
    0xf, 0xfe, 0x2, 0x87, 0xfe, 0x40, 0xda, 0x0,
    0xff, 0x9c, 0x0, 0x40, 0x13, 0x9, 0x0, 0x45,
    0xfd, 0x55, 0x28, 0x1c, 0x80, 0x10, 0x2, 0x25,
    0x0, 0xcc, 0x2, 0xab, 0x10, 0x48, 0xc9, 0x68,
    0x1, 0x3, 0x0, 0x3d, 0x3f, 0xfc, 0x46, 0xca,
    0x80, 0xd, 0x5, 0x0, 0xff, 0xe0, 0x4e, 0x85,
    0x82, 0x83, 0x91, 0x0, 0x3f, 0xf8, 0x22, 0x6,
    0x50, 0xc3, 0x40, 0x1f, 0xfc, 0x5b, 0x29, 0x17,
    0x0, 0xff, 0xe2, 0xb0, 0x1, 0x80, 0x3f, 0xe3,
    0x9e, 0x20, 0x8, 0xc0, 0x4, 0x1, 0xfb, 0x9f,
    0x71, 0x94, 0xc0, 0x5, 0xa0, 0x2a, 0xc0, 0x1d,
    0xc0, 0xf0, 0x6f, 0xb6, 0x20, 0x9a, 0x35, 0xe3,
    0x2c, 0x1, 0x94, 0x6, 0xba, 0x8, 0x6, 0x6c,
    0x29, 0x47, 0x6, 0x68, 0x40, 0x11, 0x9c, 0xa0,
    0x1b, 0xd8, 0xb1, 0x40, 0x5, 0x86, 0xb4, 0x0,
    0x73, 0x0, 0xf5, 0xc6, 0x98, 0x6, 0x2c, 0x9a,
    0x0,

    /* U+6587 "文" */
    0x0, 0xfe, 0x27, 0x20, 0xf, 0xfe, 0x3a, 0x44,
    0x0, 0x3f, 0xf8, 0xec, 0x4a, 0x60, 0x1f, 0xfc,
    0x7b, 0xb, 0x0, 0xff, 0x44, 0xcf, 0xec, 0x31,
    0x99, 0xfc, 0x0, 0x66, 0xfe, 0x53, 0x66, 0xfe,
    0x0, 0x77, 0xfa, 0xc1, 0xff, 0xff, 0x30, 0x57,
    0xfc, 0x1, 0xc8, 0x6c, 0x1, 0xf9, 0xc5, 0x40,
    0x3f, 0xa4, 0x5c, 0x3, 0xce, 0x32, 0x1, 0xfe,
    0x52, 0x81, 0x0, 0xe9, 0x17, 0x0, 0xff, 0xb8,
    0x28, 0x3, 0x48, 0xc0, 0x7, 0xff, 0x0, 0xd9,
    0x18, 0x0, 0x8c, 0x6c, 0x1, 0xff, 0xc1, 0x92,
    0x95, 0x3b, 0x1e, 0x0, 0xff, 0xe1, 0xf8, 0xd6,
    0x6, 0x90, 0x7, 0xff, 0xc, 0xa4, 0x0, 0x86,
    0x1, 0xff, 0xc4, 0x78, 0x0, 0x24, 0x80, 0x7f,
    0xf0, 0x8e, 0xe0, 0xb7, 0x44, 0xda, 0x80, 0x1f,
    0xe2, 0xac, 0x45, 0xc2, 0x26, 0xa9, 0x5d, 0x8c,
    0x3, 0x85, 0xf3, 0x55, 0x32, 0x84, 0x2, 0xac,
    0x34, 0xcd, 0x82, 0x0, 0x64, 0x1a, 0xdd, 0x8c,
    0x3, 0xc7, 0x96, 0xa4, 0xfe, 0x0, 0x98, 0xea,
    0x40, 0xf, 0xf2, 0x57, 0xcf, 0x0,

    /* U+6597 "斗" */
    0x0, 0xff, 0xe0, 0x99, 0x0, 0x7f, 0xf1, 0x47,
    0x20, 0x3, 0xf8, 0x6d, 0x40, 0x3f, 0xf8, 0xaa,
    0xaa, 0xd5, 0x0, 0xff, 0xe1, 0xa7, 0x41, 0xd6,
    0x10, 0x7, 0xff, 0xd, 0xfd, 0x8d, 0x80, 0x3f,
    0xf8, 0x83, 0x3a, 0x80, 0x1f, 0xf2, 0xc0, 0x80,
    0x62, 0x0, 0xff, 0xe0, 0x7b, 0xf4, 0x90, 0x7,
    0xff, 0xe, 0xb5, 0x5b, 0x64, 0x40, 0x3f, 0xf8,
    0x45, 0x58, 0x6c, 0xe0, 0x1f, 0xfc, 0x43, 0xcb,
    0x60, 0xf, 0xfe, 0x32, 0x0, 0x7c, 0x28, 0xd1,
    0x0, 0xf, 0xc2, 0x6d, 0x1a, 0xb, 0xd7, 0x2e,
    0xa0, 0x26, 0xd1, 0x5b, 0xfd, 0x92, 0xe6, 0x0,
    0x7a, 0xce, 0xd7, 0xec, 0x97, 0x50, 0x57, 0x9c,
    0xee, 0x2, 0xc2, 0x98, 0x82, 0x3c, 0xdf, 0x7e,
    0xd4, 0x31, 0x88, 0x7, 0xe3, 0x86, 0x41, 0x0,
    0xff, 0xff, 0x80,

    /* U+65AF "斯" */
    0x0, 0x11, 0x0, 0x31, 0x88, 0x7, 0xe2, 0x0,
    0xdf, 0x20, 0x1b, 0x18, 0x3, 0x85, 0xb3, 0x6c,
    0x3, 0xff, 0x82, 0x6f, 0x9d, 0x22, 0xf2, 0xb,
    0x4, 0x91, 0x14, 0x84, 0x42, 0xf2, 0x56, 0xbb,
    0x60, 0x83, 0x1c, 0x0, 0xef, 0x30, 0x1, 0xcc,
    0x3e, 0x54, 0x40, 0x34, 0xf9, 0x27, 0xfe, 0x8,
    0xff, 0x0, 0x7f, 0xf5, 0xd, 0x3b, 0xaf, 0x0,
    0xff, 0xe1, 0x98, 0x4c, 0xce, 0x1, 0xdd, 0xdb,
    0xfb, 0x8a, 0x1, 0x23, 0xbd, 0x0, 0x1c, 0x68,
    0x81, 0x5, 0x46, 0x0, 0x91, 0xde, 0x80, 0xe,
    0xda, 0xa3, 0x85, 0xd1, 0x80, 0xc, 0x26, 0x67,
    0x0, 0xbc, 0x4, 0x3, 0xf8, 0xd3, 0xba, 0xf0,
    0x8, 0x40, 0x3f, 0xf9, 0x22, 0x1, 0xfb, 0xfc,
    0x49, 0xff, 0x82, 0x3d, 0x8c, 0x3, 0xf4, 0x47,
    0xfc, 0xc, 0x1, 0xf9, 0xdc, 0xd2, 0xe, 0x74,
    0xae, 0xc0, 0x60, 0x1f, 0xeb, 0x14, 0x5, 0x3f,
    0x7, 0xb, 0x0, 0xfe, 0x65, 0x63, 0x1, 0xa2,
    0x8b, 0x23, 0x0, 0xfc, 0x92, 0x72, 0x1, 0x25,
    0x1, 0x58, 0x7, 0xf2, 0x3e, 0x80, 0x72, 0x91,
    0xb0, 0x7, 0xfa, 0x4, 0x3, 0xd5, 0xa0, 0x1d,
    0x1e, 0x1, 0x0,

    /* U+65E5 "日" */
    0x1f, 0xff, 0xfe, 0x10, 0x98, 0x12, 0xaf, 0xf8,
    0x40, 0x32, 0x55, 0x7f, 0x90, 0x3, 0xff, 0xf0,
    0xd3, 0x3f, 0xe5, 0x0, 0xe6, 0x6f, 0xf0, 0x7,
    0x37, 0xff, 0xf9, 0x0, 0x3f, 0xf8, 0x62, 0x1,
    0xff, 0xf8, 0x69, 0x9f, 0xf2, 0x80, 0x73, 0x37,
    0xf8, 0x3, 0x9b, 0xff, 0xfc, 0x80, 0x1f, 0xfc,
    0x31, 0x0, 0x0,

    /* U+661F "星" */
    0x0, 0x95, 0x7f, 0xf8, 0x46, 0x1, 0x86, 0xab,
    0xff, 0x85, 0x20, 0x1e, 0x7f, 0xff, 0xf7, 0x0,
    0x7e, 0x25, 0x5f, 0xf2, 0x0, 0x7e, 0x5a, 0xaf,
    0xf8, 0x3, 0xf3, 0xff, 0xff, 0xb8, 0x3, 0xf0,
    0x8f, 0xfc, 0x60, 0x1f, 0x9b, 0xbb, 0xfd, 0xa0,
    0x1e, 0x1c, 0x36, 0xcc, 0xa6, 0x2f, 0x33, 0xa0,
    0x3, 0x98, 0xc4, 0xce, 0xc8, 0x53, 0x3e, 0x20,
    0xc, 0x34, 0x0, 0x77, 0x94, 0x25, 0xdf, 0xc6,
    0x1, 0x68, 0x1, 0xe2, 0x20, 0x3, 0xc4, 0x79,
    0x40, 0x16, 0x71, 0xff, 0xca, 0x1d, 0xff, 0xe6,
    0x5, 0x47, 0x70, 0x7, 0xff, 0x11, 0x76, 0x33,
    0xff, 0x94, 0x3b, 0xff, 0xa0, 0x2, 0x20, 0x8a,
    0xae, 0x0, 0x4d, 0x57, 0x58, 0x7, 0x22, 0xaf,
    0x81, 0xd5, 0x78, 0xc0, 0x21, 0x1f, 0xe0, 0x31,
    0x1f, 0x81, 0x7b, 0xbf, 0x20, 0x6f, 0x77, 0xda,
    0xf3, 0x3f, 0xfc, 0x68,

    /* U+6708 "月" */
    0x0, 0xcb, 0xb1, 0x1f, 0xee, 0x70, 0xd, 0xe4,
    0xef, 0xfe, 0x1a, 0x0, 0xf7, 0x77, 0xf8, 0x3,
    0xf0, 0x8f, 0xfc, 0x1, 0xff, 0xdf, 0xff, 0xff,
    0x8, 0x7, 0xce, 0xff, 0xe0, 0xf, 0x8, 0x44,
    0x7f, 0x84, 0x3, 0x9c, 0x40, 0x3f, 0xf8, 0x82,
    0x60, 0x1f, 0xfc, 0x43, 0x2a, 0xaf, 0xf0, 0x80,
    0x61, 0x10, 0x2a, 0xff, 0x80, 0x39, 0x2, 0x7f,
    0xff, 0xc2, 0x1, 0xbc, 0x1c, 0x3, 0xff, 0x84,
    0x2a, 0x62, 0x1, 0xff, 0xc2, 0x80, 0x90, 0xf,
    0xfe, 0x12, 0x31, 0xa8, 0x7, 0xff, 0x4, 0xec,
    0x3c, 0x3, 0xe5, 0xaa, 0xac, 0x58, 0x89, 0x46,
    0x1, 0xf3, 0xaa, 0xc8, 0x70, 0x3a, 0xa0, 0x1f,
    0x8b, 0xff, 0x61, 0x80,

    /* U+673A "机" */
    0x0, 0xe5, 0x20, 0xf, 0xfe, 0x38, 0xd5, 0x0,
    0x38, 0x40, 0x30, 0x80, 0x7f, 0xf0, 0xfb, 0x9f,
    0xfb, 0xa8, 0x3, 0xff, 0x88, 0xef, 0x80, 0x3f,
    0xf8, 0xa9, 0x11, 0x80, 0x3c, 0xf5, 0x50, 0x3d,
    0x51, 0xc0, 0x3f, 0xf8, 0x38, 0xaa, 0x40, 0x2,
    0xab, 0x0, 0x3f, 0xf8, 0x37, 0xfe, 0x70, 0x7f,
    0xf5, 0x80, 0x7f, 0xf1, 0x14, 0x3, 0xff, 0x90,
    0x24, 0xe, 0x40, 0x18, 0x40, 0x3f, 0xf8, 0x12,
    0x20, 0xf, 0x10, 0x0, 0x98, 0x7, 0xff, 0x1,
    0x98, 0xc, 0x7a, 0x1, 0xff, 0xc3, 0x61, 0xa0,
    0x1a, 0x39, 0x10, 0xe0, 0xf, 0xfa, 0x18, 0xc0,
    0x8, 0xd8, 0xa0, 0x40, 0x1f, 0xe8, 0x1b, 0x0,
    0xd2, 0xa4, 0xe, 0x1, 0xfc, 0x2e, 0xa4, 0x1,
    0xec, 0x2, 0x0, 0xf9, 0x84, 0x4d, 0x60, 0x1f,
    0x2a, 0x80, 0x3f, 0x6c, 0x84, 0x88, 0x7, 0x98,
    0x38, 0x3, 0xf3, 0xf8, 0x7, 0xf4, 0x12, 0x0,
    0x7e, 0x10, 0xf, 0xea, 0x19, 0x0, 0xf9, 0x24,
    0x88, 0x1, 0xf8, 0xe1, 0x0, 0x3c, 0xe2, 0xc6,
    0xa0, 0x18, 0x7e, 0x2, 0x5c, 0x3, 0xe8, 0xff,
    0x60, 0x0,

    /* U+6765 "来" */
    0x0, 0xff, 0x4c, 0x0, 0x7f, 0xf2, 0x1d, 0x40,
    0x3f, 0xfa, 0xd7, 0xff, 0xf0, 0x97, 0xff, 0xd8,
    0x1, 0xb1, 0x9b, 0xe0, 0x3, 0x37, 0xd6, 0x1,
    0x9e, 0x78, 0x26, 0x70, 0x94, 0xce, 0x13, 0x87,
    0x0, 0xf7, 0xb2, 0x0, 0x7f, 0x3b, 0x84, 0x3,
    0xe8, 0x8, 0x0, 0xfc, 0xe1, 0x0, 0x1f, 0xce,
    0x66, 0x0, 0xf0, 0xc9, 0xa8, 0x7, 0xf5, 0xb,
    0x80, 0x79, 0x7, 0x80, 0x3d, 0x15, 0x54, 0x27,
    0x55, 0x4, 0xaa, 0x9e, 0xb1, 0x55, 0x38, 0x1,
    0x15, 0x7f, 0x0, 0x15, 0x7f, 0x60, 0x3, 0x3f,
    0xfd, 0x0, 0x1a, 0xbf, 0xfd, 0x60, 0x1f, 0x96,
    0x18, 0x49, 0x29, 0x0, 0x3f, 0xf8, 0x2b, 0x49,
    0x20, 0xb, 0x3b, 0x40, 0xf, 0xf9, 0xe8, 0xec,
    0x3, 0x69, 0x5a, 0x80, 0x7e, 0x1b, 0x84, 0xc0,
    0xe, 0x1c, 0x2a, 0x90, 0xf, 0x27, 0xa3, 0x58,
    0x7, 0xc3, 0xa8, 0xda, 0x80, 0x1, 0xbb, 0xc,
    0xc8, 0x3, 0xfd, 0x6e, 0x57, 0x60, 0x13, 0x4d,
    0x60, 0xf, 0xfe, 0x4, 0x61, 0x98, 0x1, 0x16,
    0x40, 0x1f, 0xfc, 0x23, 0xc8, 0x0,

    /* U+679C "果" */
    0x0, 0x91, 0x9b, 0xff, 0x84, 0x80, 0x1e, 0xd9,
    0x9f, 0xfe, 0x17, 0x80, 0x7e, 0xef, 0xfc, 0x7,
    0xff, 0xb8, 0x3, 0xff, 0xa9, 0xdf, 0xf8, 0xf,
    0xff, 0x70, 0x7, 0xfa, 0x26, 0x70, 0x2, 0x67,
    0x40, 0x7, 0xf9, 0x9b, 0x80, 0xd9, 0xb8, 0x3,
    0xfc, 0x62, 0x38, 0x4, 0x78, 0xc0, 0x3f, 0xdb,
    0xdd, 0x80, 0xbb, 0xb6, 0x80, 0x7e, 0xaa, 0xf8,
    0x1, 0x55, 0xe8, 0x0, 0xf1, 0xaa, 0xf8, 0xd,
    0x57, 0xc6, 0x1, 0xaf, 0xff, 0xf0, 0x1f, 0xff,
    0xe8, 0x0, 0x6b, 0x37, 0x88, 0x3, 0x23, 0x37,
    0xb0, 0x0, 0xd3, 0x3d, 0xa4, 0x40, 0x22, 0x2d,
    0x4c, 0xf2, 0x0, 0x7c, 0xf6, 0x58, 0x3, 0x87,
    0x8c, 0x1, 0xfe, 0x1b, 0x83, 0xc1, 0x0, 0xe,
    0x24, 0xd9, 0x0, 0x7c, 0xfc, 0x8d, 0x82, 0x1,
    0x86, 0xdd, 0x36, 0x4, 0x0, 0x31, 0xd0, 0x57,
    0x20, 0x1f, 0xa3, 0xd, 0xfa, 0x40, 0x4c, 0x23,
    0x50, 0x3, 0xfc, 0x79, 0x45, 0xc0, 0xb, 0xe7,
    0x0, 0xff, 0xe1, 0x2e, 0xb8, 0x0,

    /* U+6B64 "此" */
    0x0, 0xf2, 0xb0, 0x6, 0x74, 0x0, 0xff, 0xe0,
    0xcc, 0x0, 0x68, 0xf0, 0xf, 0xff, 0xd8, 0xfc,
    0x0, 0x7f, 0xf0, 0x98, 0x3, 0xff, 0x8c, 0x5b,
    0x2e, 0x1, 0xf0, 0x8a, 0xaa, 0x10, 0xa, 0x34,
    0x9d, 0xc0, 0x1f, 0x18, 0x2a, 0xc0, 0x4, 0xd7,
    0x3c, 0x80, 0xf, 0xc4, 0x3f, 0xf0, 0x80, 0x55,
    0x86, 0x1, 0xff, 0xc5, 0xd5, 0x0, 0xff, 0xe3,
    0x20, 0x7, 0xff, 0xe0, 0x80, 0x3f, 0xf8, 0xe3,
    0xac, 0x1, 0xff, 0xc6, 0x30, 0xf, 0x88, 0xc6,
    0xf7, 0xc8, 0x3, 0xce, 0x4, 0x90, 0xf, 0xfa,
    0x0, 0x41, 0x63, 0x14, 0x99, 0xd0, 0xb, 0xec,
    0x2, 0x8f, 0x5b, 0xf9, 0x23, 0x62, 0xcd, 0x8e,
    0x46, 0x2f, 0xb9, 0x70, 0xa4, 0x1, 0x97, 0xbf,
    0xf7, 0x30, 0x0,

    /* U+6C14 "气" */
    0x0, 0xe4, 0x40, 0x7, 0xff, 0x1e, 0x64, 0x1,
    0xff, 0xc6, 0x42, 0xa0, 0xf, 0xfe, 0x34, 0x4,
    0x7f, 0xff, 0xf0, 0x48, 0x2, 0x43, 0x19, 0x9f,
    0xfe, 0x11, 0x80, 0x52, 0x3c, 0xcd, 0xff, 0xc2,
    0x10, 0x4, 0x94, 0x4f, 0xff, 0xff, 0x2, 0x80,
    0x26, 0x62, 0x36, 0xcc, 0xff, 0xf0, 0x38, 0x0,
    0x52, 0x34, 0x8, 0xcd, 0xff, 0xc0, 0x40, 0x1,
    0x6e, 0x47, 0xff, 0xff, 0x4, 0x3, 0x88, 0x98,
    0xef, 0xff, 0x0, 0x7f, 0x2c, 0x47, 0xfc, 0xa0,
    0x20, 0x1f, 0xfc, 0x62, 0x3, 0x0, 0xff, 0xe3,
    0x78, 0x8, 0x7, 0xff, 0x18, 0x81, 0x80, 0x3f,
    0xf8, 0xcc, 0x4, 0x1, 0xff, 0xc6, 0x20, 0xd0,
    0x22, 0x0, 0x7f, 0xf0, 0xc4, 0x9c, 0x7, 0x0,
    0x3f, 0xf8, 0x8a, 0x48, 0xc6, 0x1, 0xff, 0xc4,
    0x90, 0xa8, 0x70, 0xf, 0xfe, 0x20, 0xd9, 0x9a,
    0x40,

    /* U+6D1B "洛" */
    0x0, 0x8, 0x7, 0xe6, 0x10, 0xf, 0xfb, 0x39,
    0x80, 0x39, 0x65, 0x80, 0x3f, 0xe9, 0x39, 0xc2,
    0x0, 0xac, 0x14, 0x47, 0x10, 0x7, 0x93, 0x60,
    0xdc, 0x0, 0xe2, 0x1b, 0xdd, 0xb6, 0x0, 0x3e,
    0x7d, 0x50, 0x28, 0xa, 0xae, 0x0, 0x58, 0x7,
    0xe2, 0x1, 0xf0, 0x9, 0x56, 0x60, 0x43, 0x0,
    0xc4, 0x1, 0xda, 0x54, 0x94, 0x40, 0xe, 0x9,
    0x0, 0xc5, 0xbc, 0xc0, 0xc, 0x38, 0x5a, 0x2c,
    0x3b, 0x29, 0x20, 0xc, 0x56, 0x73, 0xa7, 0xf0,
    0xe0, 0x3e, 0x38, 0x8e, 0xc0, 0x1e, 0x4d, 0x93,
    0x13, 0x70, 0x8, 0x40, 0x3f, 0xf8, 0x2d, 0xc4,
    0x1, 0xc, 0xe0, 0xca, 0xbf, 0x30, 0x7, 0xfc,
    0x53, 0xcc, 0xbe, 0xd5, 0x43, 0x9e, 0x94, 0x0,
    0xfb, 0x35, 0x81, 0xfd, 0x15, 0x41, 0x8, 0x2d,
    0x42, 0x1, 0x9e, 0x65, 0xe, 0xf, 0x55, 0xe4,
    0xd, 0xd0, 0x80, 0x69, 0x55, 0x3f, 0x5, 0xf7,
    0x79, 0x0, 0x8c, 0x3, 0x38, 0xc8, 0x6, 0x61,
    0x1f, 0x0, 0x7e, 0x92, 0x50, 0xf, 0xfe, 0x34,
    0xc, 0x0, 0x7f, 0xf1, 0x85, 0xc9, 0x40, 0x3a,
    0x23, 0xe4, 0x0, 0xe9, 0x8, 0x0, 0xf2, 0xbb,
    0xf8, 0x3, 0xd1, 0x2a, 0x1, 0xed, 0xff, 0xf2,
    0x0, 0x60,

    /* U+6F14 "演" */
    0x0, 0xff, 0xe0, 0x23, 0x0, 0x7f, 0x2f, 0x38,
    0x7, 0xdb, 0x26, 0x1, 0xf9, 0xd6, 0x39, 0x19,
    0xb8, 0x43, 0x19, 0xb8, 0x80, 0x5, 0x74, 0x6f,
    0x33, 0xce, 0x0, 0x99, 0xe5, 0x0, 0xcb, 0xa4,
    0x11, 0xff, 0xfe, 0x0, 0xff, 0xe8, 0x8e, 0xe,
    0x67, 0xf5, 0xe3, 0x4, 0xda, 0x0, 0x46, 0xab,
    0x98, 0xcc, 0xab, 0x19, 0x84, 0x3d, 0xaf, 0x0,
    0x23, 0x99, 0xac, 0x1e, 0x66, 0x80, 0x9, 0xb6,
    0x10, 0x0, 0xbf, 0xfb, 0x81, 0xff, 0xf4, 0x80,
    0x67, 0x80, 0xd, 0x17, 0x6a, 0x3, 0xbb, 0x80,
    0x3f, 0xf8, 0x6, 0x89, 0x2, 0x26, 0x10, 0xf,
    0x23, 0x80, 0x57, 0xfe, 0xe0, 0x7f, 0xf8, 0x40,
    0x3d, 0xf0, 0x20, 0x8, 0xbb, 0x50, 0x1d, 0xdc,
    0x1, 0xe1, 0x46, 0x10, 0x1, 0xa2, 0x40, 0x89,
    0x84, 0x3, 0xa0, 0x28, 0x2, 0x8b, 0xb6, 0x83,
    0xdd, 0xc2, 0x1, 0x85, 0x8c, 0xc0, 0xec, 0xa4,
    0x45, 0x66, 0x10, 0x93, 0x60, 0x5, 0x21, 0x20,
    0x2, 0x9b, 0x54, 0xb9, 0x91, 0xa8, 0xca, 0x80,
    0x5, 0xc9, 0x40, 0x7, 0x5a, 0x52, 0x40, 0xa,
    0x77, 0x72, 0x80, 0xc, 0xac, 0x1, 0x78, 0xb1,
    0xc8, 0x1, 0xa3, 0xe, 0x9c, 0xb, 0x58, 0x1,
    0x31, 0xee, 0x1, 0xf1, 0xec, 0xb8,

    /* U+706B "火" */
    0x0, 0xfe, 0x33, 0x0, 0x7f, 0xf1, 0xf7, 0x40,
    0x1f, 0xfc, 0x71, 0x30, 0xf, 0xfe, 0xe8, 0x80,
    0x7f, 0xf0, 0x63, 0x4, 0x3, 0xfe, 0xc9, 0x0,
    0xe5, 0x21, 0x0, 0x8, 0x38, 0x7, 0x21, 0x98,
    0x3, 0x11, 0x10, 0x2, 0x30, 0x10, 0xe, 0xf0,
    0x80, 0xd, 0x61, 0xc0, 0x13, 0x1, 0x0, 0x63,
    0x45, 0x20, 0x8, 0x58, 0x90, 0x2, 0x20, 0x60,
    0xd, 0x1, 0x0, 0x1a, 0xc2, 0xc0, 0x36, 0x0,
    0x80, 0x46, 0x8e, 0x40, 0x1b, 0x55, 0x80, 0x32,
    0x0, 0x10, 0x2, 0x48, 0x0, 0xe7, 0xa0, 0xc,
    0x82, 0xa3, 0x0, 0x3, 0xb0, 0xf, 0xfe, 0x7,
    0x84, 0xc8, 0xd0, 0x3, 0xff, 0x84, 0xa8, 0x83,
    0x71, 0xa1, 0x0, 0xff, 0xe0, 0xd, 0x84, 0x80,
    0x28, 0x68, 0x3, 0xfe, 0x1c, 0x19, 0x20, 0x2,
    0x3a, 0x60, 0x80, 0x7e, 0x4f, 0x28, 0x60, 0xd,
    0xc, 0x7e, 0xa0, 0x1c, 0x55, 0x63, 0x2e, 0x1,
    0xe9, 0x81, 0xac, 0x61, 0x7, 0xd5, 0x4d, 0x60,
    0xf, 0xcf, 0xca, 0x73, 0xa0, 0xed, 0x96, 0x40,
    0x1f, 0xe1, 0xae, 0x9e, 0x0,

    /* U+71CE "燎" */
    0x0, 0xcc, 0x40, 0x1f, 0x13, 0x8, 0x7, 0xf0,
    0xca, 0x0, 0x7d, 0x52, 0x1, 0xff, 0xc4, 0x22,
    0xce, 0x26, 0x45, 0x84, 0x3, 0xf9, 0x37, 0x70,
    0xe, 0xef, 0x50, 0x7, 0xe4, 0x5b, 0xcc, 0x8,
    0x58, 0x8b, 0x31, 0x52, 0x0, 0x3d, 0x0, 0x8a,
    0xca, 0x24, 0x6, 0x13, 0x45, 0xdd, 0x4c, 0x0,
    0x70, 0xc, 0xa4, 0x7e, 0xb8, 0x2e, 0x6, 0x97,
    0x65, 0x40, 0x1, 0xb0, 0x5, 0x56, 0x6, 0x0,
    0xd0, 0xa, 0x80, 0x14, 0x1, 0x71, 0x0, 0x30,
    0xd8, 0xb0, 0x1, 0x9f, 0xf7, 0x0, 0x30, 0x40,
    0x9, 0xe6, 0x1b, 0x45, 0xa6, 0xb, 0x99, 0xc4,
    0x7, 0xe0, 0x7, 0x70, 0x81, 0x21, 0x4e, 0x90,
    0x7, 0xc9, 0x94, 0x0, 0xa1, 0x0, 0x8, 0x1,
    0x88, 0x17, 0x33, 0x88, 0xd, 0x0, 0x33, 0x83,
    0x0, 0x73, 0xff, 0xf1, 0x80, 0x7c, 0x61, 0x40,
    0x1c, 0x91, 0x1c, 0x40, 0x1f, 0x68, 0x3a, 0x80,
    0x48, 0xe6, 0xef, 0x1a, 0xe0, 0x7, 0x91, 0x55,
    0x46, 0x0, 0x8b, 0xb8, 0x2e, 0xd4, 0xe0, 0x1c,
    0x63, 0x94, 0x5a, 0x0, 0xdd, 0x0, 0x76, 0x58,
    0x7, 0x48, 0x38, 0x73, 0x3, 0x9c, 0x0, 0x74,
    0xa3, 0x80, 0x46, 0xac, 0x20, 0x70, 0x90, 0xaa,
    0x0, 0xe4, 0x78, 0x30, 0x7, 0xc, 0x0, 0x68,
    0x3a, 0x26, 0xd0, 0xd, 0x5, 0x60, 0x5, 0xa1,
    0x0, 0xd9, 0xa0, 0x72, 0xc6, 0x80, 0x16, 0x40,
    0x2, 0x10, 0x3, 0xc2, 0x3, 0xfe, 0xc0, 0xc,
    0x20, 0x0,

    /* U+7528 "用" */
    0x0, 0x9f, 0xee, 0xfb, 0x36, 0xef, 0xde, 0xe0,
    0x16, 0x83, 0x37, 0x19, 0x33, 0x78, 0x34, 0x3,
    0xb7, 0x79, 0x3, 0x77, 0xc0, 0x1f, 0xfe, 0x3f,
    0xfe, 0x40, 0xff, 0xf0, 0x7, 0xcc, 0xdc, 0x0,
    0x66, 0xf0, 0x7, 0xd3, 0x3c, 0x81, 0x33, 0xe0,
    0xf, 0xff, 0x8, 0x84, 0xcf, 0x20, 0x4c, 0xf8,
    0x3, 0x9c, 0x19, 0xb8, 0x0, 0xcd, 0xe0, 0xe,
    0x24, 0xff, 0xe4, 0xf, 0xff, 0x0, 0x61, 0x11,
    0x80, 0x7f, 0xf1, 0x50, 0x34, 0x3, 0xff, 0x8b,
    0xe0, 0x80, 0x1f, 0xfc, 0x42, 0x54, 0x10, 0xf,
    0xfe, 0x11, 0x87, 0x4, 0x0, 0x7f, 0xa2, 0x29,
    0x1, 0x10, 0x39, 0x80, 0x78, 0x44, 0x0, 0x37,
    0x73, 0x25, 0xe, 0x40, 0x7, 0xd5, 0xc0, 0xb,
    0xff, 0xac, 0x80,

    /* U+76EE "目" */
    0x0, 0xff, 0xe2, 0x57, 0xff, 0xff, 0x8, 0x40,
    0xc, 0xdf, 0xf1, 0x0, 0x69, 0x9f, 0xf9, 0xc0,
    0x3f, 0xfb, 0x1f, 0xff, 0xf2, 0x80, 0x65, 0x5f,
    0xf8, 0x3, 0xaa, 0xbf, 0xe5, 0x0, 0xff, 0xec,
    0x55, 0x7f, 0xca, 0x1, 0x95, 0x7f, 0xe0, 0xe,
    0xff, 0xff, 0x94, 0x3, 0xff, 0xb1, 0x11, 0xff,
    0x28, 0x6, 0x77, 0xff, 0x80, 0x3b, 0xff, 0xfe,
    0x40, 0xf, 0xfe, 0x18, 0x80, 0x0,

    /* U+798F "福" */
    0x0, 0xc4, 0x1, 0xff, 0xc7, 0xcf, 0x0, 0xca,
    0xcd, 0xfe, 0x50, 0xa, 0x9, 0x80, 0x2b, 0x99,
    0xff, 0x80, 0x24, 0x45, 0x80, 0x5d, 0xff, 0xfe,
    0xc0, 0x57, 0x71, 0x2b, 0xd9, 0x83, 0x4c, 0xfe,
    0x50, 0x7, 0x44, 0x19, 0xe1, 0x20, 0x35, 0xc8,
    0xbc, 0xda, 0x0, 0xbf, 0xfd, 0x21, 0xe0, 0x5,
    0xbb, 0xf0, 0x7, 0xf4, 0x1a, 0x0, 0x7f, 0xf1,
    0x64, 0x7c, 0x2, 0x4f, 0xff, 0x0, 0x7c, 0xec,
    0xc3, 0x0, 0x7c, 0xcf, 0xeb, 0x0, 0xc9, 0x0,
    0xe4, 0x0, 0x46, 0x6f, 0xc6, 0x1, 0x1d, 0x80,
    0xb, 0xa, 0xf3, 0x3f, 0xce, 0xb, 0x82, 0x43,
    0xa7, 0x8a, 0x2a, 0xa6, 0x33, 0x2a, 0xc7, 0xc9,
    0x43, 0x8c, 0x3, 0xf0, 0xf, 0x32, 0xa0, 0x89,
    0x98, 0x0, 0x8d, 0xe4, 0x1, 0x13, 0x2, 0x2a,
    0xc1, 0x6a, 0xb0, 0x5, 0x22, 0x1, 0xf0, 0xd5,
    0x40, 0x75, 0x50, 0x7, 0xff, 0x1, 0x7f, 0xe0,
    0x8f, 0xf8, 0x3, 0xff, 0xaa, 0xbd, 0xd0, 0x47,
    0x74, 0x1, 0xff, 0xc1, 0x66, 0x9d, 0xcc, 0xd0,
    0x7, 0xff, 0x1, 0x62, 0x3f, 0x0, 0x7a, 0xf8,
    0x2, 0xfa, 0x0, 0xfd, 0xf2,

    /* U+7EA6 "约" */
    0x0, 0xc6, 0x20, 0x1c, 0x4c, 0x20, 0x1f, 0xee,
    0xf0, 0xe, 0xa9, 0x30, 0xf, 0xe4, 0x29, 0x0,
    0xe5, 0x22, 0x0, 0x7f, 0x40, 0xb8, 0x6, 0x22,
    0x20, 0x7, 0xf2, 0x9c, 0x0, 0x74, 0x1, 0x44,
    0x76, 0xa8, 0x2, 0xd, 0x81, 0x9c, 0x5, 0x41,
    0x1d, 0xf8, 0xbc, 0x20, 0xbc, 0x6, 0x6c, 0x18,
    0x27, 0xff, 0xc0, 0x6a, 0xec, 0xb, 0xc1, 0xc5,
    0x4, 0xc0, 0x1f, 0xa8, 0x1b, 0x28, 0x24, 0x90,
    0x24, 0x3, 0xf0, 0xbc, 0x5d, 0x2, 0xb0, 0x36,
    0xbe, 0x10, 0x6, 0x10, 0x4, 0x3a, 0x41, 0x58,
    0x4, 0x40, 0x58, 0x40, 0x1d, 0xe0, 0xb, 0x3f,
    0x10, 0xc, 0x7a, 0x3e, 0x20, 0x3, 0x1, 0xa,
    0x4b, 0x16, 0x8b, 0x30, 0x1, 0xd9, 0x68, 0x0,
    0x40, 0xe9, 0x42, 0xb2, 0x5d, 0xc0, 0x19, 0x24,
    0xe0, 0x1c, 0x0, 0x40, 0x8f, 0x5b, 0xf8, 0x60,
    0x19, 0x99, 0x40, 0x20, 0x31, 0xf7, 0xa, 0x40,
    0x1f, 0xa4, 0x80, 0xc1, 0x80, 0x3e, 0x33, 0x0,
    0x7e, 0xe0, 0x30, 0x14, 0x7a, 0xdf, 0xca, 0x0,
    0xfc, 0x40, 0x3b, 0xd7, 0x8, 0xcf, 0x50, 0x1,
    0xf9, 0x8, 0x11, 0xeb, 0x7a, 0xe1, 0x44, 0x3,
    0x4c, 0x42, 0x85, 0x42, 0x61, 0x48, 0x3, 0xf9,
    0x5d, 0xca, 0xa8, 0x0, 0xff, 0xe1, 0x67, 0xfd,
    0x40, 0x0,

    /* U+7FF0 "翰" */
    0x0, 0xc8, 0xe0, 0x1f, 0xce, 0x60, 0x1f, 0xd9,
    0x2, 0x1, 0xf4, 0xc4, 0x0, 0x3c, 0x45, 0x80,
    0x8a, 0x10, 0x9, 0x58, 0x14, 0x40, 0x31, 0x6e,
    0xca, 0x19, 0xba, 0x80, 0x2, 0xd1, 0x60, 0x61,
    0x0, 0x45, 0x55, 0x10, 0x4d, 0x54, 0x13, 0x47,
    0x87, 0x87, 0xaa, 0x1, 0x2a, 0xe0, 0x75, 0x53,
    0xeb, 0x26, 0x8, 0x17, 0x95, 0x59, 0x1, 0xe6,
    0x1c, 0x33, 0x2e, 0x29, 0xb0, 0xc, 0x3a, 0xc8,
    0x60, 0xe6, 0xae, 0xe5, 0x73, 0xb2, 0xbd, 0xfc,
    0x2d, 0xd9, 0x9c, 0x40, 0x2b, 0x88, 0xb0, 0x1,
    0x15, 0x40, 0x13, 0xaa, 0x83, 0xc0, 0x36, 0xff,
    0xd0, 0x0, 0x57, 0x72, 0x88, 0x99, 0xdc, 0x1,
    0xe9, 0xaa, 0x98, 0x1, 0x54, 0x0, 0x87, 0x94,
    0x3, 0xe4, 0x55, 0xb8, 0x1, 0x2a, 0x80, 0x1,
    0x7b, 0x0, 0xfa, 0x2f, 0x66, 0xc0, 0x6, 0xd0,
    0x1, 0x40, 0xa8, 0x6, 0x74, 0x14, 0x25, 0x74,
    0x10, 0x8d, 0x0, 0xda, 0xa0, 0x18, 0xee, 0xce,
    0x1b, 0x76, 0x0, 0xa, 0xa8, 0x40, 0x7, 0x40,
    0x11, 0xc4, 0x4e, 0x17, 0x10, 0x61, 0xab, 0x1,
    0x4, 0xf7, 0x0, 0x99, 0xde, 0x0, 0x2b, 0xba,
    0x79, 0x31, 0x41, 0xed, 0x34, 0x2, 0x5f, 0xf9,
    0xc3, 0xbf, 0xce, 0xbc, 0x60, 0x5, 0x9a, 0x0,
    0xff, 0xe0, 0xc5, 0x0, 0x62, 0x60, 0xf, 0xfe,
    0x22, 0x33, 0xb8, 0x0, 0xee, 0x1, 0x0, 0xff,
    0xe0, 0x1c, 0x9f, 0x0, 0x2e, 0xd, 0x0,

    /* U+82F9 "苹" */
    0x0, 0xe4, 0x60, 0xf, 0x32, 0x0, 0x7f, 0xdf,
    0x0, 0x1e, 0x8f, 0x0, 0xf2, 0x44, 0x64, 0x18,
    0x8f, 0xa, 0x44, 0x66, 0xc, 0x77, 0xc0, 0x7,
    0x7f, 0x0, 0x1d, 0xf6, 0x4, 0x7f, 0xe4, 0x1f,
    0xff, 0xa, 0x7f, 0xea, 0x0, 0xf1, 0x10, 0x3,
    0xc4, 0x40, 0xf, 0x8e, 0x22, 0x14, 0x88, 0xf2,
    0xc, 0x44, 0xc0, 0x12, 0xbb, 0xff, 0xf1, 0x28,
    0x2, 0x6f, 0xbd, 0xff, 0xc6, 0x3f, 0xfb, 0x6f,
    0xf0, 0x3, 0xd, 0x78, 0x7, 0xfa, 0x6c, 0xc0,
    0x38, 0x6c, 0xa0, 0x3, 0xf2, 0x21, 0xcc, 0x3,
    0xca, 0x8e, 0x40, 0x1f, 0x51, 0x40, 0x7, 0xe8,
    0x5, 0x0, 0xf4, 0xf, 0x80, 0x72, 0xc4, 0x56,
    0xbf, 0x10, 0x31, 0x88, 0x3, 0x54, 0x46, 0xe,
    0x77, 0xca, 0xef, 0x0, 0x1d, 0xe6, 0x77, 0xe0,
    0xbf, 0xff, 0xc6, 0x1f, 0xff, 0xc0, 0x1f, 0xf0,
    0x80, 0x7f, 0xff, 0xc0, 0x3f, 0xf8, 0xe0,

    /* U+88AB "被" */
    0x0, 0xc4, 0x1, 0xfc, 0xe8, 0x1, 0xfd, 0x5e,
    0x1, 0xfd, 0x1a, 0x1, 0xfd, 0x4, 0xe0, 0x1f,
    0xfc, 0x72, 0x5b, 0x0, 0x89, 0x4c, 0xe0, 0x43,
    0x39, 0x44, 0x6, 0x66, 0x5, 0xe4, 0x8, 0xac,
    0xc8, 0xb, 0x32, 0xac, 0x2, 0x66, 0x95, 0x87,
    0x80, 0x2a, 0xa8, 0x6, 0xa9, 0x20, 0xa0, 0x7f,
    0xfa, 0xc2, 0x40, 0x4, 0xab, 0x3, 0xaa, 0x8c,
    0x2c, 0x3, 0xd0, 0x66, 0x0, 0xff, 0x78, 0x98,
    0x7, 0x31, 0xc0, 0x80, 0x7f, 0xa2, 0x80, 0x38,
    0xa4, 0x13, 0x64, 0xb, 0x76, 0x6, 0xdd, 0xbc,
    0x3, 0xb8, 0x1, 0x63, 0x2, 0x4, 0x47, 0x55,
    0x3b, 0x80, 0x3d, 0x6, 0x0, 0x4c, 0x10, 0x35,
    0x2a, 0xad, 0x21, 0xa0, 0x13, 0xb9, 0x41, 0x41,
    0xc1, 0xdd, 0xc4, 0x80, 0x14, 0x83, 0x80, 0xe,
    0x12, 0xc3, 0x5e, 0x44, 0x88, 0x87, 0x20, 0x2,
    0x57, 0x10, 0x1, 0xb5, 0x80, 0x50, 0xc0, 0x3c,
    0x10, 0x4e, 0x1c, 0x12, 0x1, 0xa4, 0x3, 0xa5,
    0x40, 0xc1, 0x16, 0x34, 0xe8, 0x40, 0x3f, 0xec,
    0x4, 0x0, 0x58, 0x10, 0xa8, 0x7, 0xff, 0x1,
    0x90, 0x2, 0x80, 0x0, 0xb0, 0x7, 0xfc, 0xe3,
    0xe0, 0x9a, 0xcc, 0xd2, 0x9c, 0x30, 0xf, 0xc3,
    0x6, 0xfb, 0x67, 0x52, 0x5a, 0xc7, 0x98, 0x10,
    0xf, 0xc, 0xf1, 0x8c, 0x72, 0x80, 0x53, 0x8b,
    0x62,

    /* U+89C1 "见" */
    0x0, 0xff, 0xe5, 0xf, 0xff, 0xff, 0x8, 0x3,
    0xe2, 0x55, 0xff, 0x8, 0x7, 0xe7, 0xaa, 0xff,
    0x28, 0x7, 0xff, 0x5, 0x4c, 0x3, 0xff, 0x8a,
    0x35, 0x20, 0x1f, 0xfc, 0x53, 0x3, 0x0, 0xff,
    0xe3, 0x88, 0x7, 0xff, 0x14, 0x43, 0xc0, 0x3f,
    0xf8, 0xac, 0x2, 0x1, 0xff, 0xc5, 0x30, 0x20,
    0xf, 0xfe, 0x2f, 0x80, 0xa8, 0x7, 0xff, 0x11,
    0x7, 0xe8, 0x3, 0xfc, 0x2d, 0xe0, 0x2, 0x22,
    0x0, 0x76, 0xb0, 0x7, 0xa5, 0x40, 0x10, 0x1c,
    0x1, 0xcd, 0x20, 0x20, 0x1f, 0x2a, 0x8d, 0x0,
    0x3f, 0x54, 0x80, 0x72, 0xd0, 0xf0, 0x7, 0xf3,
    0x90, 0x4, 0x35, 0x40, 0xd2, 0x3, 0x0, 0xf8,
    0x88, 0x2b, 0x5c, 0xa7, 0xc6, 0x0, 0x10, 0xa8,
    0x8d, 0x63, 0x97, 0x4a, 0x97, 0x82, 0x1, 0x49,
    0xab, 0xbe, 0x45, 0x55, 0xcf, 0x5a, 0x0, 0x70,
    0xe7, 0xff, 0xa8, 0x0,

    /* U+89E3 "解" */
    0x0, 0xcc, 0x40, 0x1f, 0xfc, 0x62, 0x94, 0x0,
    0xe5, 0x5f, 0xd0, 0x40, 0x12, 0x80, 0xab, 0x30,
    0x1, 0x55, 0xf9, 0xd4, 0x2, 0xa0, 0x8a, 0x99,
    0x28, 0x6e, 0x58, 0x36, 0x64, 0x1, 0x90, 0xaf,
    0xfc, 0x82, 0xa0, 0x46, 0x21, 0x66, 0x61, 0x1,
    0x0, 0x49, 0x20, 0x12, 0x40, 0x6, 0x92, 0x20,
    0x0, 0x40, 0x82, 0x8, 0x9d, 0xfa, 0x11, 0xea,
    0xe, 0x70, 0x1, 0x20, 0x30, 0xb8, 0x2, 0xd8,
    0x2a, 0xc0, 0xa6, 0x19, 0x4f, 0xfa, 0xc, 0x87,
    0x54, 0x96, 0x81, 0x54, 0x2, 0x51, 0x20, 0x4f,
    0x15, 0x80, 0x2, 0x30, 0xf, 0xd6, 0x1c, 0xc,
    0xee, 0x50, 0xe, 0x2f, 0xc0, 0xff, 0x0, 0x56,
    0x43, 0xc0, 0x62, 0x20, 0xe, 0xa7, 0xa, 0xa0,
    0x4, 0x66, 0xe6, 0xd, 0xee, 0x48, 0x0, 0xcc,
    0xb6, 0xa, 0xa0, 0x3, 0x84, 0x49, 0x4, 0x4c,
    0xa8, 0x3, 0xfc, 0x32, 0xee, 0x6a, 0x6, 0x68,
    0xc0, 0x2, 0x79, 0x80, 0xcc, 0x0, 0xec, 0x0,
    0x7f, 0x9c, 0x10, 0xc1, 0x10, 0x0, 0xdf, 0xfa,
    0x3, 0xbf, 0xdc, 0x0, 0x28, 0x87, 0x84, 0x40,
    0x1, 0x2e, 0xf0, 0x1, 0x9d, 0xd2, 0x4, 0x26,
    0x1, 0xf3, 0xc4, 0x60, 0x88, 0x9c, 0x14, 0x14,
    0x3, 0xff, 0x8d, 0x48, 0x20, 0x2c, 0xac, 0x6,
    0x1, 0xfe, 0x16, 0xf0, 0x1, 0x4e, 0x49, 0xa0,
    0x7, 0xf8, 0x6d, 0x0, 0x34, 0xfe, 0x8, 0x6,
    0x7f, 0x10, 0x8,

    /* U+8BA1 "计" */
    0x0, 0xff, 0xe0, 0xa1, 0x80, 0x7e, 0x3b, 0x10,
    0xf, 0xd7, 0x0, 0x1f, 0x99, 0x30, 0x80, 0x3f,
    0xf8, 0xab, 0x65, 0x84, 0x1, 0xff, 0xc5, 0x4b,
    0x1b, 0x0, 0xff, 0xe3, 0x25, 0xc8, 0x7, 0xff,
    0x1d, 0x0, 0x3f, 0xf8, 0x6a, 0xee, 0x8c, 0x20,
    0xf, 0x8, 0x38, 0x7, 0xa6, 0x20, 0xe6, 0x81,
    0x3f, 0xfb, 0x80, 0xff, 0xf9, 0x7b, 0x31, 0x0,
    0x17, 0xaa, 0xf0, 0x1, 0x57, 0x98, 0x8c, 0xe0,
    0x9, 0xaa, 0xb8, 0x12, 0xab, 0x8c, 0x3, 0xff,
    0xfe, 0x1, 0xff, 0xc4, 0x62, 0x0, 0xff, 0xe2,
    0xf5, 0xca, 0x80, 0x7f, 0xf0, 0xc4, 0x1d, 0x21,
    0xc0, 0x3f, 0xf8, 0x74, 0x0, 0xc7, 0x0, 0xff,
    0xe1, 0x88, 0x3, 0xcc, 0x3, 0xff, 0x88, 0x35,
    0xe0, 0x1f, 0xfc, 0x40,

    /* U+8BB2 "讲" */
    0x0, 0xff, 0x90, 0x80, 0x23, 0x50, 0xf, 0x1e,
    0x8, 0x7, 0xd, 0xd8, 0x2, 0x9a, 0x0, 0xf8,
    0xfc, 0x80, 0x3f, 0xf8, 0xc7, 0x83, 0x82, 0x1,
    0xff, 0xc6, 0x3b, 0x19, 0x0, 0x8c, 0x3, 0x84,
    0x4, 0x3, 0xe4, 0xb8, 0x1f, 0xf6, 0x83, 0x7f,
    0xc8, 0x1d, 0xf6, 0x1, 0xe4, 0x1, 0x66, 0x28,
    0x1, 0x9a, 0x0, 0x33, 0x34, 0x1, 0x33, 0x7b,
    0x0, 0x26, 0x56, 0xd, 0x33, 0x28, 0x4c, 0x98,
    0x5, 0x9a, 0xc, 0x0, 0xff, 0xe2, 0xf, 0xfc,
    0x6, 0x1, 0xff, 0xd0, 0x10, 0xf, 0xfe, 0x22,
    0xcc, 0xa8, 0x1e, 0x66, 0x50, 0x99, 0x80, 0x3f,
    0x6b, 0x31, 0x0, 0xc, 0xd0, 0x1, 0x9a, 0x10,
    0xf, 0xa3, 0xfd, 0x61, 0x1f, 0xf2, 0x7, 0x7f,
    0x84, 0x3, 0xfc, 0x40, 0x60, 0x10, 0x80, 0x80,
    0x7f, 0xd, 0x0, 0x3c, 0x14, 0x3, 0xff, 0x84,
    0x9e, 0xa4, 0xe, 0x22, 0x0, 0xff, 0xe0, 0x10,
    0x10, 0x61, 0x28, 0xb8, 0x7, 0xff, 0x7, 0x40,
    0x1e, 0x63, 0x61, 0x60, 0x1f, 0xfc, 0x3f, 0x10,
    0xd1, 0x82, 0x0, 0xff, 0xe0, 0xef, 0x80, 0x4a,
    0xce, 0x1, 0xff, 0xc2, 0x20, 0xd, 0x32, 0x0,
    0xf5, 0x78, 0x6,

    /* U+8BBE "设" */
    0x0, 0xad, 0x40, 0x38, 0xfe, 0xe6, 0x6f, 0x70,
    0xf, 0xd4, 0xc0, 0x19, 0x41, 0x19, 0xa0, 0xa0,
    0xf, 0xad, 0x25, 0x80, 0x3b, 0x7f, 0xe4, 0x0,
    0xfe, 0xb3, 0xb0, 0x8, 0x40, 0x3f, 0xf8, 0x9b,
    0x80, 0x16, 0x81, 0x0, 0x7f, 0xf0, 0x84, 0x40,
    0x2, 0x54, 0x0, 0xff, 0xa6, 0x6f, 0x60, 0x1,
    0x78, 0x40, 0x6, 0x22, 0x66, 0x28, 0x0, 0xcd,
    0x6, 0x2, 0x69, 0x49, 0x80, 0x68, 0x66, 0x8c,
    0x1, 0xff, 0x0, 0x48, 0xd6, 0xc0, 0x1c, 0x33,
    0x54, 0x90, 0xf, 0xec, 0xd9, 0x9f, 0xdc, 0x80,
    0x1f, 0xed, 0x66, 0xfe, 0x1c, 0x0, 0xff, 0x43,
    0x86, 0xff, 0xf3, 0x5, 0x0, 0x7f, 0xd2, 0x12,
    0x1, 0x8d, 0x94, 0x80, 0x3f, 0xe1, 0x94, 0x70,
    0x0, 0xf0, 0x58, 0x7, 0xf9, 0x8, 0x19, 0x61,
    0x47, 0x4a, 0xc4, 0x3, 0xfa, 0x2d, 0x40, 0x14,
    0x75, 0xc7, 0x28, 0x1, 0xfc, 0xae, 0xce, 0x1,
    0x20, 0x4, 0x80, 0x1f, 0xac, 0x1, 0x52, 0x2,
    0xfc, 0xe6, 0xa1, 0xb6, 0x80, 0x1e, 0x40, 0xd5,
    0x3c, 0xe8, 0x2a, 0xca, 0xd5, 0x4b, 0xea, 0x0,
    0xdb, 0xe4, 0x6, 0xd, 0x98, 0x50, 0x1, 0x57,
    0x41, 0x68, 0x0,

    /* U+8D2D "购" */
    0x0, 0xff, 0xe0, 0x1a, 0x0, 0x7f, 0x19, 0xfc,
    0x1, 0x4d, 0x88, 0x7, 0xc7, 0x99, 0xf0, 0x4,
    0xa8, 0x20, 0x1f, 0xd3, 0x55, 0x38, 0x4, 0xa1,
    0xc0, 0x1f, 0xe7, 0x55, 0xb4, 0x2, 0x90, 0xaf,
    0xff, 0x58, 0x6, 0x3e, 0x10, 0x9, 0xc, 0x1d,
    0xfc, 0x1, 0xe7, 0x10, 0xd, 0x21, 0xd1, 0x1e,
    0x11, 0x0, 0x7f, 0x41, 0x40, 0xd1, 0x80, 0x61,
    0x0, 0xff, 0x5a, 0xba, 0x2b, 0x0, 0x71, 0x80,
    0x7f, 0x1d, 0x6, 0x2, 0x80, 0x7f, 0xf1, 0x91,
    0x1, 0x26, 0x1, 0x8, 0x7, 0x84, 0x3, 0x11,
    0xf0, 0x14, 0x80, 0x80, 0x78, 0x40, 0x3c, 0xa0,
    0xa1, 0xca, 0x26, 0x1e, 0x1, 0x8c, 0x40, 0x3a,
    0x5c, 0x97, 0x41, 0xc4, 0x4, 0x3, 0x79, 0x0,
    0x69, 0x17, 0xda, 0x50, 0xa7, 0x3, 0x3, 0xd1,
    0x44, 0xa, 0xf0, 0x18, 0x3d, 0xf6, 0xc0, 0x8,
    0x8, 0x0, 0x8c, 0xb3, 0xe0, 0x42, 0xbe, 0x10,
    0x41, 0xf0, 0x81, 0x80, 0x28, 0x34, 0x97, 0x50,
    0xf, 0xee, 0x3, 0x0, 0x3a, 0x78, 0x3a, 0x51,
    0x0, 0x7e, 0x41, 0x10, 0x44, 0x24, 0xc0, 0x14,
    0x32, 0x1, 0x96, 0x65, 0x64, 0xe0, 0x1, 0xa6,
    0x0, 0x86, 0xa8, 0x1, 0x99, 0xa4, 0x44, 0x0,
    0x25, 0x40, 0x39, 0x4, 0x3, 0x1f, 0xfd, 0x62,
    0x0,

    /* U+8FD4 "返" */
    0x0, 0xff, 0xe6, 0x2a, 0x0, 0x7c, 0x24, 0x8a,
    0xf5, 0x9f, 0x60, 0x10, 0xc5, 0x98, 0x5, 0xff,
    0x76, 0xdd, 0x42, 0x2, 0xe8, 0x80, 0x7, 0x7,
    0x48, 0x0, 0x61, 0x13, 0x57, 0xbf, 0xd9, 0x4c,
    0x20, 0x10, 0xe8, 0xf8, 0x1, 0x81, 0xd9, 0x50,
    0x80, 0x3f, 0xc7, 0x7e, 0x1, 0xff, 0xc8, 0x42,
    0x0, 0xdf, 0xff, 0xd2, 0x1, 0xff, 0xc0, 0x88,
    0xf9, 0x3, 0xc0, 0x27, 0x88, 0x90, 0x0, 0x20,
    0xef, 0xf0, 0x83, 0x80, 0x52, 0xef, 0x68, 0x1,
    0xc8, 0x72, 0x40, 0x22, 0x56, 0x10, 0xb, 0xb9,
    0xa0, 0x18, 0x98, 0x51, 0xb0, 0x43, 0x86, 0x0,
    0x38, 0x4c, 0x3, 0x9, 0x4, 0x51, 0xfe, 0x9d,
    0x88, 0x7, 0xf9, 0x3, 0x0, 0xb, 0x82, 0x42,
    0xa0, 0x1f, 0xf6, 0x82, 0x0, 0x6, 0x40, 0x2,
    0xe0, 0x1f, 0xe1, 0x64, 0x10, 0x5f, 0x57, 0xe3,
    0x89, 0x0, 0xfe, 0x80, 0x85, 0xca, 0xb, 0x81,
    0xc4, 0x6a, 0x0, 0xe7, 0x6, 0x89, 0x36, 0x28,
    0xe4, 0x0, 0xad, 0x30, 0x3, 0x54, 0x90, 0x52,
    0x81, 0xf3, 0x80, 0x7a, 0xd8, 0x2, 0xc5, 0x7d,
    0xc6, 0xcd, 0x97, 0x66, 0xe7, 0x89, 0xac, 0x10,
    0x75, 0x80, 0x3d, 0xa7, 0x74, 0x4c, 0xf4, 0x3b,
    0x28, 0x8, 0x55, 0x0, 0x32, 0xd7, 0x7f, 0x6e,
    0xdd, 0xcf, 0xfb, 0x0,

    /* U+900A "逊" */
    0x0, 0xff, 0xe6, 0x18, 0x4, 0x6e, 0xfa, 0x90,
    0x0, 0x3e, 0xe0, 0x1c, 0x79, 0x40, 0xb, 0x88,
    0xcb, 0x20, 0x1f, 0xe3, 0x95, 0xa0, 0x8f, 0xf9,
    0x83, 0xc0, 0x3f, 0xe6, 0x75, 0x80, 0x9, 0x99,
    0x44, 0x22, 0x0, 0x84, 0x40, 0x1d, 0xb, 0xc0,
    0x1, 0x93, 0x50, 0x6e, 0x0, 0xbd, 0x80, 0x3d,
    0x4c, 0x1, 0xa8, 0x1, 0xc4, 0x1, 0x25, 0x80,
    0x7f, 0xf0, 0x44, 0x15, 0xc0, 0x2f, 0x31, 0x0,
    0x44, 0xcc, 0x80, 0x3, 0x9, 0xe5, 0x3d, 0x0,
    0x90, 0x14, 0x0, 0xac, 0xd1, 0xb5, 0xe8, 0x2,
    0x98, 0xc, 0x2, 0x11, 0x60, 0x3, 0x7f, 0xc0,
    0xa, 0x77, 0x4, 0xaa, 0x81, 0x0, 0x32, 0x20,
    0x3, 0xec, 0xc4, 0x80, 0x5a, 0x60, 0x1d, 0xa6,
    0x1, 0xff, 0xc0, 0x14, 0xb0, 0xe, 0x30, 0x20,
    0xf, 0xf9, 0x41, 0x80, 0x39, 0x98, 0x60, 0x1f,
    0xf2, 0x78, 0x80, 0x71, 0x48, 0x80, 0x7f, 0xf3,
    0xfc, 0x66, 0xc0, 0xc0, 0xa, 0xd2, 0x2, 0x1,
    0xf4, 0x3, 0x91, 0x5, 0xd4, 0x1, 0xb0, 0xaa,
    0x70, 0xf, 0x5b, 0xaa, 0x61, 0xdc, 0x0, 0x51,
    0xdb, 0x42, 0x1, 0xd4, 0x93, 0x57, 0x2f, 0xd5,
    0xc, 0xc5, 0x66, 0x9e, 0x26, 0xc4, 0x19, 0xd8,
    0x0, 0xdd, 0x2c, 0xf3, 0x2a, 0x99, 0xa1, 0xd9,
    0x82, 0x1b, 0x0, 0x18, 0x5f, 0x3f, 0xdd, 0xdb,
    0xff, 0x68, 0x0,

    /* U+9020 "造" */
    0x0, 0xff, 0xe0, 0x19, 0x0, 0x7e, 0x20, 0xf,
    0x46, 0x0, 0x32, 0x40, 0x3e, 0x2d, 0xb0, 0xe,
    0x67, 0x0, 0xff, 0x8a, 0x53, 0x0, 0x25, 0x16,
    0x77, 0x2, 0x3b, 0xf0, 0x4, 0xd2, 0x74, 0x0,
    0x80, 0x28, 0x80, 0x2, 0x23, 0x50, 0x6, 0x66,
    0x18, 0x41, 0x5f, 0xfc, 0x9, 0xff, 0xb4, 0x3,
    0xa6, 0x42, 0xaa, 0x40, 0xf, 0xfe, 0x37, 0x70,
    0xcf, 0x2, 0x99, 0xf8, 0x3, 0xcb, 0x97, 0x99,
    0x80, 0x73, 0x3b, 0x43, 0x37, 0x66, 0x4c, 0xcf,
    0xfe, 0x10, 0x22, 0xa8, 0xb8, 0xc, 0x80, 0x3f,
    0xc6, 0x41, 0x10, 0x90, 0xd, 0x39, 0x9f, 0xe1,
    0x0, 0xff, 0xb3, 0x3e, 0x50, 0xf, 0xfe, 0x9,
    0x9f, 0xe0, 0xf, 0xfe, 0xb2, 0xa2, 0x78, 0x80,
    0x3f, 0xf8, 0x35, 0x77, 0xe4, 0x0, 0xf3, 0x83,
    0x90, 0x4e, 0xef, 0xf8, 0x40, 0x29, 0x92, 0xa6,
    0x28, 0x91, 0x7f, 0x80, 0x3, 0x2c, 0xf5, 0x73,
    0x5d, 0x50, 0xcd, 0xcf, 0x15, 0x9e, 0x62, 0x90,
    0x0, 0x7d, 0x74, 0x79, 0x9e, 0x87, 0x53, 0x22,
    0x45, 0x0, 0x62, 0x9e, 0xfe, 0xee, 0xff, 0xda,
    0x0,

    /* U+91CD "重" */
    0x0, 0xff, 0xe1, 0x91, 0x80, 0x71, 0xa2, 0x15,
    0x9e, 0x26, 0xaf, 0x7b, 0xf7, 0x10, 0x3, 0x6d,
    0xda, 0xa6, 0x4a, 0xca, 0x29, 0x35, 0x9c, 0x80,
    0x1b, 0xfb, 0xfe, 0xed, 0x4, 0xa9, 0x75, 0x31,
    0x0, 0x95, 0x9d, 0xcc, 0xdc, 0x8, 0xcd, 0xf9,
    0x3a, 0x67, 0xf0, 0x2, 0x67, 0xf7, 0xdf, 0xff,
    0xe0, 0x4f, 0xff, 0xd6, 0x0, 0x8f, 0xff, 0x2,
    0x7f, 0xfa, 0x40, 0x3d, 0x79, 0x98, 0x1, 0x99,
    0xac, 0xc, 0x3, 0xca, 0x67, 0x80, 0xcf, 0x94,
    0x3, 0xf7, 0x7f, 0xe0, 0x3f, 0xfd, 0xc0, 0x1f,
    0xb7, 0xbb, 0x1, 0xf7, 0x70, 0x7, 0xe6, 0x55,
    0xc0, 0x6a, 0xbc, 0x1, 0xfa, 0xef, 0x80, 0x17,
    0x7c, 0x6, 0x1, 0xa3, 0xff, 0xc0, 0x9f, 0xfe,
    0x90, 0x8, 0x55, 0x7e, 0x4, 0x55, 0xf8, 0x80,
    0x5, 0x55, 0xf0, 0x2, 0xab, 0xe4, 0x0, 0x1f,
    0xff, 0xc0, 0x9f, 0xff, 0x30, 0x8, 0xff, 0x3,
    0x88, 0xff, 0x7f, 0x77, 0xe0, 0x3e, 0xef, 0xd9,
    0xb7, 0x7f, 0xfc, 0x6e,

    /* U+961F "队" */
    0x0, 0xff, 0x8d, 0x84, 0x3, 0xd1, 0x1d, 0x8a,
    0x1, 0xae, 0x48, 0x3, 0xcc, 0xef, 0x8e, 0x84,
    0x3, 0x84, 0x3, 0xe5, 0xff, 0x81, 0x4, 0x3,
    0xff, 0x88, 0xc1, 0xe0, 0x1f, 0xfc, 0x5a, 0x24,
    0x0, 0xc2, 0x6, 0x1, 0xfc, 0x47, 0x40, 0x1c,
    0x60, 0x1f, 0xf5, 0x3, 0x0, 0x72, 0x80, 0x7f,
    0xd8, 0x12, 0x1, 0xf1, 0x0, 0x7f, 0x24, 0x39,
    0x80, 0x79, 0x40, 0x3f, 0xce, 0x32, 0x1, 0xec,
    0x0, 0xff, 0x91, 0x0, 0x11, 0x80, 0x10, 0x3,
    0xfe, 0x31, 0x0, 0x90, 0x14, 0x4c, 0x3, 0xfc,
    0x82, 0x1, 0x58, 0x58, 0x50, 0x7, 0xee, 0xf2,
    0x70, 0x1, 0x1a, 0x8a, 0x30, 0x7, 0xe8, 0x7a,
    0x90, 0x4, 0x7, 0x7, 0x83, 0x80, 0x7c, 0xd0,
    0xa0, 0x3, 0x53, 0x40, 0x43, 0x81, 0x0, 0xff,
    0xe, 0x87, 0x80, 0x5e, 0x1a, 0x1, 0xfc, 0x38,
    0x30, 0x60, 0x11, 0xb9, 0xd0, 0x7, 0xc7, 0xe4,
    0xce, 0x1, 0xd0, 0x8b, 0x82, 0x1, 0xc4, 0x49,
    0x90, 0x7, 0xd6, 0xc8, 0x3d, 0x40, 0x10, 0xe3,
    0x0, 0x7f, 0x4c, 0x0,

    /* U+96C7 "雇" */
    0x0, 0xfe, 0x17, 0x20, 0xf, 0xfe, 0x31, 0xc7,
    0x0, 0x7f, 0xf0, 0x16, 0xdd, 0xf2, 0x81, 0xe3,
    0xbf, 0x8c, 0x3, 0x4a, 0x44, 0x70, 0x0, 0xe2,
    0x3d, 0x60, 0x1c, 0x5f, 0xff, 0xfc, 0xe, 0x0,
    0xff, 0xe8, 0x17, 0xff, 0xff, 0x3, 0x80, 0x3f,
    0x44, 0x4b, 0x11, 0x9a, 0x23, 0xb0, 0x3, 0x89,
    0xdc, 0x6a, 0x4e, 0xed, 0x76, 0x77, 0xc8, 0x1,
    0xc2, 0x0, 0x90, 0x63, 0x36, 0xd, 0x19, 0xf0,
    0x6, 0x10, 0x4, 0x10, 0x66, 0x52, 0x9, 0x99,
    0xc4, 0x1, 0x1b, 0xab, 0x87, 0xff, 0xa, 0xff,
    0xf1, 0x0, 0x42, 0x94, 0x0, 0x22, 0xe1, 0x62,
    0x2c, 0x20, 0x10, 0x80, 0xd, 0x43, 0x77, 0x80,
    0xf7, 0x74, 0x80, 0x4a, 0x13, 0xa6, 0x1f, 0xfc,
    0x2b, 0xff, 0xa0, 0x2, 0x30, 0x41, 0x0, 0x19,
    0xf0, 0xa1, 0x9e, 0x20, 0xa, 0xc0, 0x80, 0x2d,
    0xde, 0x1, 0xdd, 0xca, 0x0, 0x13, 0x50, 0xd,
    0xdd, 0xc2, 0xbd, 0xd9, 0xc0, 0x12, 0x1c, 0x1,
    0xaa, 0xb8, 0x56, 0xab, 0x94, 0x5c, 0x90, 0x3,
    0x19, 0xf3, 0x30, 0xcf, 0x80, 0x6e, 0x40, 0x3a,
    0x67, 0xff, 0x80, 0xa0,

    /* U+9879 "项" */
    0x0, 0xfc, 0x91, 0x1f, 0xfc, 0x0, 0xf, 0xed,
    0x77, 0xff, 0xe0, 0x8, 0x67, 0x73, 0xfd, 0xdc,
    0x8f, 0xfc, 0xa1, 0x9f, 0xfc, 0x20, 0xe6, 0x1,
    0x19, 0x80, 0x39, 0x8, 0xc0, 0x3e, 0xbd, 0xf0,
    0x6d, 0xd0, 0xb4, 0x43, 0x44, 0xa2, 0x32, 0x80,
    0x7f, 0xd4, 0xee, 0x20, 0x3, 0xbe, 0xf0, 0xf,
    0xfe, 0x1, 0xff, 0xfc, 0x1, 0xff, 0xc5, 0x4d,
    0x30, 0xf, 0xfe, 0x39, 0x11, 0xc0, 0x3f, 0xff,
    0xe0, 0x4, 0x8d, 0x40, 0xc, 0x20, 0xe0, 0x1f,
    0xa, 0xd0, 0x13, 0xb9, 0x80, 0x37, 0x1, 0x0,
    0x78, 0x7a, 0x91, 0x13, 0xf4, 0x4c, 0xc0, 0x2,
    0x10, 0x80, 0xf, 0x40, 0x2, 0xb3, 0xd6, 0xc0,
    0x15, 0x50, 0x1c, 0xac, 0xe4, 0x71, 0xc0, 0x2a,
    0x61, 0x0, 0xf9, 0xa1, 0x19, 0xaf, 0x50, 0xf,
    0xfe, 0x1, 0xdc, 0xa5, 0x82, 0xe9, 0x54, 0x80,
    0x7f, 0x36, 0xe2, 0xcd, 0x80, 0x45, 0x8c, 0xcc,
    0x0, 0xfc, 0x8d, 0x3c, 0xc0, 0x1e, 0x99, 0x58,
    0x0,

    /* U+9A6C "马" */
    0x0, 0xff, 0xe1, 0x8, 0x80, 0x38, 0x7f, 0xff,
    0xf8, 0x1d, 0xc3, 0x0, 0xc2, 0xcd, 0xff, 0xc0,
    0x0, 0x10, 0x7, 0x4c, 0xff, 0xf0, 0xc, 0x4,
    0x3, 0xc7, 0x88, 0x1, 0xf8, 0x84, 0x3, 0xe7,
    0x31, 0x0, 0xfc, 0x24, 0x1, 0xf1, 0x3, 0x0,
    0x7c, 0x40, 0xc0, 0x1f, 0x8, 0x8, 0x7, 0xcc,
    0x4, 0x1, 0xf7, 0x1, 0x0, 0x7c, 0x41, 0xc0,
    0x1f, 0x38, 0x4c, 0xff, 0x5, 0xcf, 0x48, 0x6,
    0x10, 0x66, 0xfc, 0x0, 0x26, 0x16, 0x0, 0xdf,
    0xff, 0xfc, 0x22, 0x20, 0x7, 0xff, 0x18, 0xc4,
    0x1e, 0x23, 0xff, 0x82, 0x60, 0x1, 0x60, 0x97,
    0x7f, 0xfe, 0xa, 0x1, 0x1, 0x7, 0x7f, 0xff,
    0xf0, 0x5c, 0x1c, 0x34, 0x3, 0xff, 0x8b, 0xa0,
    0xe0, 0x1f, 0xfc, 0x55, 0x12, 0x0, 0xff, 0xe0,
    0x2c, 0xc4, 0x28, 0x9c, 0x3, 0xff, 0x82, 0xcc,
    0x77, 0x2a, 0x40, 0x7, 0xff, 0x4, 0xff, 0xf5,
    0x88, 0x0,

    /* U+FF0C "，" */
    0x0, 0x8, 0x5, 0xbd, 0x60, 0x64, 0x8, 0x46,
    0x80, 0x6, 0xb, 0xa0, 0x60, 0x4, 0x91, 0x6,
    0xcf, 0x83, 0x1b, 0xc, 0x3f, 0x4c, 0x0
};


/*---------------------
 *  GLYPH DESCRIPTION
 *--------------------*/

static const lv_font_fmt_txt_glyph_dsc_t glyph_dsc[] = {
    {.bitmap_index = 0, .adv_w = 0, .box_w = 0, .box_h = 0, .ofs_x = 0, .ofs_y = 0} /* id = 0 reserved */,
    {.bitmap_index = 0, .adv_w = 79, .box_w = 0, .box_h = 0, .ofs_x = 0, .ofs_y = 0},
    {.bitmap_index = 0, .adv_w = 122, .box_w = 6, .box_h = 2, .ofs_x = 1, .ofs_y = 5},
    {.bitmap_index = 5, .adv_w = 195, .box_w = 11, .box_h = 16, .ofs_x = 1, .ofs_y = 0},
    {.bitmap_index = 82, .adv_w = 195, .box_w = 10, .box_h = 16, .ofs_x = 1, .ofs_y = 0},
    {.bitmap_index = 112, .adv_w = 195, .box_w = 12, .box_h = 16, .ofs_x = 0, .ofs_y = 0},
    {.bitmap_index = 185, .adv_w = 195, .box_w = 11, .box_h = 16, .ofs_x = 0, .ofs_y = 0},
    {.bitmap_index = 259, .adv_w = 195, .box_w = 12, .box_h = 16, .ofs_x = 0, .ofs_y = 0},
    {.bitmap_index = 315, .adv_w = 195, .box_w = 12, .box_h = 16, .ofs_x = 0, .ofs_y = 0},
    {.bitmap_index = 389, .adv_w = 195, .box_w = 11, .box_h = 16, .ofs_x = 1, .ofs_y = 0},
    {.bitmap_index = 470, .adv_w = 195, .box_w = 11, .box_h = 16, .ofs_x = 1, .ofs_y = 0},
    {.bitmap_index = 527, .adv_w = 195, .box_w = 11, .box_h = 16, .ofs_x = 1, .ofs_y = 0},
    {.bitmap_index = 612, .adv_w = 195, .box_w = 12, .box_h = 16, .ofs_x = 0, .ofs_y = 0},
    {.bitmap_index = 696, .adv_w = 214, .box_w = 14, .box_h = 16, .ofs_x = 0, .ofs_y = 0},
    {.bitmap_index = 781, .adv_w = 231, .box_w = 12, .box_h = 16, .ofs_x = 2, .ofs_y = 0},
    {.bitmap_index = 856, .adv_w = 225, .box_w = 13, .box_h = 16, .ofs_x = 1, .ofs_y = 0},
    {.bitmap_index = 933, .adv_w = 242, .box_w = 12, .box_h = 16, .ofs_x = 2, .ofs_y = 0},
    {.bitmap_index = 999, .adv_w = 207, .box_w = 10, .box_h = 16, .ofs_x = 2, .ofs_y = 0},
    {.bitmap_index = 1032, .adv_w = 194, .box_w = 10, .box_h = 16, .ofs_x = 2, .ofs_y = 0},
    {.bitmap_index = 1059, .adv_w = 243, .box_w = 13, .box_h = 16, .ofs_x = 1, .ofs_y = 0},
    {.bitmap_index = 1141, .adv_w = 256, .box_w = 12, .box_h = 16, .ofs_x = 2, .ofs_y = 0},
    {.bitmap_index = 1163, .adv_w = 103, .box_w = 3, .box_h = 16, .ofs_x = 2, .ofs_y = 0},
    {.bitmap_index = 1168, .adv_w = 188, .box_w = 10, .box_h = 16, .ofs_x = 0, .ofs_y = 0},
    {.bitmap_index = 1198, .adv_w = 227, .box_w = 13, .box_h = 16, .ofs_x = 2, .ofs_y = 0},
    {.bitmap_index = 1270, .adv_w = 191, .box_w = 10, .box_h = 16, .ofs_x = 2, .ofs_y = 0},
    {.bitmap_index = 1285, .adv_w = 286, .box_w = 14, .box_h = 16, .ofs_x = 2, .ofs_y = 0},
    {.bitmap_index = 1367, .adv_w = 254, .box_w = 12, .box_h = 16, .ofs_x = 2, .ofs_y = 0},
    {.bitmap_index = 1428, .adv_w = 261, .box_w = 15, .box_h = 16, .ofs_x = 1, .ofs_y = 0},
    {.bitmap_index = 1524, .adv_w = 223, .box_w = 11, .box_h = 16, .ofs_x = 2, .ofs_y = 0},
    {.bitmap_index = 1575, .adv_w = 261, .box_w = 15, .box_h = 20, .ofs_x = 1, .ofs_y = -4},
    {.bitmap_index = 1693, .adv_w = 224, .box_w = 12, .box_h = 16, .ofs_x = 2, .ofs_y = 0},
    {.bitmap_index = 1764, .adv_w = 210, .box_w = 12, .box_h = 16, .ofs_x = 1, .ofs_y = 0},
    {.bitmap_index = 1844, .adv_w = 211, .box_w = 13, .box_h = 16, .ofs_x = 0, .ofs_y = 0},
    {.bitmap_index = 1868, .adv_w = 254, .box_w = 12, .box_h = 16, .ofs_x = 2, .ofs_y = 0},
    {.bitmap_index = 1913, .adv_w = 202, .box_w = 13, .box_h = 16, .ofs_x = 0, .ofs_y = 0},
    {.bitmap_index = 1995, .adv_w = 309, .box_w = 19, .box_h = 16, .ofs_x = 0, .ofs_y = 0},
    {.bitmap_index = 2132, .adv_w = 202, .box_w = 13, .box_h = 16, .ofs_x = 0, .ofs_y = 0},
    {.bitmap_index = 2219, .adv_w = 187, .box_w = 13, .box_h = 16, .ofs_x = -1, .ofs_y = 0},
    {.bitmap_index = 2277, .adv_w = 212, .box_w = 12, .box_h = 16, .ofs_x = 1, .ofs_y = 0},
    {.bitmap_index = 2341, .adv_w = 198, .box_w = 10, .box_h = 12, .ofs_x = 1, .ofs_y = 0},
    {.bitmap_index = 2398, .adv_w = 218, .box_w = 11, .box_h = 17, .ofs_x = 2, .ofs_y = 0},
    {.bitmap_index = 2457, .adv_w = 180, .box_w = 10, .box_h = 12, .ofs_x = 1, .ofs_y = 0},
    {.bitmap_index = 2506, .adv_w = 218, .box_w = 11, .box_h = 17, .ofs_x = 1, .ofs_y = 0},
    {.bitmap_index = 2565, .adv_w = 195, .box_w = 11, .box_h = 12, .ofs_x = 1, .ofs_y = 0},
    {.bitmap_index = 2624, .adv_w = 114, .box_w = 8, .box_h = 18, .ofs_x = 0, .ofs_y = 0},
    {.bitmap_index = 2660, .adv_w = 199, .box_w = 12, .box_h = 17, .ofs_x = 1, .ofs_y = -5},
    {.bitmap_index = 2754, .adv_w = 214, .box_w = 10, .box_h = 17, .ofs_x = 2, .ofs_y = 0},
    {.bitmap_index = 2785, .adv_w = 97, .box_w = 4, .box_h = 17, .ofs_x = 1, .ofs_y = 0},
    {.bitmap_index = 2799, .adv_w = 97, .box_w = 6, .box_h = 22, .ofs_x = -1, .ofs_y = -5},
    {.bitmap_index = 2827, .adv_w = 194, .box_w = 10, .box_h = 17, .ofs_x = 2, .ofs_y = 0},
    {.bitmap_index = 2877, .adv_w = 100, .box_w = 4, .box_h = 17, .ofs_x = 2, .ofs_y = 0},
    {.bitmap_index = 2886, .adv_w = 326, .box_w = 17, .box_h = 12, .ofs_x = 2, .ofs_y = 0},
    {.bitmap_index = 2940, .adv_w = 215, .box_w = 10, .box_h = 12, .ofs_x = 2, .ofs_y = 0},
    {.bitmap_index = 2969, .adv_w = 213, .box_w = 12, .box_h = 12, .ofs_x = 1, .ofs_y = 0},
    {.bitmap_index = 3034, .adv_w = 218, .box_w = 11, .box_h = 17, .ofs_x = 2, .ofs_y = -5},
    {.bitmap_index = 3096, .adv_w = 218, .box_w = 11, .box_h = 17, .ofs_x = 1, .ofs_y = -5},
    {.bitmap_index = 3156, .adv_w = 137, .box_w = 7, .box_h = 12, .ofs_x = 2, .ofs_y = 0},
    {.bitmap_index = 3176, .adv_w = 165, .box_w = 10, .box_h = 12, .ofs_x = 0, .ofs_y = 0},
    {.bitmap_index = 3232, .adv_w = 133, .box_w = 8, .box_h = 16, .ofs_x = 0, .ofs_y = 0},
    {.bitmap_index = 3272, .adv_w = 214, .box_w = 11, .box_h = 12, .ofs_x = 1, .ofs_y = 0},
    {.bitmap_index = 3302, .adv_w = 183, .box_w = 12, .box_h = 12, .ofs_x = 0, .ofs_y = 0},
    {.bitmap_index = 3363, .adv_w = 282, .box_w = 18, .box_h = 12, .ofs_x = 0, .ofs_y = 0},
    {.bitmap_index = 3464, .adv_w = 175, .box_w = 11, .box_h = 12, .ofs_x = 0, .ofs_y = 0},
    {.bitmap_index = 3524, .adv_w = 183, .box_w = 12, .box_h = 17, .ofs_x = 0, .ofs_y = -5},
    {.bitmap_index = 3604, .adv_w = 167, .box_w = 10, .box_h = 12, .ofs_x = 0, .ofs_y = 0},
    {.bitmap_index = 3650, .adv_w = 352, .box_w = 6, .box_h = 5, .ofs_x = 8, .ofs_y = 6},
    {.bitmap_index = 3665, .adv_w = 352, .box_w = 8, .box_h = 8, .ofs_x = 0, .ofs_y = -2},
    {.bitmap_index = 3696, .adv_w = 352, .box_w = 11, .box_h = 21, .ofs_x = 11, .ofs_y = -2},
    {.bitmap_index = 3792, .adv_w = 352, .box_w = 11, .box_h = 21, .ofs_x = 0, .ofs_y = -2},
    {.bitmap_index = 3888, .adv_w = 352, .box_w = 20, .box_h = 20, .ofs_x = 1, .ofs_y = -3},
    {.bitmap_index = 3940, .adv_w = 352, .box_w = 22, .box_h = 22, .ofs_x = 0, .ofs_y = -3},
    {.bitmap_index = 4103, .adv_w = 352, .box_w = 22, .box_h = 21, .ofs_x = 0, .ofs_y = -2},
    {.bitmap_index = 4235, .adv_w = 352, .box_w = 18, .box_h = 20, .ofs_x = 2, .ofs_y = -3},
    {.bitmap_index = 4303, .adv_w = 352, .box_w = 22, .box_h = 21, .ofs_x = 0, .ofs_y = -2},
    {.bitmap_index = 4444, .adv_w = 352, .box_w = 20, .box_h = 20, .ofs_x = 2, .ofs_y = -2},
    {.bitmap_index = 4591, .adv_w = 352, .box_w = 22, .box_h = 22, .ofs_x = 0, .ofs_y = -3},
    {.bitmap_index = 4729, .adv_w = 352, .box_w = 22, .box_h = 21, .ofs_x = 0, .ofs_y = -3},
    {.bitmap_index = 4857, .adv_w = 352, .box_w = 20, .box_h = 21, .ofs_x = 1, .ofs_y = -3},
    {.bitmap_index = 4980, .adv_w = 352, .box_w = 21, .box_h = 22, .ofs_x = 1, .ofs_y = -3},
    {.bitmap_index = 5135, .adv_w = 352, .box_w = 18, .box_h = 21, .ofs_x = 2, .ofs_y = -2},
    {.bitmap_index = 5211, .adv_w = 352, .box_w = 21, .box_h = 22, .ofs_x = 0, .ofs_y = -3},
    {.bitmap_index = 5357, .adv_w = 352, .box_w = 21, .box_h = 22, .ofs_x = 0, .ofs_y = -3},
    {.bitmap_index = 5492, .adv_w = 352, .box_w = 20, .box_h = 20, .ofs_x = 1, .ofs_y = -2},
    {.bitmap_index = 5625, .adv_w = 352, .box_w = 21, .box_h = 22, .ofs_x = 0, .ofs_y = -3},
    {.bitmap_index = 5787, .adv_w = 352, .box_w = 21, .box_h = 21, .ofs_x = 0, .ofs_y = -3},
    {.bitmap_index = 5944, .adv_w = 352, .box_w = 20, .box_h = 20, .ofs_x = 1, .ofs_y = -3},
    {.bitmap_index = 6021, .adv_w = 352, .box_w = 21, .box_h = 22, .ofs_x = 1, .ofs_y = -3},
    {.bitmap_index = 6154, .adv_w = 352, .box_w = 21, .box_h = 22, .ofs_x = 0, .ofs_y = -3},
    {.bitmap_index = 6283, .adv_w = 352, .box_w = 20, .box_h = 21, .ofs_x = 0, .ofs_y = -2},
    {.bitmap_index = 6412, .adv_w = 352, .box_w = 21, .box_h = 21, .ofs_x = 1, .ofs_y = -2},
    {.bitmap_index = 6562, .adv_w = 352, .box_w = 19, .box_h = 20, .ofs_x = 2, .ofs_y = -2},
    {.bitmap_index = 6631, .adv_w = 352, .box_w = 19, .box_h = 20, .ofs_x = 2, .ofs_y = -2},
    {.bitmap_index = 6746, .adv_w = 352, .box_w = 19, .box_h = 20, .ofs_x = 2, .ofs_y = -2},
    {.bitmap_index = 6854, .adv_w = 352, .box_w = 22, .box_h = 20, .ofs_x = 0, .ofs_y = -1},
    {.bitmap_index = 6973, .adv_w = 352, .box_w = 20, .box_h = 20, .ofs_x = 1, .ofs_y = -1},
    {.bitmap_index = 7106, .adv_w = 352, .box_w = 21, .box_h = 19, .ofs_x = 1, .ofs_y = -2},
    {.bitmap_index = 7225, .adv_w = 352, .box_w = 18, .box_h = 21, .ofs_x = 2, .ofs_y = -2},
    {.bitmap_index = 7274, .adv_w = 352, .box_w = 18, .box_h = 21, .ofs_x = 2, .ofs_y = -2},
    {.bitmap_index = 7402, .adv_w = 352, .box_w = 21, .box_h = 21, .ofs_x = 0, .ofs_y = -2},
    {.bitmap_index = 7524, .adv_w = 352, .box_w = 21, .box_h = 21, .ofs_x = 0, .ofs_y = -2},
    {.bitmap_index = 7685, .adv_w = 352, .box_w = 21, .box_h = 21, .ofs_x = 1, .ofs_y = -2},
    {.bitmap_index = 7786, .adv_w = 352, .box_w = 20, .box_h = 22, .ofs_x = 1, .ofs_y = -3},
    {.bitmap_index = 7913, .adv_w = 352, .box_w = 21, .box_h = 21, .ofs_x = 1, .ofs_y = -2},
    {.bitmap_index = 8058, .adv_w = 352, .box_w = 22, .box_h = 21, .ofs_x = 0, .ofs_y = -2},
    {.bitmap_index = 8235, .adv_w = 352, .box_w = 21, .box_h = 22, .ofs_x = 1, .ofs_y = -3},
    {.bitmap_index = 8407, .adv_w = 352, .box_w = 21, .box_h = 21, .ofs_x = 0, .ofs_y = -2},
    {.bitmap_index = 8562, .adv_w = 352, .box_w = 21, .box_h = 21, .ofs_x = 1, .ofs_y = -2},
    {.bitmap_index = 8713, .adv_w = 352, .box_w = 22, .box_h = 21, .ofs_x = 0, .ofs_y = -2},
    {.bitmap_index = 8882, .adv_w = 352, .box_w = 22, .box_h = 21, .ofs_x = 0, .ofs_y = -2},
    {.bitmap_index = 9032, .adv_w = 352, .box_w = 20, .box_h = 21, .ofs_x = 1, .ofs_y = -2},
    {.bitmap_index = 9147, .adv_w = 352, .box_w = 21, .box_h = 22, .ofs_x = 1, .ofs_y = -3},
    {.bitmap_index = 9310, .adv_w = 352, .box_w = 16, .box_h = 19, .ofs_x = 3, .ofs_y = -2},
    {.bitmap_index = 9361, .adv_w = 352, .box_w = 20, .box_h = 20, .ofs_x = 1, .ofs_y = -2},
    {.bitmap_index = 9485, .adv_w = 352, .box_w = 18, .box_h = 21, .ofs_x = 0, .ofs_y = -3},
    {.bitmap_index = 9585, .adv_w = 352, .box_w = 22, .box_h = 22, .ofs_x = 0, .ofs_y = -3},
    {.bitmap_index = 9739, .adv_w = 352, .box_w = 22, .box_h = 21, .ofs_x = 0, .ofs_y = -2},
    {.bitmap_index = 9889, .adv_w = 352, .box_w = 22, .box_h = 20, .ofs_x = 0, .ofs_y = -2},
    {.bitmap_index = 10031, .adv_w = 352, .box_w = 21, .box_h = 21, .ofs_x = 1, .ofs_y = -2},
    {.bitmap_index = 10138, .adv_w = 352, .box_w = 21, .box_h = 21, .ofs_x = 0, .ofs_y = -2},
    {.bitmap_index = 10259, .adv_w = 352, .box_w = 22, .box_h = 21, .ofs_x = 0, .ofs_y = -2},
    {.bitmap_index = 10429, .adv_w = 352, .box_w = 21, .box_h = 21, .ofs_x = 0, .ofs_y = -2},
    {.bitmap_index = 10603, .adv_w = 352, .box_w = 21, .box_h = 21, .ofs_x = 1, .ofs_y = -2},
    {.bitmap_index = 10752, .adv_w = 352, .box_w = 22, .box_h = 22, .ofs_x = 0, .ofs_y = -3},
    {.bitmap_index = 10954, .adv_w = 352, .box_w = 20, .box_h = 20, .ofs_x = 0, .ofs_y = -3},
    {.bitmap_index = 11061, .adv_w = 352, .box_w = 16, .box_h = 20, .ofs_x = 3, .ofs_y = -2},
    {.bitmap_index = 11123, .adv_w = 352, .box_w = 21, .box_h = 22, .ofs_x = 0, .ofs_y = -3},
    {.bitmap_index = 11280, .adv_w = 352, .box_w = 20, .box_h = 22, .ofs_x = 1, .ofs_y = -3},
    {.bitmap_index = 11458, .adv_w = 352, .box_w = 22, .box_h = 21, .ofs_x = 0, .ofs_y = -2},
    {.bitmap_index = 11657, .adv_w = 352, .box_w = 21, .box_h = 21, .ofs_x = 1, .ofs_y = -2},
    {.bitmap_index = 11784, .adv_w = 352, .box_w = 22, .box_h = 21, .ofs_x = 0, .ofs_y = -2},
    {.bitmap_index = 11969, .adv_w = 352, .box_w = 20, .box_h = 21, .ofs_x = 1, .ofs_y = -3},
    {.bitmap_index = 12093, .adv_w = 352, .box_w = 21, .box_h = 22, .ofs_x = 0, .ofs_y = -3},
    {.bitmap_index = 12288, .adv_w = 352, .box_w = 21, .box_h = 21, .ofs_x = 1, .ofs_y = -2},
    {.bitmap_index = 12396, .adv_w = 352, .box_w = 22, .box_h = 22, .ofs_x = 0, .ofs_y = -3},
    {.bitmap_index = 12559, .adv_w = 352, .box_w = 22, .box_h = 20, .ofs_x = 0, .ofs_y = -2},
    {.bitmap_index = 12722, .adv_w = 352, .box_w = 21, .box_h = 22, .ofs_x = 0, .ofs_y = -3},
    {.bitmap_index = 12899, .adv_w = 352, .box_w = 22, .box_h = 21, .ofs_x = 0, .ofs_y = -2},
    {.bitmap_index = 13079, .adv_w = 352, .box_w = 22, .box_h = 22, .ofs_x = 0, .ofs_y = -3},
    {.bitmap_index = 13266, .adv_w = 352, .box_w = 21, .box_h = 22, .ofs_x = 1, .ofs_y = -3},
    {.bitmap_index = 13419, .adv_w = 352, .box_w = 20, .box_h = 21, .ofs_x = 1, .ofs_y = -2},
    {.bitmap_index = 13559, .adv_w = 352, .box_w = 20, .box_h = 22, .ofs_x = 2, .ofs_y = -3},
    {.bitmap_index = 13707, .adv_w = 352, .box_w = 21, .box_h = 21, .ofs_x = 0, .ofs_y = -2},
    {.bitmap_index = 13863, .adv_w = 352, .box_w = 22, .box_h = 20, .ofs_x = 0, .ofs_y = -2},
    {.bitmap_index = 14000, .adv_w = 352, .box_w = 20, .box_h = 21, .ofs_x = 1, .ofs_y = -3},
    {.bitmap_index = 14130, .adv_w = 352, .box_w = 5, .box_h = 9, .ofs_x = 3, .ofs_y = -3}
};

/*---------------------
 *  CHARACTER MAPPING
 *--------------------*/

static const uint16_t unicode_list_0[] = {
    0x0, 0xd
};

static const uint16_t unicode_list_4[] = {
    0x0, 0x2f4b, 0x2f53, 0x2f54, 0x4d4a, 0x4d9d, 0x4da8, 0x4dcf,
    0x4e1f, 0x4e2e, 0x5094, 0x50d6, 0x50e2, 0x5138, 0x5143, 0x5164,
    0x5172, 0x5179, 0x51e7, 0x52e8, 0x5338, 0x533b, 0x5357, 0x53d5,
    0x5500, 0x5627, 0x5629, 0x562b, 0x56af, 0x56d4, 0x5872, 0x5bba,
    0x5bca, 0x5d4c, 0x5d55, 0x5dbd, 0x5dbf, 0x5e58, 0x5f00, 0x6161,
    0x62b7, 0x647f, 0x6482, 0x64d0, 0x64e0, 0x64f8, 0x652e, 0x6568,
    0x6651, 0x6683, 0x66ae, 0x66e5, 0x6aad, 0x6b5d, 0x6c64, 0x6e5d,
    0x6fb4, 0x7117, 0x7471, 0x7637, 0x78d8, 0x7def, 0x7f39, 0x8242,
    0x87f4, 0x890a, 0x892c, 0x8aea, 0x8afb, 0x8b07, 0x8c76, 0x8f1d,
    0x8f53, 0x8f69, 0x9116, 0x9568, 0x9610, 0x97c2, 0x99b5, 0xfe55
};

/*Collect the unicode lists and glyph_id offsets*/
static const lv_font_fmt_txt_cmap_t cmaps[] =
{
    {
        .range_start = 32, .range_length = 14, .glyph_id_start = 1,
        .unicode_list = unicode_list_0, .glyph_id_ofs_list = NULL, .list_length = 2, .type = LV_FONT_FMT_TXT_CMAP_SPARSE_TINY
    },
    {
        .range_start = 48, .range_length = 10, .glyph_id_start = 3,
        .unicode_list = NULL, .glyph_id_ofs_list = NULL, .list_length = 0, .type = LV_FONT_FMT_TXT_CMAP_FORMAT0_TINY
    },
    {
        .range_start = 65, .range_length = 26, .glyph_id_start = 13,
        .unicode_list = NULL, .glyph_id_ofs_list = NULL, .list_length = 0, .type = LV_FONT_FMT_TXT_CMAP_FORMAT0_TINY
    },
    {
        .range_start = 97, .range_length = 26, .glyph_id_start = 39,
        .unicode_list = NULL, .glyph_id_ofs_list = NULL, .list_length = 0, .type = LV_FONT_FMT_TXT_CMAP_FORMAT0_TINY
    },
    {
        .range_start = 183, .range_length = 65110, .glyph_id_start = 65,
        .unicode_list = unicode_list_4, .glyph_id_ofs_list = NULL, .list_length = 80, .type = LV_FONT_FMT_TXT_CMAP_SPARSE_TINY
    }
};



/*--------------------
 *  ALL CUSTOM DATA
 *--------------------*/

#if LVGL_VERSION_MAJOR == 8
/*Store all the custom data of the font*/
static  lv_font_fmt_txt_glyph_cache_t cache;
#endif

#if LVGL_VERSION_MAJOR >= 8
static const lv_font_fmt_txt_dsc_t font_dsc = {
#else
static lv_font_fmt_txt_dsc_t font_dsc = {
#endif
    .glyph_bitmap = glyph_bitmap,
    .glyph_dsc = glyph_dsc,
    .cmaps = cmaps,
    .kern_dsc = NULL,
    .kern_scale = 0,
    .cmap_num = 5,
    .bpp = 4,
    .kern_classes = 0,
    .bitmap_format = 1,
#if LVGL_VERSION_MAJOR == 8
    .cache = &cache
#endif
};



/*-----------------
 *  PUBLIC FONT
 *----------------*/

/*Initialize a public general font descriptor*/
#if LVGL_VERSION_MAJOR >= 8
const lv_font_t jianshan_font_22 = {
#else
lv_font_t jianshan_font_22 = {
#endif
    .get_glyph_dsc = lv_font_get_glyph_dsc_fmt_txt,    /*Function pointer to get glyph's data*/
    .get_glyph_bitmap = lv_font_get_bitmap_fmt_txt,    /*Function pointer to get glyph's bitmap*/
    .line_height = 24,          /*The maximum line height required by the font*/
    .base_line = 5,             /*Baseline measured from the bottom of the line*/
#if !(LVGL_VERSION_MAJOR == 6 && LVGL_VERSION_MINOR == 0)
    .subpx = LV_FONT_SUBPX_NONE,
#endif
#if LV_VERSION_CHECK(7, 4, 0) || LVGL_VERSION_MAJOR >= 8
    .underline_position = -3,
    .underline_thickness = 1,
#endif
    .dsc = &font_dsc,          /*The custom font data. Will be accessed by `get_glyph_bitmap/dsc` */
#if LV_VERSION_CHECK(8, 2, 0) || LVGL_VERSION_MAJOR >= 9
    .fallback = NULL,
#endif
    .user_data = NULL,
};



#endif /*#if JIANSHAN_FONT_22*/

