/*******************************************************************************
 * Size: 20 px
 * Bpp: 4
 * Opts: --font /private/tmp/jianshan-noto-serif-sc.ttf --size 20 --bpp 4 --format lvgl --range 0x20-0x7E --symbols 见山原文星星之火可以燎年天凯利约翰逊和团队用设计并造出了喷气式战斗机型重返苹果岁乔布斯被解雇后来他创办再收购也因此回到据洛克希德马丁项目史改写斯坦福演讲年月日毛泽东，。《》· --no-kerning --lv-include lvgl.h --lv-font-name jianshan_serif_20 --output /Users/jiaxin/Documents/创业/ai-passport/assets/fonts/jianshan_serif_20.c
 ******************************************************************************/

#ifdef LV_LVGL_H_INCLUDE_SIMPLE
#include "lvgl.h"
#else
#include "lvgl.h"
#endif

#ifndef JIANSHAN_SERIF_20
#define JIANSHAN_SERIF_20 1
#endif

#if JIANSHAN_SERIF_20

/*-----------------
 *    BITMAPS
 *----------------*/

/*Store the image of the glyphs*/
static LV_ATTRIBUTE_LARGE_CONST const uint8_t glyph_bitmap[] = {
    /* U+0020 " " */

    /* U+0021 "!" */
    0xb, 0x80, 0x52, 0x3, 0x0, 0x31, 0x0, 0xf8,
    0x18, 0x80, 0x98, 0x78, 0x80, 0x1c, 0x4, 0x0,
    0xa4, 0x6, 0x20, 0x1b, 0xac, 0xc, 0x40,

    /* U+0022 "\"" */
    0xc6, 0x6, 0xb2, 0xe0, 0xf6, 0x3e, 0x1, 0x13,
    0x18, 0x73, 0x88, 0x80, 0x8a, 0x60, 0x71, 0xc2,
    0x2, 0xc0,

    /* U+0023 "#" */
    0x0, 0xd4, 0x1, 0x48, 0x7, 0x11, 0x0, 0x23,
    0x0, 0xe6, 0xe0, 0xf, 0xe2, 0x50, 0x8, 0xc0,
    0x2c, 0xf9, 0xcf, 0xf9, 0xbe, 0xc3, 0x74, 0x7b,
    0xb4, 0x3e, 0xd0, 0x9, 0x31, 0x14, 0x16, 0x42,
    0x1, 0xf7, 0x10, 0x6, 0x12, 0x0, 0x8c, 0x40,
    0xf, 0xfc, 0xff, 0xf2, 0xff, 0x81, 0xb5, 0xe7,
    0x76, 0x3d, 0xd0, 0x9, 0x3, 0x91, 0x2, 0xc8,
    0x80, 0x11, 0x8, 0x1, 0x88, 0x3, 0xf8, 0xd8,
    0x3, 0xfb, 0x88, 0x2,

    /* U+0024 "$" */
    0x0, 0xca, 0x1, 0xfb, 0xc0, 0x3f, 0xf8, 0x6f,
    0x8b, 0x70, 0x1, 0x57, 0xe2, 0xdf, 0xe0, 0x12,
    0x40, 0x4, 0xa6, 0x8e, 0xa0, 0x18, 0x9d, 0xc2,
    0xa0, 0x1d, 0x6, 0x81, 0x0, 0x1f, 0x6b, 0xe2,
    0x80, 0x71, 0xf3, 0x6, 0xa8, 0x6, 0x1a, 0x44,
    0x54, 0x0, 0x70, 0xcd, 0xb9, 0x0, 0x79, 0x10,
    0xae, 0x80, 0x1c, 0x5f, 0xb0, 0x1, 0xcb, 0x92,
    0x62, 0x1, 0x3b, 0x90, 0xf2, 0xe9, 0x6c, 0x2c,
    0x0, 0x75, 0x45, 0xb7, 0x0, 0xff, 0xe1, 0xf8,
    0x6,

    /* U+0025 "%" */
    0x0, 0x44, 0xd1, 0x80, 0x7c, 0x84, 0x1, 0x9c,
    0x26, 0xb8, 0x40, 0x38, 0x78, 0x80, 0x35, 0x50,
    0x0, 0x8e, 0x1, 0xd1, 0x0, 0xe, 0x22, 0x0,
    0x3b, 0x80, 0x19, 0x3c, 0x80, 0x3f, 0xc2, 0x1,
    0xb9, 0x80, 0x3e, 0x10, 0x7, 0x88, 0x5, 0x30,
    0x11, 0x6, 0x0, 0x8c, 0x80, 0x5, 0xa0, 0x4,
    0xe2, 0xac, 0x8f, 0x50, 0x4, 0xc8, 0x5, 0x94,
    0x1, 0xce, 0x4e, 0x81, 0x70, 0x0, 0x5f, 0x99,
    0x68, 0x2, 0x20, 0xe, 0xe0, 0x1, 0x10, 0x2,
    0x59, 0x81, 0x3, 0xf2, 0x2, 0x30, 0x8, 0x48,
    0x3, 0xe9, 0x70, 0xf, 0xfe, 0x1c, 0x40, 0x2,
    0x13, 0x0, 0x84, 0xc0, 0x38, 0xfc, 0x80, 0x25,
    0x60, 0x0, 0x8c, 0x1, 0xd2, 0xe0, 0x18, 0xc0,
    0x81, 0xa4, 0x3, 0xa2, 0x40, 0x3d, 0xd1, 0x3c,
    0xe0, 0x18, 0x7c, 0xc0, 0x3c, 0x55, 0x32, 0x0,
    0x0,

    /* U+0026 "&" */
    0x0, 0x8e, 0xa6, 0x60, 0xf, 0xe2, 0xeb, 0x99,
    0x74, 0x0, 0x7e, 0x45, 0x10, 0x2, 0x20, 0x3,
    0xf0, 0x90, 0x4, 0x88, 0x0, 0xfc, 0xa8, 0x20,
    0x99, 0x0, 0x1f, 0x89, 0xf5, 0xce, 0xc0, 0xd,
    0x5f, 0x68, 0x1, 0x71, 0xeb, 0x80, 0x4d, 0x49,
    0x68, 0x0, 0xa1, 0xe7, 0x80, 0xc, 0x46, 0x1,
    0x30, 0x30, 0xfb, 0x30, 0x2, 0x5b, 0x0, 0xae,
    0x40, 0x5, 0xb2, 0xa0, 0xd, 0x30, 0x8, 0x88,
    0x1, 0x1d, 0x51, 0xf, 0x0, 0x38, 0x80, 0x32,
    0xc5, 0xf3, 0x0, 0x64, 0x80, 0xe, 0x70, 0x23,
    0x0, 0xd2, 0x94, 0x20, 0x4, 0xbd, 0x5d, 0x30,
    0x8, 0xb4, 0x3f, 0xb7, 0x2c, 0xa9, 0xf3, 0x94,

    /* U+0027 "'" */
    0xc6, 0x2e, 0x3e, 0x63, 0x11, 0x13, 0x61, 0x0,

    /* U+0028 "(" */
    0x0, 0xff, 0x39, 0x80, 0x47, 0xc6, 0x1, 0x7c,
    0x0, 0x4e, 0x82, 0x1, 0x54, 0x80, 0x48, 0xc2,
    0x1, 0x6e, 0x0, 0x64, 0x30, 0xc, 0x4c, 0x1,
    0x8, 0x18, 0x7, 0x8, 0x7, 0xf0, 0x80, 0x80,
    0x61, 0x20, 0xc, 0xaa, 0x0, 0xdb, 0x80, 0x19,
    0xd0, 0x3, 0xa, 0x28, 0x6, 0x89, 0x0, 0xc5,
    0x6a, 0x1, 0x9f, 0xc0, 0x3a, 0xcc,

    /* U+0029 ")" */
    0x0, 0xf1, 0xb8, 0x6, 0x3e, 0x30, 0xd, 0x1e,
    0x1, 0x85, 0x1c, 0x3, 0x4c, 0x80, 0x30, 0xaa,
    0x0, 0x6c, 0xd0, 0xc, 0x68, 0x1, 0x98, 0x80,
    0x31, 0x0, 0x80, 0x71, 0x80, 0x71, 0x80, 0x42,
    0x2, 0x1, 0x10, 0x80, 0x65, 0x50, 0x6, 0xcd,
    0x0, 0xc8, 0xe0, 0x12, 0xa0, 0x80, 0x53, 0x0,
    0x12, 0xa1, 0x0, 0x5f, 0x0, 0x11, 0xd8, 0x6,

    /* U+002A "*" */
    0x0, 0xce, 0x40, 0x1f, 0xad, 0xc0, 0x3f, 0x3b,
    0x0, 0x66, 0xb4, 0x2, 0x20, 0xc6, 0x3, 0xe7,
    0xda, 0x46, 0x8c, 0x80, 0xbd, 0xd9, 0xcf, 0x25,
    0x40, 0x35, 0xc6, 0xc8, 0x7, 0x50, 0x93, 0xb9,
    0x80, 0x33, 0xd8, 0x2, 0x8c, 0x3, 0x68, 0x80,
    0x11, 0x40, 0x0,

    /* U+002B "+" */
    0x0, 0xe1, 0x0, 0xff, 0x51, 0x0, 0x7f, 0xf9,
    0xb, 0x77, 0x26, 0xee, 0x82, 0xdd, 0xc9, 0xbb,
    0xa0, 0x3, 0xff, 0xb4, 0x26, 0x1, 0x80,

    /* U+002C "," */
    0x8, 0xe1, 0x1, 0x12, 0x84, 0x93, 0x0, 0xb9,
    0x12, 0xec, 0x3, 0x42, 0x0,

    /* U+002D "-" */
    0x2f, 0xfd, 0xa0,

    /* U+002E "." */
    0x2, 0xb, 0xd2, 0x20, 0x98,

    /* U+002F "/" */
    0x0, 0xe4, 0x70, 0xe, 0xd5, 0x0, 0xe5, 0x20,
    0xc, 0x6a, 0x1, 0xc9, 0xa0, 0x1d, 0x88, 0x1,
    0x84, 0x40, 0x1c, 0xf8, 0x1, 0xd8, 0xe0, 0x1c,
    0x22, 0x0, 0xc8, 0x60, 0x1d, 0xb6, 0x1, 0xca,
    0x60, 0x18, 0x94, 0x3, 0x97, 0x0, 0x3b, 0x14,
    0x3, 0x8, 0x7, 0x93, 0x0, 0x3b, 0xd4, 0x3,
    0xb0, 0x80, 0x38,

    /* U+0030 "0" */
    0x0, 0x96, 0xea, 0xd0, 0x3, 0x3f, 0x5d, 0x52,
    0x10, 0x0, 0x31, 0x40, 0x1, 0xf9, 0x0, 0x4a,
    0x8, 0x4, 0x66, 0x50, 0x4c, 0x0, 0xe4, 0xc0,
    0x22, 0x0, 0x71, 0x10, 0x4, 0x40, 0x1d, 0xec,
    0x1, 0xf8, 0x40, 0x3f, 0x84, 0x0, 0x22, 0x0,
    0xef, 0x60, 0x2d, 0x0, 0xe2, 0x20, 0x21, 0x80,
    0x72, 0x68, 0x4a, 0x8, 0x4, 0x66, 0x40, 0x19,
    0xa0, 0x0, 0xfc, 0x80, 0x4d, 0xd7, 0x54, 0x84,
    0x0,

    /* U+0031 "1" */
    0x0, 0x89, 0x0, 0x22, 0x9c, 0xc4, 0x80, 0x47,
    0x19, 0x22, 0x1, 0x8, 0x80, 0x3f, 0xff, 0xe0,
    0x1f, 0xfc, 0x73, 0xab, 0x83, 0xca, 0x40,

    /* U+0032 "2" */
    0x1, 0x89, 0xac, 0x70, 0x0, 0xfd, 0xcd, 0x6d,
    0xc8, 0x48, 0x18, 0x0, 0x7d, 0x86, 0xe8, 0x3,
    0x18, 0x11, 0xa0, 0x6, 0x10, 0x10, 0xf, 0x21,
    0x10, 0x3, 0xd3, 0x0, 0x1e, 0x76, 0x50, 0xe,
    0x3b, 0xa0, 0xe, 0x1f, 0xd0, 0xf, 0x57, 0x88,
    0x7, 0x4f, 0x98, 0x7, 0x37, 0xa0, 0x7, 0x26,
    0xa9, 0x9f, 0x17, 0xa6, 0x67, 0xb4,

    /* U+0033 "3" */
    0x0, 0x1d, 0x4d, 0x5b, 0x0, 0x47, 0x97, 0x35,
    0x54, 0x80, 0x15, 0xc4, 0x0, 0x32, 0xc0, 0x6,
    0x80, 0xc, 0x20, 0x1f, 0xd8, 0x80, 0x1f, 0x3a,
    0x50, 0x6, 0x5c, 0xfd, 0xd0, 0x80, 0x65, 0xcf,
    0xf6, 0x20, 0x7, 0xcb, 0x34, 0x20, 0x1f, 0x20,
    0x20, 0x7, 0xe2, 0x20, 0x20, 0x7, 0x88, 0x42,
    0x9c, 0x3, 0x18, 0xb8, 0x45, 0x0, 0x43, 0xd0,
    0x20, 0xd7, 0x32, 0xaa, 0x4b, 0x80,

    /* U+0034 "4" */
    0x0, 0xf2, 0x78, 0x7, 0xf4, 0x0, 0x7f, 0x44,
    0x0, 0x3f, 0x2e, 0xb8, 0x7, 0xc3, 0x8a, 0x1,
    0xfa, 0x20, 0x1, 0xf9, 0xb4, 0x40, 0x3e, 0x2e,
    0x40, 0xf, 0xd1, 0x0, 0xf, 0xc8, 0xbf, 0xfb,
    0x3, 0xfc, 0xc9, 0xff, 0xd8, 0x1f, 0xe6, 0x0,
    0xff, 0xf0, 0x0,

    /* U+0035 "5" */
    0x0, 0x4f, 0xff, 0x94, 0x0, 0x79, 0xbb, 0xca,
    0x1, 0x19, 0x17, 0x0, 0x7f, 0xf2, 0xd2, 0xaf,
    0x6d, 0x40, 0x35, 0xdd, 0xbf, 0x12, 0x1, 0x28,
    0x80, 0x13, 0xd9, 0x0, 0x3e, 0x23, 0xd0, 0xf,
    0xca, 0x40, 0x1f, 0x8c, 0x41, 0x40, 0x3c, 0xda,
    0x16, 0xe0, 0x18, 0xcc, 0xc1, 0x14, 0x1, 0xf,
    0xc8, 0x83, 0x5c, 0xd5, 0x2f, 0xd8, 0x0,

    /* U+0036 "6" */
    0x0, 0xfc, 0x20, 0x1c, 0x95, 0x6, 0x1, 0xd,
    0xe5, 0x41, 0x0, 0x7, 0x3e, 0x0, 0x3b, 0x6d,
    0x0, 0x39, 0xc1, 0x80, 0x3d, 0x30, 0x1, 0xe4,
    0x15, 0x8b, 0xc9, 0x10, 0xc2, 0x9a, 0xbc, 0x3c,
    0x3, 0x28, 0x20, 0x5, 0x1b, 0x3b, 0x80, 0x39,
    0xf5, 0xc0, 0x3d, 0xce, 0x24, 0x1, 0xf6, 0x38,
    0x7, 0x72, 0xb9, 0x10, 0x3, 0x3e, 0x8c, 0xf0,
    0x5, 0xe, 0x80, 0xd3, 0x75, 0x7f, 0x20,

    /* U+0037 "7" */
    0xef, 0xff, 0x9f, 0x37, 0x7c, 0xa8, 0x45, 0xf0,
    0x98, 0x7, 0x97, 0x0, 0x3e, 0xe5, 0x0, 0xf1,
    0x39, 0x0, 0x7a, 0xa8, 0x1, 0xf3, 0x30, 0x3,
    0xcc, 0x80, 0x1f, 0x57, 0x0, 0x78, 0xc9, 0x0,
    0x3d, 0x4c, 0x1, 0xe1, 0x6a, 0x0, 0xf3, 0x11,
    0x0, 0x3d, 0x54, 0x0, 0xe0,

    /* U+0038 "8" */
    0x0, 0x45, 0xd5, 0xb8, 0x5, 0x7f, 0x75, 0x7b,
    0x20, 0x6a, 0xe0, 0x15, 0xb0, 0x31, 0x0, 0x61,
    0x1, 0x63, 0x0, 0xc4, 0x41, 0x33, 0x50, 0x5,
    0x10, 0x0, 0x6b, 0xe2, 0xcf, 0x28, 0x0, 0x70,
    0xa9, 0x5c, 0x2, 0x3b, 0xff, 0x26, 0x38, 0x17,
    0x50, 0x84, 0x5c, 0x1c, 0x50, 0x6, 0x45, 0xa6,
    0x20, 0xe, 0xd2, 0x7d, 0x0, 0xed, 0x38, 0x63,
    0x0, 0x95, 0xe4, 0xf2, 0x6a, 0x97, 0x98, 0x10,

    /* U+0039 "9" */
    0x0, 0x45, 0x52, 0xd4, 0x2, 0xcf, 0xaa, 0x5c,
    0xb0, 0x38, 0x38, 0x5, 0xd2, 0x39, 0x60, 0x18,
    0x88, 0xec, 0x1, 0xe4, 0xc6, 0xe0, 0xe, 0x11,
    0x63, 0x80, 0x72, 0x3, 0x96, 0x10, 0x1, 0x88,
    0x43, 0x2f, 0xb2, 0x94, 0xb4, 0x0, 0xf9, 0x8a,
    0x23, 0x50, 0xf, 0x31, 0x90, 0x7, 0xc, 0x78,
    0x7, 0xb6, 0xc, 0x3, 0xe, 0x5b, 0x80, 0x66,
    0xdf, 0x70, 0xd, 0x25, 0x86, 0x1, 0x80,

    /* U+003A ":" */
    0x9e, 0x12, 0x13, 0xbd, 0x20, 0x20, 0xf, 0xfe,
    0x11, 0x5, 0xe9, 0x10, 0x4c,

    /* U+003B ";" */
    0x9, 0xe1, 0x2, 0x13, 0xb, 0xd2, 0x0, 0x10,
    0x7, 0xff, 0x19, 0xa8, 0x43, 0x15, 0x41, 0x62,
    0xc0, 0x28, 0x41, 0x32, 0x5, 0xb3, 0x0,

    /* U+003C "<" */
    0x0, 0xff, 0xe2, 0xad, 0x80, 0x78, 0xaf, 0x28,
    0x3, 0x9f, 0xa2, 0x44, 0x2, 0x4c, 0xc, 0x30,
    0x8, 0x6b, 0xb5, 0xc0, 0x3a, 0xc2, 0x84, 0x3,
    0xd4, 0x56, 0x40, 0x1f, 0x44, 0xca, 0x0, 0x3e,
    0x2b, 0xdc, 0x50, 0xf, 0x97, 0x72, 0xc8, 0x3,
    0xc3, 0x31, 0x20,

    /* U+003D "=" */
    0x2d, 0xdf, 0xe8, 0x2d, 0xdf, 0xe8, 0x0, 0xff,
    0xe5, 0x16, 0xef, 0xf4, 0x0,

    /* U+003E ">" */
    0x0, 0xff, 0x34, 0x80, 0x7e, 0x6c, 0xc2, 0x80,
    0x7c, 0xb9, 0x8b, 0x20, 0xf, 0xa6, 0x39, 0xc0,
    0x3e, 0x3c, 0x1c, 0x30, 0xf, 0x9a, 0x30, 0x40,
    0x3d, 0x10, 0xc1, 0x0, 0xc9, 0x9d, 0x86, 0x1,
    0xd, 0x76, 0xb0, 0x6, 0x7d, 0xea, 0x10, 0xc,
    0xdf, 0x88, 0x1, 0xe0,

    /* U+003F "?" */
    0x2c, 0x81, 0x0, 0x84, 0x9f, 0x9c, 0x0, 0x7d,
    0xcc, 0xd7, 0x0, 0x84, 0xeb, 0x0, 0x3c, 0x44,
    0x0, 0xe5, 0x30, 0xd, 0x0, 0x20, 0x5, 0xd4,
    0xd0, 0x3, 0x5c, 0x60, 0x80, 0x3e, 0xd4, 0x3,
    0x78, 0x80, 0x73, 0xb0, 0x7, 0x9, 0x0, 0x7f,
    0xf0, 0x33, 0x40, 0x39, 0xc0, 0x38,

    /* U+0040 "@" */
    0x0, 0xf1, 0xc4, 0xca, 0xa9, 0x24, 0x1, 0xf0,
    0xcd, 0xcc, 0xd5, 0x4b, 0xb3, 0x80, 0x71, 0x55,
    0xc0, 0x80, 0x62, 0x90, 0x70, 0xd, 0xd4, 0x40,
    0x1f, 0x9f, 0x44, 0x1, 0x5e, 0x20, 0x14, 0xde,
    0x3b, 0x0, 0x25, 0x80, 0x80, 0xc0, 0x2b, 0xdb,
    0xc8, 0x30, 0x1, 0xe0, 0x5c, 0x80, 0x53, 0xa8,
    0x0, 0x26, 0x0, 0xe4, 0x30, 0x0, 0xa3, 0x0,
    0x44, 0x60, 0x18, 0x44, 0x1, 0x35, 0x0, 0x44,
    0x40, 0xe, 0x36, 0x0, 0xb0, 0xc0, 0x27, 0x70,
    0x7, 0xf9, 0x9c, 0x2, 0xdd, 0x0, 0x4b, 0xa6,
    0xc0, 0x10, 0xb0, 0x4, 0xe4, 0x1, 0x73, 0x8,
    0x80, 0x24, 0x92, 0x38, 0x62, 0x1, 0xa9, 0x0,
    0x23, 0x0, 0x21, 0x7a, 0xe2, 0x1b, 0x53, 0x64,
    0x0, 0xbb, 0x8, 0x2, 0x72, 0x0, 0x6a, 0x90,
    0x20, 0x11, 0x46, 0x88, 0x7, 0xff, 0x9, 0x63,
    0x5c, 0x40, 0x32, 0x10, 0x7, 0xc9, 0x87, 0x15,
    0x30, 0xee, 0x20, 0xc,

    /* U+0041 "A" */
    0x0, 0xf4, 0xc8, 0x3, 0xff, 0x82, 0xce, 0x1,
    0xff, 0xc0, 0x48, 0x13, 0x0, 0xff, 0xb5, 0x92,
    0xc0, 0x3f, 0xe3, 0x1d, 0x50, 0xf, 0xf1, 0xe8,
    0x39, 0x18, 0x7, 0xf5, 0xa8, 0x9, 0xd8, 0x7,
    0xf1, 0x90, 0x2, 0xd4, 0x3, 0xf1, 0x98, 0x2,
    0x62, 0x20, 0x7, 0xd4, 0xb5, 0x55, 0x85, 0x0,
    0x7c, 0x5b, 0x55, 0xa1, 0x40, 0x3c, 0x44, 0x0,
    0xe5, 0x22, 0x0, 0x72, 0xe8, 0x7, 0x11, 0x14,
    0x3, 0xb1, 0x0, 0x3c, 0xb4, 0x1, 0x47, 0x25,
    0xb8, 0x4, 0xb6, 0xe5, 0xd4, 0x0,

    /* U+0042 "B" */
    0x9b, 0xff, 0x55, 0x2e, 0xcc, 0x1, 0x4d, 0xa2,
    0xd5, 0x2e, 0xa9, 0x20, 0x1c, 0x60, 0x10, 0xf3,
    0x10, 0x7, 0xf1, 0x3, 0x80, 0x7f, 0xc2, 0x1,
    0xfc, 0xa4, 0x80, 0x1f, 0x96, 0x7c, 0x3, 0x9a,
    0xa9, 0xdc, 0xf2, 0x0, 0xe6, 0xaa, 0x75, 0x53,
    0x4, 0x3, 0xf0, 0xcb, 0x50, 0x7, 0xfb, 0x90,
    0x3, 0xff, 0x80, 0x20, 0x1f, 0xd8, 0x42, 0x1,
    0x18, 0x6, 0x66, 0x70, 0x4d, 0xa2, 0xd5, 0x2f,
    0x3f, 0xc6, 0x0,

    /* U+0043 "C" */
    0x0, 0xcd, 0x79, 0x77, 0x28, 0x4, 0x7d, 0xf5,
    0x97, 0x6a, 0xa3, 0x1, 0x64, 0x48, 0x80, 0x42,
    0xc2, 0x1c, 0xac, 0x1, 0xef, 0x4, 0x39, 0x0,
    0xf9, 0xdb, 0x4, 0xc0, 0x3e, 0x11, 0x19, 0x0,
    0x7f, 0x9d, 0x80, 0x3f, 0xce, 0x20, 0x1f, 0xe2,
    0x60, 0xf, 0xf6, 0x91, 0x0, 0x3f, 0xa, 0x15,
    0x80, 0x7c, 0x96, 0x1c, 0xca, 0x1, 0xe3, 0x30,
    0x1d, 0xd9, 0xc4, 0x2, 0x18, 0x30, 0x2, 0x78,
    0x55, 0xd5, 0x53, 0x40,

    /* U+0044 "D" */
    0x9b, 0xff, 0x55, 0x57, 0x26, 0x1, 0xa6, 0xd1,
    0x6a, 0xab, 0xde, 0x80, 0xf, 0xf9, 0x31, 0x60,
    0x3, 0xfe, 0x1e, 0x73, 0x0, 0xff, 0x8c, 0xac,
    0x3, 0xff, 0x80, 0x8a, 0x1, 0xff, 0xc0, 0xe2,
    0x0, 0xff, 0xee, 0x69, 0x0, 0x7f, 0xf0, 0x11,
    0x40, 0x3f, 0xe5, 0x1a, 0x0, 0xff, 0xd, 0xc9,
    0x0, 0x7f, 0x2e, 0x43, 0x0, 0x26, 0xd1, 0x6a,
    0xab, 0xdf, 0x60, 0x8,

    /* U+0045 "E" */
    0x9b, 0xff, 0x6e, 0xf7, 0xc0, 0x4d, 0xa2, 0xee,
    0xf5, 0x8, 0x7, 0xf9, 0xcc, 0x3, 0xfc, 0x54,
    0x1, 0xf9, 0x8c, 0x3, 0xfd, 0xc0, 0x1f, 0xf0,
    0x80, 0x79, 0xd6, 0xee, 0x60, 0xf, 0x3a, 0xdd,
    0xce, 0x1, 0xff, 0x70, 0x7, 0xfc, 0xc6, 0x1,
    0xff, 0xc1, 0x70, 0xf, 0xfa, 0x40, 0x3f, 0xc2,
    0x0, 0x9b, 0x45, 0xbb, 0xec, 0x0, 0x0,

    /* U+0046 "F" */
    0x9b, 0xff, 0x6e, 0xf7, 0xcc, 0xad, 0x17, 0x77,
    0xa8, 0xc0, 0x3f, 0x9c, 0x40, 0x3f, 0x8a, 0xc0,
    0x3e, 0x64, 0x0, 0xfe, 0x10, 0xf, 0xf7, 0x80,
    0x73, 0xad, 0xdc, 0xe0, 0x1c, 0xeb, 0x77, 0x38,
    0x7, 0xfb, 0x80, 0x3f, 0xcc, 0x80, 0x1f, 0xfd,
    0x79, 0xb4, 0x5b, 0x90, 0xe,

    /* U+0047 "G" */
    0x0, 0xcd, 0x79, 0x77, 0x30, 0x7, 0x16, 0xfc,
    0xe5, 0xdd, 0x1a, 0x1, 0x16, 0xdc, 0x90, 0x6,
    0xa6, 0x0, 0xb9, 0x58, 0x3, 0xca, 0x20, 0x3,
    0x34, 0x80, 0x7c, 0x34, 0x0, 0xb1, 0x30, 0xf,
    0xf8, 0xc8, 0x3, 0xff, 0x80, 0xec, 0x1, 0xe8,
    0xbf, 0xf5, 0xa3, 0x88, 0x7, 0xa2, 0xe4, 0x2d,
    0xd, 0x80, 0x3f, 0xf8, 0x16, 0x44, 0x0, 0xfc,
    0x20, 0x3, 0x35, 0x80, 0x7c, 0x60, 0x1b, 0x99,
    0x40, 0x3f, 0xe2, 0xcb, 0x81, 0x0, 0x87, 0xc8,
    0x3, 0x1f, 0x72, 0xae, 0xea, 0xfc, 0x0, 0x0,

    /* U+0048 "H" */
    0x9b, 0xff, 0x5c, 0x0, 0x51, 0x7f, 0xeb, 0x89,
    0xb4, 0x5b, 0x80, 0xa, 0x2d, 0x52, 0xe0, 0x3,
    0xff, 0xfe, 0x1, 0x2d, 0x57, 0xca, 0x1, 0xe5,
    0xaa, 0xf9, 0x40, 0x3f, 0xff, 0xe0, 0x14, 0xda,
    0x2d, 0xc0, 0x5, 0x16, 0xa9, 0x70,

    /* U+0049 "I" */
    0x9b, 0xff, 0x5c, 0x4d, 0xa2, 0xdc, 0x0, 0x7f,
    0xff, 0x26, 0xd1, 0x6e, 0x0,

    /* U+004A "J" */
    0x0, 0x4d, 0xff, 0xaa, 0x80, 0x14, 0xdc, 0x8d,
    0x50, 0x3, 0xff, 0xde, 0x60, 0x1f, 0xfe, 0x3,
    0x30, 0x7, 0xdc, 0xc0, 0x1f, 0x1e, 0x80, 0x66,
    0x60, 0xb3, 0x0, 0x35, 0x4e, 0xf8, 0x6,

    /* U+004B "K" */
    0x9b, 0xff, 0x5c, 0x0, 0x2b, 0x3f, 0xd0, 0x13,
    0x68, 0xd7, 0x0, 0xa, 0xa4, 0x7c, 0x0, 0x7f,
    0x1e, 0x38, 0x7, 0xf8, 0x62, 0x80, 0x3f, 0xeb,
    0x90, 0xf, 0xfa, 0xbc, 0x80, 0x3f, 0xca, 0xa1,
    0x0, 0xff, 0x17, 0xbc, 0x80, 0x7f, 0x1c, 0xdc,
    0x9b, 0x0, 0x7e, 0x59, 0x11, 0x4c, 0x0, 0x7c,
    0xc2, 0x40, 0x7, 0x8, 0x0, 0xf3, 0x38, 0x6,
    0xb7, 0x10, 0xf, 0xf9, 0x4e, 0x0, 0x3f, 0xf8,
    0x10, 0xc4, 0x0, 0x9b, 0x46, 0xb8, 0x0, 0x47,
    0x86, 0xd9, 0x80,

    /* U+004C "L" */
    0x9b, 0xff, 0x5c, 0x0, 0x74, 0xda, 0x2d, 0xc0,
    0x7, 0xff, 0xfc, 0x3, 0xff, 0xb4, 0x70, 0x1,
    0xfc, 0xa0, 0x1f, 0xef, 0x9, 0xb4, 0x5b, 0xbe,
    0x6f,

    /* U+004D "M" */
    0x1a, 0xdf, 0x60, 0xf, 0xed, 0xfc, 0xa1, 0x15,
    0x78, 0x58, 0x7, 0xf1, 0x86, 0x50, 0x80, 0x4c,
    0x46, 0x1, 0xf3, 0x38, 0x7, 0xc2, 0x92, 0x1,
    0xf6, 0xe8, 0x3, 0xf7, 0xa8, 0x80, 0x71, 0x10,
    0x3, 0xf0, 0xa0, 0xb8, 0x7, 0x55, 0x0, 0x3f,
    0xd3, 0x60, 0x1c, 0x66, 0x0, 0xff, 0x31, 0x18,
    0x4, 0xba, 0x1, 0xff, 0xa, 0x50, 0x5, 0xec,
    0x1, 0xff, 0xc0, 0xf6, 0x0, 0x9, 0x80, 0x7f,
    0xf0, 0x50, 0x58, 0x26, 0x80, 0x3f, 0xf8, 0x53,
    0x60, 0x66, 0x0, 0xff, 0xe1, 0x31, 0x3e, 0x0,
    0x7f, 0xf0, 0xc5, 0x61, 0x80, 0x21, 0x0, 0xea,
    0xc6, 0xb6, 0x0, 0x72, 0x88, 0x25, 0xd0, 0x6d,
    0x10,

    /* U+004E "N" */
    0x1a, 0xdf, 0x50, 0xe, 0x8a, 0xfb, 0x81, 0xaf,
    0xb, 0x10, 0xd, 0x14, 0x97, 0x0, 0x13, 0x1d,
    0x80, 0x7f, 0xf0, 0x7, 0x95, 0x0, 0x3f, 0xf8,
    0x6, 0xf4, 0x1, 0xff, 0xc1, 0x83, 0x90, 0xf,
    0xfe, 0xf, 0x31, 0x80, 0x7f, 0xf0, 0xd, 0xf8,
    0x3, 0xf8, 0x40, 0x28, 0x8, 0x0, 0xff, 0xe0,
    0xf3, 0x98, 0x7, 0xff, 0x0, 0xdb, 0xc0, 0x3f,
    0xf8, 0x32, 0x4e, 0x1, 0xff, 0xc1, 0xa8, 0x60,
    0xf, 0xfe, 0x2, 0x31, 0x0, 0x55, 0x8d, 0x72,
    0x1, 0xd2, 0x20, 0x0,

    /* U+004F "O" */
    0x0, 0x8a, 0x72, 0xf2, 0x8c, 0x3, 0x97, 0x37,
    0x2f, 0x27, 0xa0, 0x2, 0x4a, 0xc4, 0x0, 0x8f,
    0x19, 0xc0, 0x12, 0xe4, 0x1, 0xc3, 0x70, 0x28,
    0x52, 0x1, 0xf2, 0x8c, 0xe9, 0x8, 0x7, 0xe5,
    0x42, 0x60, 0xf, 0xe3, 0x27, 0x10, 0xf, 0xf0,
    0xb8, 0x80, 0x7f, 0x84, 0x98, 0x3, 0xf8, 0xcb,
    0x8, 0x40, 0x3f, 0x2a, 0x28, 0xb0, 0x7, 0xca,
    0x32, 0x15, 0x4, 0x1, 0xc3, 0x10, 0x10, 0x49,
    0xf3, 0x0, 0x8b, 0x55, 0xc0, 0x26, 0xfa, 0xbb,
    0xa3, 0xe0, 0x0,

    /* U+0050 "P" */
    0x9b, 0xff, 0x55, 0x2f, 0x1c, 0x1, 0x36, 0x8b,
    0x54, 0xbd, 0xd5, 0x80, 0x7e, 0x1b, 0x56, 0x0,
    0xfc, 0x2b, 0x80, 0x1f, 0xc4, 0x20, 0x1f, 0xca,
    0x40, 0x1f, 0x8c, 0xd4, 0x1, 0xf2, 0xf5, 0x18,
    0x4, 0xb5, 0x51, 0x62, 0x80, 0x65, 0xaa, 0x9c,
    0x40, 0x3f, 0xfc, 0x53, 0x68, 0xb7, 0x20, 0x1c,

    /* U+0051 "Q" */
    0x0, 0x8a, 0x72, 0xf2, 0x8c, 0x3, 0x97, 0x37,
    0x2f, 0x27, 0xa0, 0x2, 0x4a, 0xc4, 0x0, 0x8f,
    0x19, 0xc0, 0x12, 0xe4, 0x1, 0xc3, 0x70, 0x28,
    0x52, 0x1, 0xf2, 0x8c, 0xe9, 0x8, 0x7, 0xe5,
    0x42, 0x60, 0xf, 0xe3, 0x27, 0x10, 0xf, 0xf0,
    0xb8, 0x80, 0x7f, 0x84, 0x98, 0x3, 0xf8, 0xcb,
    0x8, 0x40, 0x3f, 0x2a, 0x28, 0xb0, 0x7, 0xca,
    0x32, 0x15, 0x4, 0x1, 0xc3, 0x10, 0x10, 0x49,
    0xf3, 0x0, 0x8b, 0x55, 0xc0, 0x26, 0xfa, 0xcf,
    0xc8, 0xf8, 0x0, 0xe2, 0x9d, 0xf, 0xa3, 0x0,
    0xfc, 0x24, 0x80, 0x1f, 0xf4, 0xc9, 0x40, 0x2,
    0x1, 0xf2, 0x57, 0x65, 0x30, 0x0,

    /* U+0052 "R" */
    0x9b, 0xff, 0x55, 0x59, 0x22, 0x1, 0x4d, 0xa2,
    0xd5, 0x59, 0xde, 0x40, 0x1c, 0x60, 0x19, 0xd6,
    0x0, 0x3f, 0xec, 0x70, 0xf, 0xfb, 0xc4, 0x3,
    0xfe, 0x6a, 0x0, 0xfe, 0x2b, 0x76, 0x0, 0xe6,
    0xaa, 0x77, 0xc4, 0x80, 0x79, 0xaa, 0x9c, 0xf4,
    0x1, 0xff, 0x5b, 0x18, 0x7, 0xf8, 0x52, 0xc0,
    0x3f, 0xed, 0x50, 0xf, 0xf9, 0x8, 0x80, 0x1c,
    0x60, 0x18, 0x88, 0xa0, 0xa, 0xc4, 0x5c, 0x90,
    0xa, 0x21, 0xb2,

    /* U+0053 "S" */
    0x0, 0x3e, 0x66, 0x60, 0xa, 0xfb, 0x33, 0x4b,
    0x2, 0x34, 0x80, 0x65, 0x0, 0x1b, 0x80, 0x76,
    0x10, 0xb, 0x80, 0x73, 0x20, 0x39, 0xc8, 0x7,
    0xc3, 0xaf, 0xcc, 0x20, 0x1c, 0x7e, 0xd1, 0xd0,
    0x1, 0xc3, 0x1d, 0x2d, 0xa4, 0x1, 0xe6, 0xe1,
    0x90, 0xf, 0xd0, 0x81, 0xa0, 0x1e, 0x60, 0x8,
    0x80, 0x39, 0xc, 0xa, 0xc0, 0x32, 0x5f, 0x87,
    0xd, 0xdd, 0x9b, 0x86, 0x0,

    /* U+0054 "T" */
    0x6f, 0xbb, 0xbf, 0xdb, 0x77, 0x7a, 0xb, 0x5d,
    0xd8, 0x1f, 0x77, 0x28, 0xff, 0x80, 0x3f, 0xb4,
    0xfd, 0x40, 0x3f, 0x8c, 0xce, 0x60, 0x1f, 0xc8,
    0xa0, 0x1f, 0xff, 0xf0, 0xf, 0xff, 0xb, 0x5e,
    0x6, 0x5a, 0x80, 0x40,

    /* U+0055 "U" */
    0xa, 0xdf, 0xf5, 0xa8, 0x0, 0xaa, 0xfe, 0xe4,
    0x2b, 0x2, 0xec, 0xa0, 0x2, 0xab, 0x4b, 0x90,
    0xf, 0xff, 0xf8, 0x7, 0xff, 0x50, 0x40, 0x3f,
    0xf8, 0x84, 0x1, 0xf3, 0x80, 0x71, 0xe0, 0x7,
    0x89, 0x80, 0x3a, 0x94, 0x80, 0x3a, 0x38, 0x3,
    0x99, 0x31, 0x40, 0x5, 0x20, 0x80, 0x1e, 0xb9,
    0x8f, 0xf7, 0x7d, 0x0, 0x40,

    /* U+0056 "V" */
    0x9d, 0xff, 0x5b, 0x80, 0x53, 0x7f, 0xb3, 0x2d,
    0x36, 0xb7, 0x0, 0xa6, 0xcf, 0x64, 0x1, 0x6e,
    0x1, 0xe4, 0x40, 0x6, 0x51, 0x30, 0xe, 0xda,
    0x0, 0xc4, 0x76, 0x1, 0xca, 0x40, 0x1d, 0x6a,
    0x1, 0x8d, 0x0, 0x3c, 0xc4, 0x60, 0x15, 0xd8,
    0x3, 0xc2, 0x76, 0x1, 0x19, 0x80, 0x3e, 0xa5,
    0x0, 0x11, 0x0, 0x3f, 0x39, 0x10, 0x17, 0x40,
    0x3f, 0xa, 0x50, 0x62, 0x0, 0x7f, 0x6a, 0x89,
    0x0, 0x7f, 0x9c, 0xa3, 0x40, 0x3f, 0xc2, 0x8c,
    0x80, 0x1f, 0xf6, 0xa8, 0x7, 0x80,

    /* U+0057 "W" */
    0x7b, 0xff, 0x5b, 0x0, 0x26, 0xff, 0xa9, 0x0,
    0xab, 0xbe, 0xd5, 0xed, 0x55, 0x6c, 0x0, 0x9b,
    0x8, 0xa4, 0x2, 0xa8, 0xab, 0x50, 0x6, 0x20,
    0x7, 0x29, 0x68, 0x7, 0x62, 0x0, 0x67, 0x13,
    0x0, 0xd9, 0x28, 0x1, 0xc2, 0x20, 0xc, 0x24,
    0x80, 0x18, 0xd0, 0x50, 0x2, 0x22, 0x0, 0x79,
    0x30, 0x2, 0x3d, 0x4, 0xd0, 0x9, 0x30, 0x3,
    0xda, 0x80, 0x12, 0x28, 0x7b, 0x80, 0x58, 0x80,
    0x1e, 0x40, 0x40, 0x6, 0x90, 0x20, 0x90, 0x0,
    0x44, 0x1, 0xf1, 0xe0, 0x9, 0x80, 0x4, 0xd4,
    0x8, 0xc0, 0x3f, 0x5a, 0x2, 0x68, 0x5, 0x76,
    0x4, 0xc0, 0xf, 0xc8, 0x61, 0xe8, 0x1, 0x29,
    0x8e, 0x20, 0x7, 0xe3, 0x15, 0x0, 0xe2, 0x14,
    0x10, 0xf, 0xf2, 0x46, 0x0, 0x73, 0xc1, 0x80,
    0x7f, 0xb0, 0x90, 0x3, 0xb4, 0xac, 0x3, 0xfc,
    0x84, 0x40, 0xe, 0x41, 0x30, 0xe,

    /* U+0058 "X" */
    0x4b, 0xff, 0x5d, 0x0, 0x1e, 0xff, 0xd4, 0x29,
    0x78, 0x1f, 0x40, 0x7, 0xb4, 0xfa, 0x10, 0x1,
    0xb4, 0x80, 0x68, 0x80, 0x7, 0xa0, 0x98, 0x0,
    0x42, 0x60, 0x1e, 0x18, 0x80, 0x85, 0xc0, 0x7,
    0xe7, 0x38, 0x4f, 0x10, 0xf, 0xe9, 0x68, 0x60,
    0xf, 0xf2, 0x0, 0x80, 0x7f, 0xc8, 0xc4, 0x80,
    0x1f, 0xef, 0x96, 0x90, 0xf, 0xe8, 0xf0, 0x83,
    0x70, 0xf, 0x88, 0x88, 0x3, 0x10, 0x10, 0xf,
    0x4d, 0x80, 0x4c, 0x50, 0x1, 0xcb, 0x82, 0x1,
    0xa5, 0x8c, 0x0, 0xd9, 0x57, 0x44, 0x0, 0xaf,
    0xc, 0xb4,

    /* U+0059 "Y" */
    0x4b, 0xff, 0x5c, 0x80, 0x16, 0xff, 0xd4, 0x49,
    0x70, 0x37, 0x20, 0x5, 0xb5, 0xea, 0x20, 0x3,
    0x83, 0x80, 0x63, 0x21, 0x0, 0xe9, 0x90, 0x6,
    0x99, 0x0, 0x79, 0xc5, 0x80, 0x4, 0x62, 0x1,
    0xf3, 0xc0, 0x2, 0xe0, 0x3, 0xf4, 0x8b, 0x8,
    0x8, 0x7, 0xe1, 0x7b, 0x8b, 0x0, 0xff, 0x49,
    0x31, 0x0, 0x7f, 0x84, 0x14, 0x3, 0xff, 0x80,
    0x5a, 0x1, 0xff, 0xdd, 0xf0, 0xf, 0xe2, 0xab,
    0x27, 0xb9, 0x0, 0xc0,

    /* U+005A "Z" */
    0xf, 0xdb, 0xbf, 0x77, 0x0, 0x2d, 0xbb, 0xea,
    0x1b, 0x1, 0x20, 0xf, 0x52, 0x28, 0x1, 0x0,
    0x39, 0x52, 0x80, 0x3, 0x20, 0x18, 0x6e, 0x44,
    0x3, 0xf5, 0x93, 0x0, 0x7e, 0x45, 0xe0, 0xf,
    0xea, 0x82, 0x0, 0xfd, 0x24, 0xe0, 0x1f, 0x91,
    0xbc, 0x3, 0xfa, 0x5c, 0xc0, 0x3f, 0x48, 0x40,
    0x7, 0x32, 0x1, 0xb7, 0x0, 0x7b, 0x0, 0x1c,
    0xc6, 0x1, 0xe7, 0x73, 0x12, 0xdd, 0xfc, 0x42,

    /* U+005B "[" */
    0xff, 0x5b, 0x95, 0xd9, 0xc0, 0x3f, 0xb, 0x80,
    0x7f, 0xf8, 0x85, 0xc0, 0x3f, 0xc5, 0x76, 0x70,

    /* U+005C "\\" */
    0xc0, 0xf, 0x5a, 0x0, 0x72, 0x68, 0x7, 0x1a,
    0x80, 0x79, 0x48, 0x3, 0xb1, 0x40, 0x39, 0x70,
    0x3, 0xe1, 0x0, 0xec, 0x40, 0xe, 0x5f, 0x0,
    0xe2, 0x60, 0xf, 0x21, 0x80, 0x76, 0x58, 0x7,
    0x22, 0x0, 0x3c, 0xc2, 0x1, 0xd8, 0xe0, 0x1c,
    0xfa, 0x1, 0xc2, 0xe0, 0x1e, 0xb4, 0x0, 0xe5,
    0x0,

    /* U+005D "]" */
    0xa, 0xcf, 0x80, 0xac, 0x5f, 0x0, 0xfc, 0x60,
    0x1f, 0xff, 0x93, 0x0, 0xfa, 0xf1, 0x40,

    /* U+005E "^" */
    0x0, 0xcc, 0x20, 0x1e, 0x49, 0xb0, 0xf, 0x46,
    0x82, 0x0, 0x66, 0x42, 0xb8, 0x0, 0x86, 0xa0,
    0x6, 0xdc, 0x1, 0x32, 0x0, 0x9e, 0xc4, 0x0,
    0xa0, 0x1b, 0xd0,

    /* U+005F "_" */
    0x1e, 0xef, 0xf8, 0x80,

    /* U+0060 "`" */
    0xe, 0x30, 0x9, 0xf8, 0x2, 0x94, 0x70, 0xa,
    0x78, 0x80, 0x29, 0x20,

    /* U+0061 "a" */
    0x2, 0x99, 0x55, 0xa0, 0x4, 0x5b, 0x73, 0x54,
    0xb2, 0x0, 0x50, 0x90, 0x0, 0x51, 0x40, 0x11,
    0xe0, 0x18, 0x7c, 0x2, 0x10, 0x1, 0xba, 0x80,
    0x61, 0x9a, 0x67, 0x50, 0x8, 0xf2, 0xa8, 0xa0,
    0x1d, 0x14, 0x60, 0x1f, 0x30, 0x80, 0x42, 0xa0,
    0x13, 0xd0, 0x82, 0x43, 0x98, 0xd, 0xb7, 0x6e,
    0x4c, 0x9b, 0x54,

    /* U+0062 "b" */
    0x0, 0x84, 0x3, 0xf0, 0xdf, 0xf8, 0x3, 0xf0,
    0xdd, 0x0, 0x7f, 0xfc, 0xa3, 0x3b, 0x10, 0x3,
    0xd3, 0x59, 0xd3, 0x68, 0x1, 0x86, 0x48, 0x0,
    0xb1, 0x20, 0x18, 0x40, 0x39, 0x88, 0xc0, 0x3f,
    0x84, 0x4c, 0x1, 0xff, 0x18, 0x7, 0xf8, 0x4c,
    0x3, 0xf8, 0x81, 0xc0, 0x21, 0x0, 0xea, 0x32,
    0x0, 0x86, 0x48, 0x0, 0xcf, 0xe0, 0x3d, 0x45,
    0x17, 0xbd, 0xb8, 0x60,

    /* U+0063 "c" */
    0x0, 0x1d, 0x56, 0x20, 0x3, 0x7d, 0xd5, 0x3b,
    0x48, 0x91, 0xa2, 0x0, 0x42, 0xab, 0x71, 0x0,
    0xdb, 0x9, 0xe0, 0x1f, 0x19, 0x80, 0x3e, 0x33,
    0x0, 0x7c, 0xd8, 0x1, 0xf7, 0x29, 0x0, 0x71,
    0x2a, 0xb1, 0x40, 0x5, 0x22, 0x15, 0x13, 0xdc,
    0x9b, 0x30,

    /* U+0064 "d" */
    0x0, 0xfc, 0x20, 0x1f, 0x16, 0x7e, 0x0, 0x7c,
    0x59, 0x20, 0x1f, 0xf0, 0x80, 0x7f, 0xf6, 0x5b,
    0x75, 0x8c, 0x1, 0xd3, 0x7f, 0xb8, 0x16, 0x1,
    0x23, 0x61, 0x0, 0x19, 0x0, 0x2e, 0x51, 0x0,
    0xde, 0x1, 0x3e, 0x0, 0x7f, 0x19, 0x80, 0x3f,
    0xc6, 0x1, 0xfc, 0xbc, 0x1, 0xfd, 0xcc, 0x1,
    0xdc, 0x1, 0x2a, 0xa4, 0x2, 0x35, 0x0, 0xd6,
    0x39, 0x52, 0xd0, 0x55, 0x0,

    /* U+0065 "e" */
    0x0, 0x2d, 0xd5, 0xd1, 0x0, 0x1f, 0xae, 0xae,
    0x70, 0x4e, 0x6c, 0x2, 0x37, 0x99, 0x38, 0x7,
    0x9, 0xab, 0x55, 0x72, 0x10, 0xd5, 0x7b, 0x24,
    0xcc, 0x1, 0xf3, 0x60, 0x7, 0xdc, 0xa4, 0x1,
    0xc6, 0xaa, 0xc4, 0x0, 0x14, 0xb8, 0x54, 0x43,
    0xb9, 0x34, 0x80,

    /* U+0066 "f" */
    0x0, 0xf1, 0x90, 0x7, 0x35, 0x7e, 0xc8, 0x4,
    0xb5, 0x4c, 0xe9, 0x0, 0xa2, 0x0, 0x1, 0x0,
    0x84, 0x90, 0x3, 0xca, 0x20, 0x1c, 0x75, 0x23,
    0x99, 0x8, 0x1d, 0x48, 0xe6, 0x42, 0x1, 0xff,
    0xe4, 0x10, 0xf, 0xfe, 0x30, 0x80, 0x71, 0x55,
    0x2, 0xe4, 0x2,

    /* U+0067 "g" */
    0x0, 0x15, 0x52, 0x6d, 0x9e, 0xd4, 0x7, 0x3a,
    0xa6, 0xa4, 0x21, 0x1, 0x89, 0x0, 0x3, 0x18,
    0x62, 0x1e, 0xc0, 0x18, 0x98, 0x2, 0xe6, 0x0,
    0xda, 0xe0, 0x13, 0xb, 0x80, 0xd, 0xa0, 0x3,
    0x75, 0x56, 0xc2, 0x0, 0xd3, 0xb5, 0x49, 0x20,
    0xc, 0x80, 0x1f, 0xe7, 0x44, 0x11, 0x42, 0x1,
    0x8d, 0xef, 0x76, 0xef, 0x70, 0x1, 0x87, 0xfe,
    0xe9, 0x83, 0xe, 0xb0, 0xc, 0x2c, 0x6c, 0x4,
    0x60, 0x1e, 0x24, 0x4, 0x80, 0xc, 0x57, 0x2,
    0x14, 0x19, 0x77, 0xa5, 0x80,

    /* U+0068 "h" */
    0x3, 0x78, 0x0, 0xfe, 0x1b, 0xd6, 0x0, 0xfe,
    0x18, 0xf0, 0xf, 0xff, 0x51, 0x57, 0x71, 0xc0,
    0x3e, 0x58, 0x9e, 0xb8, 0x40, 0xe, 0x13, 0xa3,
    0x5, 0x4d, 0x0, 0xf3, 0x0, 0x62, 0x30, 0xe,
    0x10, 0xe, 0x11, 0x0, 0x7f, 0xf9, 0x84, 0x3,
    0xff, 0x88, 0x35, 0x41, 0xa5, 0x2, 0xa6, 0x4a,
    0x30,

    /* U+0069 "i" */
    0x0, 0x4e, 0x80, 0x63, 0x30, 0x80, 0x55, 0xc2,
    0x1, 0xfe, 0x20, 0x0, 0xdf, 0xe8, 0x0, 0x6e,
    0x80, 0x38, 0x40, 0x3f, 0xfb, 0x93, 0x61, 0x4a,

    /* U+006A "j" */
    0x0, 0xd5, 0xa0, 0x1c, 0x26, 0x1, 0xd7, 0xc0,
    0x1f, 0xfc, 0x1, 0x30, 0x8, 0xaf, 0xf4, 0x2,
    0x2b, 0x83, 0x0, 0xff, 0xe0, 0x18, 0x7, 0xff,
    0x40, 0x40, 0x3f, 0xf8, 0x6, 0x1, 0xf3, 0x80,
    0x70, 0x88, 0x3, 0xb7, 0x0, 0x5c, 0xc5, 0x98,
    0x5, 0x39, 0x5a, 0x0,

    /* U+006B "k" */
    0x3, 0x79, 0x0, 0xfc, 0x37, 0xac, 0x1, 0xf8,
    0x63, 0xc4, 0x3, 0xff, 0xcc, 0xd9, 0xfe, 0xa2,
    0x0, 0xf3, 0x43, 0x7d, 0x10, 0x7, 0x8f, 0xa4,
    0x3, 0xf1, 0x7d, 0x0, 0x7e, 0x1d, 0x20, 0xf,
    0xc3, 0x7a, 0xc, 0x1, 0xfa, 0xca, 0x20, 0x1,
    0xf0, 0x88, 0x18, 0xe0, 0x3, 0xfd, 0x2e, 0x20,
    0x1f, 0xc8, 0x8b, 0x0, 0xd, 0x50, 0x69, 0x80,
    0x12, 0xb4, 0xc0,

    /* U+006C "l" */
    0x3, 0x79, 0x0, 0xd, 0xeb, 0x0, 0x6, 0x3c,
    0x40, 0x3f, 0xff, 0xe0, 0x1c, 0x55, 0x41, 0xb7,

    /* U+006D "m" */
    0x6, 0xab, 0x3, 0xbf, 0xd4, 0x1, 0x9e, 0xe4,
    0x80, 0x42, 0x6, 0xcb, 0x53, 0xc9, 0x45, 0x5b,
    0xda, 0xee, 0x0, 0xb, 0x61, 0x1c, 0x90, 0xc8,
    0xfd, 0xa0, 0x1b, 0x60, 0x7, 0x98, 0x3, 0x14,
    0x0, 0x6d, 0x60, 0xe, 0x10, 0xf, 0xff, 0xf8,
    0x7, 0xff, 0x38, 0xc0, 0x31, 0x98, 0x0, 0x35,
    0x41, 0xa5, 0x5, 0xa2, 0x99, 0x0, 0xd4, 0x8d,
    0x20,

    /* U+006E "n" */
    0x6, 0xab, 0x2, 0xae, 0xe3, 0x80, 0x42, 0x6,
    0xcb, 0x13, 0xd7, 0x6, 0x0, 0x16, 0xc2, 0x3a,
    0x30, 0x53, 0xb0, 0xf, 0x30, 0x6, 0x51, 0x0,
    0xe1, 0x0, 0xf1, 0x80, 0x7f, 0xfd, 0xc6, 0xa8,
    0x34, 0xa0, 0x74, 0xcb, 0x44,

    /* U+006F "o" */
    0x0, 0x2d, 0xd5, 0x44, 0x1, 0x47, 0x5d, 0x52,
    0x3d, 0x1, 0x1a, 0x80, 0x22, 0x8a, 0xe, 0x71,
    0x0, 0xca, 0x2a, 0xfc, 0x1, 0xe3, 0xd3, 0x10,
    0xf, 0x39, 0x18, 0x7, 0xce, 0x4f, 0xe0, 0x1e,
    0x2d, 0xe7, 0x0, 0xe4, 0x5, 0x46, 0xa0, 0x8,
    0xa6, 0x80, 0x11, 0xf5, 0x54, 0x7a, 0x0,

    /* U+0070 "p" */
    0x6, 0xab, 0x8, 0xce, 0xc4, 0x0, 0x9, 0x99,
    0x66, 0xb3, 0xa6, 0xd0, 0x5, 0x70, 0x64, 0x80,
    0xb, 0x12, 0x1, 0x8, 0x80, 0x39, 0x88, 0x80,
    0x1f, 0xc2, 0x27, 0x0, 0xff, 0x8c, 0x3, 0xfc,
    0x26, 0x1, 0xfc, 0x40, 0xe0, 0x10, 0x80, 0x75,
    0x19, 0x0, 0x69, 0x10, 0x3, 0x3f, 0x80, 0x61,
    0xbb, 0x6f, 0x6e, 0x18, 0x7, 0x15, 0x6f, 0x59,
    0x80, 0x7f, 0xf1, 0x4, 0x3, 0xff, 0x92, 0x33,
    0x43, 0x72, 0x1, 0xe0,

    /* U+0071 "q" */
    0x0, 0x36, 0xeb, 0x18, 0x1c, 0x2, 0x9b, 0xfd,
    0xc3, 0xaa, 0x0, 0x11, 0xb0, 0x80, 0xa, 0x40,
    0x17, 0x28, 0x80, 0x6e, 0x0, 0x9f, 0x0, 0x3f,
    0x8c, 0xc0, 0x1f, 0xe3, 0x0, 0xfe, 0x5f, 0x0,
    0xfe, 0xe7, 0x10, 0xd, 0xe0, 0x12, 0xaa, 0x84,
    0x0, 0xc4, 0x1, 0xac, 0xf3, 0x6c, 0xb8, 0x3,
    0xa3, 0x75, 0x68, 0x1, 0xff, 0xd5, 0x30, 0xf,
    0xc7, 0x52, 0x54, 0xc0,

    /* U+0072 "r" */
    0x0, 0x8, 0x80, 0x38, 0xff, 0xb4, 0xe, 0xbe,
    0xcf, 0xa4, 0x4c, 0x29, 0x74, 0x4, 0xcc, 0xa6,
    0x14, 0xc0, 0x10, 0xa0, 0x7, 0xe2, 0x0, 0xf8,
    0x40, 0x3f, 0xfb, 0xa3, 0x54, 0x1b, 0x80, 0x8,

    /* U+0073 "s" */
    0x4, 0xba, 0xa6, 0x20, 0x1c, 0x5d, 0x52, 0x68,
    0x2a, 0xc0, 0x25, 0x20, 0x1b, 0x0, 0xdc, 0x12,
    0x5a, 0xa0, 0x2, 0x1, 0xf4, 0xae, 0x80, 0x8,
    0x67, 0xe1, 0xac, 0x3, 0x9b, 0x10, 0x98, 0x3,
    0x10, 0x2, 0xc0, 0x33, 0x21, 0x13, 0x6a, 0x97,
    0xd6, 0x0,

    /* U+0074 "t" */
    0x0, 0xa, 0x80, 0x72, 0xf8, 0x7, 0x10, 0x7,
    0xb8, 0xc0, 0x27, 0xb7, 0x6c, 0xc3, 0x3d, 0xab,
    0x66, 0x18, 0x3, 0xff, 0xc0, 0x60, 0x1e, 0xe4,
    0x0, 0x8, 0x1, 0x99, 0xb6, 0xa0,

    /* U+0075 "u" */
    0x0, 0x8, 0x80, 0x38, 0x40, 0x5, 0x7d, 0x60,
    0x12, 0xe7, 0x30, 0x15, 0xb0, 0x6, 0x5c, 0x20,
    0xe, 0x30, 0xf, 0x18, 0x7, 0xff, 0xa0, 0xc0,
    0x38, 0xc0, 0x37, 0x30, 0x6, 0x51, 0x0, 0xc8,
    0x6e, 0x25, 0x26, 0x40, 0x18, 0xea, 0x9d, 0xcd,
    0x61, 0xad,

    /* U+0076 "v" */
    0x1a, 0xff, 0x5a, 0x81, 0x57, 0xf9, 0x86, 0xa0,
    0x6d, 0x40, 0xa9, 0x7d, 0x80, 0xc, 0x26, 0x1,
    0xfc, 0x29, 0x40, 0x12, 0xf8, 0x7, 0x73, 0x80,
    0x5e, 0xa0, 0x1c, 0xa2, 0x80, 0x3, 0x0, 0xf9,
    0xb8, 0x17, 0x40, 0x3e, 0xa5, 0xc, 0x40, 0xf,
    0x8c, 0x98, 0x40, 0x3f, 0xaa, 0x6c, 0x3, 0xf9,
    0x48, 0xc0, 0x30,

    /* U+0077 "w" */
    0xa, 0xff, 0x5a, 0x3, 0x5f, 0xdb, 0x83, 0x5f,
    0xe1, 0x85, 0x41, 0x5a, 0x3, 0x40, 0x7b, 0x83,
    0x5a, 0x61, 0x80, 0x14, 0x88, 0x1, 0x5b, 0xe8,
    0x4, 0x98, 0x1, 0x88, 0xd4, 0x2, 0x1a, 0x70,
    0xb, 0x14, 0x3, 0xaf, 0x0, 0x7, 0x84, 0x44,
    0x0, 0x11, 0x0, 0x39, 0x50, 0x42, 0xd0, 0x2f,
    0x40, 0x48, 0x3, 0xc4, 0x44, 0x1, 0x10, 0x2b,
    0x83, 0xd8, 0x7, 0xcb, 0xe7, 0xe0, 0x2, 0x34,
    0xf3, 0x0, 0xfa, 0x96, 0x9c, 0x2, 0x5d, 0x10,
    0xf, 0xc4, 0x44, 0x10, 0xa, 0xdb, 0x0, 0x3f,
    0x96, 0xc0, 0x31, 0x92, 0x0, 0x60,

    /* U+0078 "x" */
    0x6f, 0xf6, 0x38, 0x15, 0x7f, 0x95, 0xbd, 0x19,
    0xc0, 0xa1, 0x7d, 0x40, 0x12, 0xa8, 0x0, 0x9b,
    0x0, 0xc5, 0x34, 0xf, 0xe2, 0x1, 0xcc, 0x59,
    0xe8, 0x1, 0xf4, 0x1e, 0x0, 0x7e, 0xe6, 0x90,
    0xf, 0x9b, 0xe4, 0x20, 0x3, 0x8b, 0xd4, 0x39,
    0xcc, 0x3, 0x4c, 0x0, 0xd, 0xf8, 0x0, 0xfe,
    0x96, 0x0, 0x73, 0x2f, 0x70,

    /* U+0079 "y" */
    0x1a, 0xff, 0x52, 0x1, 0x57, 0xf9, 0xc6, 0xa0,
    0xa9, 0x0, 0xa9, 0xb5, 0xc0, 0xc, 0x46, 0x1,
    0x88, 0x80, 0x10, 0xa5, 0x0, 0x49, 0xa0, 0x1d,
    0xce, 0x1, 0x6b, 0x80, 0x72, 0x8a, 0x0, 0xc,
    0x40, 0x3c, 0xdc, 0xb, 0xe0, 0x1f, 0x52, 0x86,
    0x28, 0x7, 0xc6, 0x4c, 0x1, 0xfe, 0xa9, 0xa0,
    0xf, 0xe6, 0x3, 0x0, 0xff, 0x28, 0x7, 0xfa,
    0x6c, 0x3, 0xf8, 0x40, 0x40, 0x3d, 0x4e, 0x37,
    0x20, 0x1e, 0x16, 0x8e, 0x81, 0x0, 0xf0,

    /* U+007A "z" */
    0xe, 0xba, 0xad, 0xf6, 0x0, 0x1b, 0xaa, 0xa0,
    0x20, 0x0, 0x60, 0x1b, 0x9c, 0xc0, 0x1a, 0x1,
    0x38, 0xc0, 0x4, 0x20, 0x2, 0x8e, 0x0, 0xfb,
    0x9c, 0xc0, 0x3c, 0xe3, 0x0, 0x1e, 0x28, 0xe0,
    0x9, 0x0, 0x2e, 0x73, 0x0, 0xa0, 0x41, 0xc6,
    0x0, 0x31, 0x88, 0x40, 0x55, 0x6b, 0x0, 0x0,

    /* U+007B "{" */
    0x0, 0x93, 0x31, 0x0, 0x2, 0xad, 0xc8, 0x0,
    0x22, 0x4, 0x3, 0x18, 0x80, 0x73, 0x30, 0x3,
    0x8c, 0xc0, 0x1e, 0x73, 0x0, 0xee, 0x70, 0xe,
    0xc5, 0x0, 0x9e, 0x60, 0x40, 0x23, 0x5, 0x0,
    0xc9, 0x38, 0x40, 0x1d, 0xae, 0x1, 0xda, 0xc0,
    0x1c, 0x86, 0x1, 0x8c, 0x80, 0x39, 0x58, 0x3,
    0x8c, 0x40, 0x39, 0x15, 0x0, 0x30, 0xe6, 0xdc,
    0x0,

    /* U+007C "|" */
    0x23, 0x74, 0x0, 0xff, 0xef, 0x0,

    /* U+007D "}" */
    0x3b, 0xc8, 0x0, 0x8e, 0xf0, 0x60, 0x3, 0xa9,
    0x40, 0x39, 0xc4, 0x3, 0x89, 0x40, 0x3b, 0xf0,
    0x3, 0x95, 0x40, 0x1f, 0xfc, 0x6, 0x30, 0xe,
    0xba, 0x84, 0x0, 0xee, 0x60, 0xa, 0xe1, 0x88,
    0x2, 0x61, 0x0, 0xf0, 0x80, 0x72, 0xb8, 0x7,
    0x66, 0x0, 0x39, 0x98, 0x1, 0xce, 0x1, 0xc3,
    0xf6, 0x0, 0x3a, 0xa6, 0xb8, 0x0,

    /* U+007E "~" */
    0x9, 0xdc, 0x30, 0x9, 0x89, 0xfb, 0x7b, 0xdc,
    0x6, 0x8b, 0xdc, 0xb, 0x3f, 0x75, 0xe0,

    /* U+00B7 "·" */
    0x2, 0xb, 0xd2, 0x20, 0x98,

    /* U+3002 "。" */
    0x9, 0xaa, 0x38, 0x55, 0xd5, 0x1, 0x40, 0x80,
    0xf, 0x80, 0x40, 0x6, 0xca, 0xba, 0xa0, 0xa8,

    /* U+300A "《" */
    0x0, 0xe6, 0x10, 0x80, 0xe, 0x1d, 0x13, 0x10,
    0xe, 0x89, 0x8, 0x80, 0x6, 0x30, 0x25, 0xc1,
    0x0, 0xd1, 0x0, 0xe7, 0x0, 0xcb, 0x82, 0xfc,
    0x1, 0xdc, 0xe3, 0x8a, 0x1, 0x9f, 0xc2, 0x24,
    0x3, 0xe, 0x21, 0x81, 0x0, 0x67, 0xe0, 0xaa,
    0x0, 0x73, 0x70, 0x5c, 0x80, 0x7b, 0x58, 0x88,
    0x80, 0x1c, 0xda, 0x31, 0xe0, 0x1e, 0x89, 0xe,
    0x60, 0xe, 0x32, 0x22, 0xe8, 0x80, 0x75, 0xc0,
    0x44, 0x0, 0x38, 0x49, 0xc, 0xc4, 0x1, 0xd1,
    0xe1, 0x72, 0x1, 0xef, 0x11, 0x70, 0x0,

    /* U+300B "》" */
    0x8, 0x1, 0x60, 0xf, 0x9, 0x8e, 0x88, 0x7,
    0x44, 0x2, 0x60, 0x3, 0x87, 0x14, 0x80, 0xc0,
    0x39, 0xf8, 0x22, 0x0, 0x1e, 0xe7, 0x1c, 0x50,
    0xe, 0x5c, 0x17, 0xe0, 0xf, 0x4c, 0x7, 0xb8,
    0x7, 0x10, 0x1a, 0x60, 0x80, 0x75, 0x50, 0x39,
    0xc0, 0x3a, 0x60, 0x39, 0x80, 0x32, 0x10, 0xb7,
    0x0, 0x77, 0xc0, 0xea, 0x80, 0x66, 0xe0, 0x88,
    0x0, 0x61, 0xd5, 0x23, 0x30, 0x6, 0x88, 0x4,
    0x58, 0x6, 0x23, 0x32, 0x10, 0x80, 0x69, 0xb0,
    0xf8, 0x0, 0xee, 0x11, 0x78, 0x7, 0x0,

    /* U+4E01 "丁" */
    0x0, 0xff, 0xe2, 0x38, 0x1, 0x66, 0x7f, 0x6c,
    0xcf, 0x5c, 0x68, 0x2c, 0xcf, 0xe3, 0x99, 0xeb,
    0xfd, 0x0, 0xff, 0xff, 0x80, 0x7f, 0xff, 0xc0,
    0x3f, 0xff, 0xe0, 0x1f, 0xfd, 0x4, 0x6b, 0xd4,
    0x0, 0xff, 0xe1, 0x23, 0x54, 0xd0, 0x7, 0xf0,

    /* U+4E1C "东" */
    0x0, 0xfc, 0x80, 0x1f, 0xfc, 0x53, 0x92, 0x0,
    0xff, 0xe2, 0x4c, 0x88, 0x3, 0xff, 0x86, 0x4c,
    0x80, 0x1f, 0x1e, 0x90, 0x3c, 0xce, 0xd2, 0x99,
    0xfd, 0x49, 0x40, 0xf3, 0x35, 0x9f, 0x4c, 0xff,
    0xa0, 0x3, 0xa2, 0x0, 0x16, 0x18, 0x7, 0xfc,
    0x62, 0x80, 0x11, 0x18, 0x7, 0xfd, 0x10, 0x0,
    0xff, 0x10, 0x7, 0x5a, 0x2b, 0x36, 0x16, 0x6d,
    0x5a, 0x80, 0x1b, 0x69, 0x57, 0x81, 0x57, 0x4e,
    0x28, 0x6, 0x65, 0x15, 0x33, 0x84, 0xcc, 0x6,
    0x70, 0x80, 0x7b, 0xb0, 0x40, 0x3d, 0x44, 0x1,
    0xf3, 0x5, 0x8, 0x7, 0x1d, 0xf2, 0x80, 0x71,
    0xde, 0x80, 0x7e, 0x1d, 0x86, 0x0, 0x8b, 0xfc,
    0x20, 0x1f, 0xc3, 0xf2, 0x60, 0x51, 0xa4, 0x1,
    0xff, 0x14, 0xc8, 0x12, 0x84, 0x2, 0x58, 0xa3,
    0x0, 0xf3, 0x40, 0x30, 0x7, 0x2c, 0x66, 0x0,
    0x3e, 0x20,

    /* U+4E4B "之" */
    0x0, 0xf9, 0x44, 0x3, 0xff, 0x8c, 0x9a, 0x60,
    0x1f, 0xfc, 0x51, 0xfd, 0x10, 0xf, 0xfe, 0x29,
    0xbb, 0x0, 0x7f, 0xf1, 0xad, 0x0, 0x30, 0xa8,
    0x6, 0x19, 0x9f, 0xae, 0xa6, 0x77, 0x41, 0x0,
    0x43, 0x33, 0xff, 0xc0, 0xe4, 0xd2, 0x0, 0xff,
    0xe1, 0xb5, 0xd8, 0x3, 0xff, 0x88, 0xfb, 0x80,
    0x1f, 0xfc, 0x49, 0xeb, 0x0, 0xff, 0xe1, 0x8d,
    0xfc, 0x80, 0x7f, 0xf0, 0xd6, 0xa5, 0x80, 0x3f,
    0xf8, 0x43, 0x25, 0x64, 0x1, 0xff, 0xc2, 0x68,
    0x83, 0x80, 0x7f, 0xf0, 0x97, 0xd6, 0x44, 0x3,
    0xff, 0x84, 0xd9, 0xd0, 0x40, 0x1f, 0xfc, 0x26,
    0xa9, 0x1a, 0x8a, 0x41, 0x0, 0xff, 0xaf, 0x80,
    0x3, 0x53, 0x95, 0xbb, 0xf7, 0x48, 0x3, 0x8,
    0x3, 0x1c, 0x5e, 0xef, 0xdd, 0x20,

    /* U+4E54 "乔" */
    0x0, 0xff, 0xe1, 0x18, 0x7, 0xfc, 0x26, 0xaf,
    0x59, 0xb0, 0xc0, 0x1c, 0xce, 0xe8, 0x99, 0x45,
    0x24, 0x66, 0xdb, 0x0, 0x73, 0x3b, 0xa2, 0x60,
    0xa0, 0xc8, 0x3, 0xff, 0x86, 0x8a, 0x1, 0xff,
    0xc4, 0x57, 0x20, 0xf, 0x24, 0x80, 0xcc, 0xfa,
    0x9a, 0x65, 0xd5, 0x33, 0x68, 0x20, 0xcc, 0xf0,
    0xbe, 0x4c, 0xbc, 0xa6, 0x79, 0x0, 0x39, 0xe,
    0x0, 0x21, 0xd9, 0x0, 0xfe, 0x4f, 0xd5, 0x0,
    0xc6, 0x18, 0x80, 0x1e, 0x6c, 0xbc, 0x60, 0xd,
    0x71, 0xd1, 0xae, 0x60, 0x50, 0x50, 0x1, 0xf8,
    0x4b, 0x3b, 0x8c, 0x6f, 0x8, 0x0, 0x11, 0x0,
    0x7e, 0x39, 0x53, 0x50, 0xc, 0xc4, 0x1, 0xff,
    0xc4, 0x37, 0x0, 0xff, 0xe2, 0xc4, 0x0, 0x3f,
    0xf8, 0x65, 0x52, 0x40, 0x1f, 0xfc, 0x13, 0x74,
    0xa2, 0x0, 0xf0, 0x80, 0x7c, 0x6e, 0xc0, 0x1f,
    0xb0, 0x3, 0xc0,

    /* U+4E5F "也" */
    0x0, 0xff, 0x3a, 0x0, 0x7f, 0xf1, 0xa5, 0x0,
    0x3f, 0xf8, 0x3c, 0x60, 0x1f, 0xfc, 0x63, 0x30,
    0x7, 0xf1, 0x80, 0x7f, 0xf1, 0x56, 0x71, 0x80,
    0x3f, 0xf8, 0x2, 0xb3, 0x21, 0x94, 0x70, 0xf,
    0xf2, 0x48, 0xc, 0xc9, 0x0, 0x3f, 0xc5, 0x12,
    0x32, 0x28, 0x1, 0x9c, 0x40, 0x31, 0xc4, 0x84,
    0x4a, 0x80, 0x7f, 0xf0, 0x21, 0x66, 0x44, 0x1,
    0xff, 0xc3, 0x86, 0x10, 0xf, 0xf8, 0x9c, 0x3,
    0xff, 0x8c, 0x98, 0x1, 0xff, 0xc3, 0x15, 0xcb,
    0x60, 0xf, 0xfe, 0xa, 0x80, 0xaf, 0x68, 0x82,
    0x0, 0x7f, 0xd6, 0x1, 0x10, 0x0, 0x44, 0x1,
    0xff, 0xc6, 0x50, 0xf, 0x8c, 0x3, 0xfe, 0xd3,
    0x0, 0xf4, 0xee, 0x67, 0xed, 0xd3, 0x68, 0x7,
    0x9f, 0x73, 0x3f, 0x6e, 0xbe, 0xc0,

    /* U+4E86 "了" */
    0x13, 0x3f, 0xfe, 0xc, 0x40, 0xd, 0x57, 0xff,
    0x81, 0xe, 0x42, 0x4c, 0xdf, 0xf0, 0x36, 0x50,
    0x80, 0x7f, 0xd2, 0x3a, 0x60, 0x1f, 0xf1, 0xc5,
    0xb8, 0x7, 0xfc, 0x7c, 0xf0, 0x40, 0x1f, 0xfc,
    0x14, 0x40, 0x7, 0xff, 0xfc, 0x3, 0xff, 0xfe,
    0x1, 0xff, 0xc2, 0x57, 0xbe, 0xd0, 0xf, 0xfe,
    0x2, 0xbc, 0x4b, 0x80, 0x7e,

    /* U+4ED6 "他" */
    0x0, 0xc6, 0x60, 0xe, 0x22, 0x0, 0x7f, 0xbe,
    0xc0, 0x3a, 0x50, 0x3, 0xf8, 0x4a, 0x2, 0x90,
    0x2, 0x40, 0xf, 0xe6, 0x60, 0x1, 0x10, 0x1,
    0xff, 0xc1, 0xaa, 0x0, 0x7f, 0x8f, 0x88, 0x2,
    0x42, 0x20, 0x7, 0xcc, 0xf4, 0x82, 0x1, 0xa8,
    0x40, 0x38, 0x5d, 0x39, 0x69, 0xc4, 0x80, 0x6,
    0xaa, 0x0, 0x8, 0xaa, 0x55, 0x20, 0x80, 0x3d,
    0x30, 0x7, 0x52, 0x15, 0x4, 0x1, 0xf9, 0xa4,
    0x0, 0x75, 0x2, 0x1, 0xff, 0x29, 0x80, 0x7f,
    0xf0, 0x44, 0x80, 0x6, 0x1, 0xff, 0xc2, 0x56,
    0x0, 0xff, 0xe1, 0xa, 0xe5, 0xf0, 0x7, 0xff,
    0x8, 0x57, 0xf5, 0x8, 0x3, 0xff, 0x86, 0x64,
    0x8, 0x1, 0xff, 0xc0, 0xb2, 0x0, 0xde, 0x1,
    0xf8, 0xc8, 0x3, 0xe4, 0x50, 0xf, 0xd1, 0xdb,
    0xbf, 0x43, 0x98,

    /* U+4EE5 "以" */
    0x28, 0x20, 0x50, 0xf, 0x8f, 0x48, 0x0, 0xee,
    0x20, 0x4b, 0x10, 0xf, 0x31, 0x0, 0x19, 0x40,
    0x3, 0xda, 0x1, 0xce, 0x20, 0x1f, 0x94, 0x20,
    0x3, 0x8, 0x7, 0xfb, 0xdc, 0x40, 0x23, 0x30,
    0x7, 0xf1, 0x99, 0x0, 0x21, 0xe0, 0xf, 0xf4,
    0x38, 0x5, 0xc2, 0x1, 0xfe, 0x42, 0x0, 0x95,
    0x40, 0x1f, 0xfc, 0x33, 0x30, 0x7, 0xff, 0x9,
    0x10, 0x1, 0xff, 0x30, 0x5, 0x3c, 0x1, 0xfc,
    0x90, 0xc0, 0x4, 0x2c, 0x0, 0xf8, 0x68, 0xa0,
    0x0, 0x33, 0x95, 0x82, 0x1, 0x9e, 0xa1, 0x80,
    0x3, 0xb0, 0x66, 0xbd, 0x0, 0x42, 0xfd, 0x90,
    0x0, 0xf7, 0xd4, 0x0, 0xe3, 0x1, 0x91, 0x0,
    0x0, 0xcd, 0x69, 0x80, 0x69, 0x70, 0x77, 0x1,
    0x44, 0xdc, 0x88, 0x7, 0x20, 0x98, 0x0, 0x5e,
    0x20, 0x40, 0x1f, 0xa8, 0xc0,

    /* U+514B "克" */
    0x0, 0xfe, 0x75, 0x0, 0xff, 0xe2, 0xd2, 0x80,
    0x7f, 0xf3, 0x1e, 0x80, 0xd, 0x33, 0xf1, 0x4c,
    0xfb, 0x8c, 0xc0, 0xd3, 0x3f, 0x14, 0xcf, 0xe3,
    0x0, 0xc6, 0x1, 0xfc, 0x66, 0x0, 0xfb, 0x66,
    0x70, 0xcc, 0xec, 0xe1, 0x0, 0xfa, 0x67, 0x64,
    0xce, 0x8b, 0x10, 0xf, 0xff, 0x9, 0x17, 0xf7,
    0x0, 0x7e, 0x15, 0x56, 0xc2, 0xab, 0x55, 0x4e,
    0x1, 0xfa, 0x5d, 0xc3, 0x4e, 0xe1, 0x77, 0x63,
    0x80, 0x7c, 0xc0, 0x64, 0x1, 0xe2, 0x10, 0xf,
    0xe9, 0x90, 0x7, 0xf8, 0xc0, 0x39, 0x41, 0x40,
    0x3f, 0xc8, 0x1, 0x9f, 0xe8, 0x3, 0xfc, 0x5e,
    0x2, 0xd2, 0x74, 0x1, 0xcb, 0x99, 0xde, 0x80,
    0x8f, 0x28, 0x1, 0xeb, 0xcc, 0xed, 0xc0,

    /* U+518D "再" */
    0x0, 0xff, 0xec, 0x1e, 0x8, 0x1, 0x66, 0x7e,
    0xfc, 0x99, 0xea, 0x57, 0x0, 0x2c, 0xcf, 0xc9,
    0xd3, 0x3f, 0x30, 0x6, 0x11, 0x0, 0x7f, 0x90,
    0x40, 0x3c, 0xbd, 0x33, 0x93, 0xa6, 0x75, 0xf8,
    0x80, 0x79, 0x66, 0x72, 0x74, 0xce, 0x6a, 0x10,
    0xf, 0xfe, 0x9b, 0x88, 0x7, 0xff, 0x5, 0x66,
    0x71, 0xc4, 0xce, 0x60, 0xf, 0xcb, 0x33, 0x92,
    0x67, 0x98, 0x3, 0xff, 0x92, 0x40, 0x1, 0x88,
    0x4a, 0xc4, 0x64, 0x88, 0xe6, 0x9c, 0xd1, 0x14,
    0xca, 0x12, 0x67, 0x75, 0xcc, 0xe5, 0x8f, 0xd1,
    0x1, 0x1f, 0xfe, 0x11, 0x88, 0x80, 0x3f, 0xfa,
    0xa2, 0x86, 0x62, 0x0, 0xfc, 0x60, 0x1e, 0x14,
    0x7d, 0x4, 0x0, 0x80,

    /* U+5199 "写" */
    0x0, 0xff, 0xe4, 0x93, 0x88, 0xff, 0xf0, 0x68,
    0x40, 0xd, 0x13, 0x3f, 0xfc, 0x8, 0x56, 0x0,
    0x7d, 0x44, 0xe, 0xe2, 0x3f, 0x7b, 0x38, 0x53,
    0x28, 0x1b, 0x98, 0x7, 0xef, 0x90, 0x7, 0x60,
    0x1, 0x54, 0x1, 0xf1, 0x44, 0x80, 0x48, 0x20,
    0xf, 0x69, 0x9f, 0xa0, 0xd0, 0x3, 0xe5, 0xc9,
    0x9f, 0xaa, 0xd0, 0x3, 0xe3, 0x30, 0x7, 0xff,
    0x12, 0xc2, 0x23, 0xfb, 0xcc, 0x3, 0xd3, 0x3f,
    0xea, 0x13, 0x0, 0xf1, 0x30, 0x8f, 0xe0, 0x50,
    0xf, 0xfe, 0x13, 0x58, 0xb1, 0x0, 0x69, 0x9f,
    0xf7, 0x92, 0x1f, 0x0, 0x69, 0x9f, 0xfe, 0x2,
    0xe9, 0x80, 0x7f, 0xf1, 0x51, 0x0, 0x1f, 0xfc,
    0x3, 0x65, 0x4a, 0x70, 0xf, 0xfe, 0x9, 0xb0,
    0x51, 0xc8, 0x6,

    /* U+51EF "凯" */
    0x0, 0xd0, 0x80, 0x1f, 0xfc, 0x24, 0x10, 0x64,
    0x1, 0x40, 0x46, 0x33, 0x4a, 0x80, 0x45, 0x60,
    0x1c, 0xa2, 0x5, 0xa, 0xa6, 0x90, 0x8, 0x40,
    0x40, 0x39, 0x80, 0x12, 0xcc, 0x79, 0x0, 0x88,
    0x80, 0x1f, 0xfc, 0x54, 0x29, 0x90, 0xcc, 0xce,
    0x1, 0xfe, 0x5a, 0x99, 0x7c, 0xcc, 0xc0, 0x1f,
    0xf2, 0x80, 0x73, 0x10, 0x7, 0xf8, 0xe6, 0x7d,
    0xa2, 0x1, 0xfe, 0x39, 0x9f, 0x8, 0x80, 0x3f,
    0xe1, 0x0, 0xfc, 0x22, 0x0, 0xfd, 0xdb, 0x33,
    0x84, 0x1, 0xe6, 0x1, 0xfd, 0x33, 0xce, 0x0,
    0x11, 0x0, 0x7e, 0x27, 0x0, 0xd0, 0x0, 0x55,
    0x0, 0x71, 0x0, 0x7e, 0x50, 0x27, 0x10, 0xe,
    0x40, 0xe, 0x28, 0x82, 0x4, 0x78, 0x7, 0xb8,
    0x0, 0x77, 0x74, 0xc0, 0xb6, 0xa0, 0x7, 0x8c,
    0x0, 0x22, 0xa9, 0x10, 0x70, 0x70, 0xd, 0xb7,
    0xaa, 0x81, 0xf2, 0x20, 0x3, 0x66, 0x0, 0x72,
    0xf6, 0xf2, 0x0,

    /* U+51FA "出" */
    0x0, 0xfd, 0x48, 0x1, 0xff, 0xc4, 0x44, 0x0,
    0x7f, 0xb1, 0x80, 0x3f, 0xd1, 0x40, 0x18, 0xd0,
    0x3, 0xfe, 0xf0, 0xe, 0x30, 0xf, 0xfe, 0x21,
    0x80, 0x7f, 0xfa, 0x4, 0xee, 0x67, 0xc, 0xcf,
    0x38, 0x6, 0x1f, 0xa9, 0x9c, 0x33, 0x3d, 0x6e,
    0x1, 0x5b, 0x0, 0x7f, 0xc8, 0x89, 0x10, 0x45,
    0x0, 0xff, 0xe0, 0x70, 0x8, 0x8, 0x80, 0x3f,
    0xf8, 0x84, 0x1, 0xff, 0xe8, 0x13, 0x99, 0xf0,
    0xcc, 0xf9, 0xc0, 0x3, 0xd7, 0x33, 0xdf, 0x33,
    0xe7, 0xe0,

    /* U+521B "创" */
    0x0, 0xf3, 0x80, 0x7f, 0xa4, 0xc0, 0x39, 0xa1,
    0xc0, 0x3f, 0x9c, 0xc0, 0x3a, 0x34, 0x6c, 0x40,
    0x3f, 0xf8, 0x33, 0x22, 0x6e, 0xc2, 0x0, 0x79,
    0x80, 0x7c, 0x84, 0xe0, 0x5, 0xaf, 0x10, 0x13,
    0x0, 0xf0, 0xfd, 0x80, 0x67, 0x69, 0x0, 0xfe,
    0xbf, 0x0, 0xe3, 0x9f, 0x0, 0xfd, 0x13, 0x73,
    0x3b, 0x70, 0xdc, 0x3, 0xe2, 0x92, 0x39, 0x9e,
    0x61, 0x0, 0xfc, 0x42, 0x1, 0xff, 0xcd, 0x11,
    0x0, 0x7f, 0xf1, 0x4f, 0xc0, 0x3f, 0xf8, 0x6b,
    0x72, 0xa0, 0x1f, 0xfc, 0x35, 0x9d, 0x23, 0x0,
    0x38, 0x7, 0xff, 0x0, 0x88, 0x8, 0x0, 0x90,
    0xf, 0xfe, 0x1f, 0x0, 0x7f, 0xc2, 0x1, 0xe5,
    0x10, 0xf, 0xe1, 0x7d, 0xdf, 0x2, 0x80, 0xe,
    0x2c, 0x80, 0x35, 0x6e, 0xfb, 0x10, 0x0, 0x71,
    0x9e, 0x0,

    /* U+5229 "利" */
    0x0, 0xfe, 0x55, 0x0, 0x78, 0xc4, 0x3, 0xc9,
    0x3d, 0x3a, 0x20, 0x1d, 0xa4, 0x0, 0x36, 0xab,
    0xb7, 0xfb, 0x20, 0x43, 0x48, 0x2, 0x30, 0x40,
    0x7a, 0xb3, 0x71, 0x0, 0xe2, 0x0, 0xe4, 0x31,
    0x0, 0xff, 0xe6, 0xa8, 0x7, 0xf3, 0xcc, 0xd6,
    0x75, 0x35, 0x4c, 0x0, 0xfc, 0xf3, 0x36, 0x5,
    0x4d, 0x7e, 0x0, 0x7f, 0xf0, 0x24, 0x5c, 0x3,
    0xff, 0x87, 0xe, 0x44, 0xb2, 0x0, 0xff, 0xe0,
    0x12, 0xc8, 0x2c, 0x61, 0x80, 0x7f, 0xdd, 0xc0,
    0x8, 0xeb, 0x40, 0x3f, 0xd3, 0x6, 0x1, 0x91,
    0xc0, 0x3f, 0x9f, 0x10, 0x3, 0xd2, 0x1, 0xf8,
    0xd1, 0x40, 0x3f, 0xde, 0x1, 0xc6, 0x60, 0xf,
    0xf8, 0x80, 0x3f, 0xf8, 0xe8, 0x83, 0x0, 0xfc,
    0xe0, 0x1f, 0x20, 0x6b, 0x0, 0x7d, 0x62, 0x1,
    0xf2, 0x74, 0x0,

    /* U+5230 "到" */
    0x0, 0xff, 0xe2, 0x90, 0x80, 0x7f, 0x92, 0x0,
    0x3b, 0x8, 0x1e, 0x66, 0xaa, 0x4c, 0xdc, 0x68,
    0x32, 0x40, 0x3, 0x7, 0x99, 0x81, 0xe2, 0x65,
    0x56, 0x84, 0x50, 0x7, 0xca, 0xf8, 0x2e, 0x1,
    0xff, 0xc1, 0x28, 0xc1, 0x5, 0xc2, 0x0, 0xff,
    0x14, 0xf8, 0x80, 0xa, 0x34, 0x3, 0xf8, 0x74,
    0xae, 0xa9, 0x30, 0x42, 0xc0, 0x1f, 0x85, 0x32,
    0xa8, 0x55, 0xd, 0xa4, 0x1, 0xfd, 0x6a, 0x60,
    0xc6, 0x0, 0x34, 0x0, 0xff, 0xe2, 0xc, 0x0,
    0x7f, 0x1c, 0xce, 0x19, 0x95, 0x24, 0x0, 0x7e,
    0x39, 0x9c, 0x33, 0x2b, 0xc8, 0x0, 0xff, 0xe4,
    0x88, 0x7, 0xff, 0xc, 0x8c, 0xd0, 0x1, 0xfe,
    0x16, 0x99, 0x43, 0x18, 0x10, 0x7, 0x23, 0xce,
    0x6a, 0x1c, 0x4c, 0x20, 0x7, 0xee, 0xe6, 0x6e,
    0xad, 0x44, 0x3, 0x8d, 0xf0, 0x2, 0xa9, 0x51,
    0x0, 0xfe, 0x37, 0x9c, 0x0,

    /* U+529E "办" */
    0x0, 0xfc, 0xec, 0x1, 0xff, 0xc6, 0xb5, 0x0,
    0xff, 0xe3, 0x8, 0x80, 0x3f, 0xfa, 0x62, 0x67,
    0xe2, 0x63, 0x3d, 0x82, 0x1, 0xc6, 0xab, 0xe0,
    0x35, 0x5c, 0x6a, 0x1, 0xc4, 0xcd, 0xce, 0x2e,
    0xcd, 0x39, 0x20, 0x7, 0xc2, 0x40, 0x3, 0x20,
    0xe, 0x12, 0x40, 0xf, 0x2b, 0x80, 0x1d, 0x80,
    0x31, 0xb9, 0x6a, 0x80, 0x77, 0x30, 0x3, 0x70,
    0x3, 0x30, 0x84, 0xd9, 0x80, 0x46, 0x86, 0x0,
    0x57, 0x0, 0xc2, 0x60, 0x9, 0x80, 0x0, 0xf4,
    0x80, 0x11, 0x84, 0x3, 0x17, 0x0, 0x15, 0x0,
    0x18, 0xee, 0x0, 0x44, 0x0, 0x3b, 0x88, 0x0,
    0x4c, 0x0, 0xfa, 0x0, 0x32, 0x18, 0x7, 0x2b,
    0x80, 0x52, 0x0, 0x20, 0x1, 0xec, 0x0, 0x78,
    0x88, 0x1, 0xf8, 0xe2, 0xc0, 0x3c, 0x8a, 0x1,
    0xf9, 0x6e, 0xc0, 0x13, 0x3a, 0xaa, 0x78, 0x3,
    0xe7, 0x18, 0x0, 0xcc, 0xcc, 0xba, 0x50, 0xf,
    0x9d, 0x0, 0x3c, 0x33, 0xce, 0x1, 0xf0,

    /* U+539F "原" */
    0x0, 0xff, 0xe2, 0x90, 0x7, 0x6b, 0x37, 0xff,
    0x7, 0xf0, 0x40, 0x22, 0x55, 0xf0, 0xfa, 0xaf,
    0x77, 0x4, 0x2, 0x23, 0x3f, 0x6e, 0x19, 0xf8,
    0x80, 0x3e, 0x22, 0x8, 0xc8, 0x23, 0xa0, 0x3,
    0xf9, 0x3a, 0x64, 0x53, 0x3a, 0x1d, 0x40, 0x3f,
    0x92, 0x21, 0x31, 0x1a, 0x49, 0x40, 0x3f, 0xf9,
    0x82, 0x20, 0x9, 0xe6, 0x7e, 0xa2, 0x0, 0xff,
    0x3c, 0xcf, 0xd4, 0x40, 0x1c, 0x6c, 0x1, 0xff,
    0xc6, 0x62, 0x0, 0x9e, 0x66, 0xf9, 0x9c, 0x40,
    0x1c, 0x5c, 0x0, 0x7d, 0x99, 0x86, 0x67, 0x60,
    0x7, 0x7a, 0x80, 0x5, 0x30, 0x80, 0x24, 0x81,
    0x30, 0xe, 0x23, 0x0, 0x1c, 0x71, 0x0, 0x49,
    0x58, 0xc0, 0x18, 0x44, 0x0, 0x2f, 0xc2, 0x0,
    0xe2, 0xfb, 0x80, 0x9, 0xe4, 0x12, 0x34, 0x80,
    0x3e, 0x2f, 0x63, 0x0, 0x71, 0x90, 0x50, 0x93,
    0x4e, 0x10, 0x6, 0x2a, 0x10, 0x4, 0x81, 0x20,
    0x0, 0x9a, 0x6b, 0x40, 0x39, 0x8, 0x0,

    /* U+53EF "可" */
    0x0, 0xff, 0xec, 0xe, 0x98, 0xc, 0xcf, 0xff,
    0xb, 0xe1, 0x2c, 0x6, 0x67, 0xff, 0x84, 0x33,
    0x28, 0x0, 0xff, 0xe6, 0x20, 0x8f, 0x32, 0x0,
    0x7f, 0xf0, 0x26, 0x7e, 0x81, 0x0, 0xff, 0xe0,
    0x44, 0x73, 0xc8, 0x80, 0x7f, 0xff, 0xc0, 0x3f,
    0xf8, 0x85, 0x33, 0xce, 0x1, 0xff, 0xc1, 0x29,
    0x9e, 0x71, 0x0, 0xff, 0xe0, 0x38, 0x7, 0x42,
    0x0, 0x7f, 0xf0, 0x28, 0x3, 0xff, 0xa6, 0x60,
    0x1f, 0xfc, 0x33, 0x69, 0xa1, 0x0, 0xff, 0xe1,
    0x9b, 0x59, 0x70, 0x6,

    /* U+53F2 "史" */
    0x0, 0xfe, 0x18, 0x20, 0xf, 0xfe, 0x29, 0x98,
    0x80, 0x3f, 0xfa, 0x6c, 0x67, 0xce, 0xa6, 0x7d,
    0x64, 0x1, 0xd0, 0xab, 0xd8, 0x2a, 0xbc, 0x8a,
    0x1, 0xe6, 0x6e, 0xb4, 0x66, 0xe3, 0x60, 0xf,
    0xff, 0xa8, 0xcc, 0xf7, 0x24, 0xcf, 0x18, 0x7,
    0x86, 0x67, 0xa1, 0xa6, 0x78, 0xc4, 0x3, 0xb4,
    0x1c, 0x2, 0xcc, 0x0, 0x76, 0x0, 0x78, 0xc1,
    0xa0, 0x0, 0xa8, 0x1, 0xff, 0xc2, 0x1d, 0x75,
    0x71, 0x0, 0xff, 0xe1, 0xaf, 0xd4, 0x0, 0x7f,
    0xf1, 0xd, 0x27, 0xa0, 0x40, 0x3f, 0xf8, 0x3,
    0x37, 0x8d, 0x9d, 0x98, 0x73, 0x0, 0xf0, 0xac,
    0x4d, 0xc0, 0x4, 0xdb, 0xff, 0xb6, 0xdc, 0x0,
    0xee, 0x88, 0x10, 0x7, 0x8e, 0x33, 0xfb, 0x8c,
    0x0,

    /* U+540E "后" */
    0x0, 0xff, 0xe0, 0x8a, 0xc8, 0x80, 0x7f, 0xf0,
    0xd, 0xa7, 0x31, 0xfc, 0x80, 0x1e, 0x5b, 0x78,
    0x99, 0x21, 0xde, 0x6d, 0x3a, 0x80, 0x78, 0xcc,
    0xf1, 0x32, 0x75, 0x20, 0xf, 0xfe, 0x7, 0x80,
    0x7f, 0xf5, 0x29, 0x40, 0x3a, 0x26, 0x7f, 0xf8,
    0x1, 0xe2, 0x1, 0xa2, 0x67, 0xff, 0x81, 0x54,
    0x10, 0x8, 0x40, 0x3f, 0xf8, 0xfe, 0x20, 0x40,
    0x1f, 0xc6, 0x1, 0xe1, 0x30, 0xbb, 0x4c, 0xfd,
    0x58, 0x60, 0x1c, 0x6c, 0x0, 0xe9, 0x9f, 0xac,
    0x8c, 0x3, 0x98, 0xc0, 0x3f, 0xfb, 0x28, 0x80,
    0xf, 0xfe, 0x37, 0x48, 0x7, 0xff, 0x14, 0xf4,
    0x40, 0x2b, 0x99, 0xfa, 0xc8, 0x3, 0x5b, 0x80,
    0x43, 0x53, 0x3f, 0x59, 0x80, 0x68, 0x0, 0xd0,
    0x80, 0x1f, 0xe, 0x0, 0x40,

    /* U+548C "和" */
    0x0, 0xf8, 0x98, 0x3, 0xff, 0x84, 0x2d, 0x7f,
    0xe4, 0x0, 0xff, 0x1b, 0xd5, 0xcc, 0xb6, 0x50,
    0x3, 0xe1, 0x1, 0x76, 0xaa, 0x9, 0x0, 0x47,
    0x73, 0x3d, 0xcc, 0x28, 0x20, 0x1f, 0x86, 0x67,
    0x85, 0xc0, 0x3f, 0x20, 0x80, 0x7e, 0x10, 0x99,
    0xb4, 0x66, 0x57, 0xee, 0x1, 0xfd, 0x33, 0x38,
    0x4c, 0xbf, 0x9c, 0x3, 0xff, 0x80, 0xa0, 0xa0,
    0x1f, 0xfc, 0x34, 0x51, 0xb, 0x10, 0xf, 0xfe,
    0xc, 0x48, 0x2e, 0xe0, 0x80, 0x7f, 0xc6, 0xe6,
    0x0, 0x65, 0x70, 0xf, 0xfa, 0x68, 0x3, 0x43,
    0x0, 0x7f, 0x9b, 0xc4, 0x3, 0xff, 0x8a, 0xa0,
    0x1f, 0x96, 0x67, 0x84, 0x0, 0xc0, 0x1f, 0xcb,
    0x33, 0xc2, 0x1, 0xff, 0xc6, 0x20, 0xf, 0x18,
    0x6, 0x2b, 0x0, 0xec, 0x0,

    /* U+55B7 "喷" */
    0x0, 0xff, 0x9d, 0x40, 0x3c, 0x20, 0x12, 0x0,
    0x7a, 0x90, 0x0, 0x64, 0x0, 0x5d, 0x99, 0x5d,
    0x24, 0xce, 0x2a, 0x99, 0x77, 0x88, 0x1, 0x26,
    0x49, 0x9, 0x33, 0x8a, 0xa6, 0x5b, 0xa1, 0x0,
    0xfe, 0x99, 0x0, 0x88, 0x3d, 0x0, 0x3f, 0xf8,
    0x1a, 0x18, 0x0, 0x14, 0x67, 0x0, 0xf3, 0xcc,
    0x9a, 0x67, 0x86, 0x7f, 0x88, 0x3, 0x9e, 0x64,
    0xfd, 0x33, 0x8a, 0x66, 0x20, 0xf, 0xa8, 0x2e,
    0x23, 0x2f, 0xa8, 0x7, 0xf2, 0x4c, 0xfc, 0x48,
    0x1, 0xfe, 0x11, 0xa0, 0x84, 0x40, 0x20, 0x1f,
    0xfc, 0x14, 0x30, 0xf, 0x9a, 0x64, 0x80, 0x1c,
    0x2c, 0x1, 0xf9, 0xa6, 0x48, 0x1, 0xc8, 0x60,
    0x1f, 0x84, 0x1, 0x4, 0x6, 0x0, 0xfb, 0x41,
    0x4, 0x0, 0x96, 0x40, 0x6, 0x0, 0xd0, 0x50,
    0x35, 0x8a, 0xa0, 0x4, 0x22, 0x0, 0xf3, 0xfd,
    0x0, 0xcf, 0x72, 0x40, 0x3e, 0x17, 0xa3, 0xa0,
    0xc, 0x9a, 0x50, 0x1, 0xe7, 0x5a, 0x40, 0xf,
    0xae, 0xc0,

    /* U+56DE "回" */
    0x0, 0xff, 0xe2, 0xdc, 0x47, 0xff, 0x7, 0xac,
    0x1a, 0x67, 0xff, 0x82, 0xe6, 0x0, 0x11, 0xff,
    0xe0, 0xf7, 0x0, 0x3f, 0xf9, 0x59, 0x33, 0xdf,
    0xe1, 0x0, 0xfc, 0x33, 0x3e, 0x81, 0x0, 0xff,
    0xff, 0x81, 0x4c, 0xf8, 0x3, 0xfc, 0x53, 0x3e,
    0x0, 0xff, 0x48, 0x7, 0x3b, 0x0, 0x7f, 0x20,
    0x7, 0x8, 0x80, 0x3f, 0xf9, 0x45, 0x33, 0xff,
    0xc1, 0x80, 0x1, 0x4c, 0xff, 0xf0, 0x60, 0xc0,

    /* U+56E0 "因" */
    0x0, 0xff, 0xe1, 0x88, 0x64, 0xcf, 0xff, 0x7,
    0xb8, 0x44, 0x99, 0xff, 0xe0, 0xd2, 0x90, 0x7,
    0xd2, 0xc0, 0x1e, 0x30, 0xf, 0xca, 0x80, 0x1f,
    0xfc, 0x31, 0x0, 0xff, 0xe2, 0x98, 0x1, 0x28,
    0x3, 0xcb, 0x33, 0x8a, 0x26, 0x5a, 0x68, 0x1,
    0xcb, 0x33, 0x82, 0x67, 0x90, 0x3, 0xf9, 0x11,
    0x24, 0x1, 0xff, 0xc1, 0xde, 0x8e, 0x30, 0xf,
    0xf8, 0x55, 0x43, 0xdc, 0x40, 0xf, 0xf5, 0x78,
    0x0, 0xa6, 0x88, 0x3, 0xf4, 0xf1, 0x80, 0x48,
    0xd2, 0x1, 0xe2, 0x9a, 0x50, 0xe, 0x85, 0x0,
    0xf0, 0xc9, 0x80, 0x7d, 0xc0, 0x18, 0x66, 0xa6,
    0x7f, 0xf8, 0x0, 0x2, 0x99, 0xff, 0xe1, 0x8,
    0x0,

    /* U+56E2 "团" */
    0x0, 0xff, 0xe1, 0x88, 0x64, 0xcf, 0xff, 0x7,
    0xb8, 0x44, 0x99, 0xfa, 0x32, 0x67, 0x52, 0x90,
    0x7, 0xe5, 0xf0, 0xe, 0x30, 0xf, 0xf1, 0x80,
    0x7f, 0x8, 0xf8, 0x88, 0x2d, 0x82, 0x1, 0xcf,
    0x33, 0xae, 0x52, 0x79, 0x14, 0x3, 0x9a, 0x23,
    0x2, 0xb4, 0x44, 0x80, 0x1f, 0xc8, 0xdc, 0x1,
    0xff, 0xc1, 0x29, 0xd0, 0xf, 0xfe, 0x17, 0x70,
    0x40, 0x3f, 0xf8, 0x3, 0x5e, 0x60, 0x1f, 0xfc,
    0x2, 0xb8, 0x30, 0xf, 0xfe, 0xb, 0x51, 0x8,
    0x80, 0x40, 0x3f, 0xc8, 0x1, 0x26, 0x56, 0x0,
    0x7f, 0xf0, 0x5, 0x77, 0x94, 0x3, 0xe1, 0x99,
    0xf4, 0x42, 0x67, 0xc0, 0x2, 0x99, 0xff, 0xe1,
    0x8, 0x0,

    /* U+5766 "坦" */
    0x0, 0xc6, 0x20, 0x1f, 0xfc, 0x6d, 0x20, 0xa,
    0x11, 0x3d, 0x4e, 0x1, 0xf1, 0x80, 0x4c, 0x1,
    0xe6, 0xe0, 0xf, 0xfe, 0x2, 0x27, 0x97, 0x0,
    0x3f, 0xfa, 0x12, 0xc0, 0x1f, 0xfc, 0x19, 0x98,
    0x64, 0x3c, 0x40, 0x3f, 0xf8, 0x13, 0x30, 0xcc,
    0xc2, 0x29, 0x9f, 0x30, 0x7, 0xff, 0x0, 0x66,
    0x7c, 0xc0, 0x1f, 0xfe, 0x71, 0x0, 0xff, 0xe2,
    0xb, 0x38, 0xc, 0xcf, 0x98, 0x3, 0xc6, 0x36,
    0x8e, 0x22, 0x99, 0xf3, 0x0, 0x42, 0xfb, 0x19,
    0x44, 0x0, 0x90, 0xf, 0x6a, 0x0, 0x57, 0xd6,
    0x60, 0x19, 0xc0, 0x3c, 0x82, 0x0, 0x1c, 0x30,
    0xf, 0xfe, 0x14, 0x48, 0x7, 0xd1, 0x33, 0xfe,
    0x10, 0x20,

    /* U+578B "型" */
    0x0, 0xff, 0x20, 0x7, 0xa9, 0x0, 0x5, 0x32,
    0xf9, 0x9b, 0xee, 0xcc, 0x18, 0x40, 0x4, 0x40,
    0x0, 0xa6, 0x43, 0x32, 0x82, 0xbf, 0x60, 0x22,
    0x0, 0x7f, 0xf4, 0x4c, 0x3, 0x94, 0x3, 0xfd,
    0x13, 0x65, 0x32, 0xb2, 0xaa, 0x80, 0x3f, 0xa2,
    0x61, 0x66, 0x56, 0x55, 0xf4, 0x1, 0xff, 0x5e,
    0x0, 0x7f, 0xf1, 0x91, 0x80, 0x3f, 0x30, 0x7,
    0xea, 0xf0, 0xf, 0xe8, 0x0, 0xfa, 0x24, 0xc0,
    0x21, 0x61, 0x61, 0x0, 0x97, 0x48, 0x2, 0x83,
    0x0, 0xeb, 0x2d, 0x10, 0x9, 0x73, 0x0, 0x1f,
    0xfc, 0x1, 0x0, 0xd2, 0x80, 0x1e, 0x89, 0x9e,
    0xf5, 0x99, 0xc5, 0xc2, 0x1, 0xd1, 0x33, 0xde,
    0xb3, 0x3a, 0xec, 0x20, 0x1f, 0xfd, 0xb6, 0x0,
    0xa2, 0x67, 0xe8, 0x59, 0x9e, 0xb9, 0xb0,

    /* U+5929 "天" */
    0x0, 0xff, 0xe1, 0x9d, 0x88, 0x6, 0x49, 0x9f,
    0x7e, 0xcc, 0xf0, 0x30, 0x6, 0x49, 0x9f, 0x24,
    0xcf, 0x55, 0xb8, 0x7, 0xff, 0x4d, 0xdc, 0x1,
    0xff, 0xc7, 0x10, 0xf, 0xfe, 0x31, 0x10, 0x3,
    0x8b, 0x4c, 0x0, 0xd3, 0x3e, 0xa1, 0xf9, 0x9e,
    0xb4, 0xb0, 0x3, 0x4c, 0xfa, 0xe, 0x67, 0xf4,
    0x0, 0x7f, 0x22, 0x0, 0x40, 0x3f, 0xf8, 0x95,
    0x6f, 0x0, 0x1f, 0xfc, 0x33, 0x3, 0x10, 0x30,
    0xf, 0xfe, 0x17, 0xf8, 0x1, 0x1e, 0x20, 0x1f,
    0xfc, 0x9, 0xb3, 0x0, 0xc, 0xe8, 0x80, 0x7f,
    0xa7, 0x9c, 0x3, 0x2d, 0x79, 0x80, 0x7c, 0x57,
    0xae, 0x1, 0xe6, 0xbc, 0x91, 0x0, 0x86, 0x2a,
    0xd0, 0x3, 0xf2, 0xe9, 0x74, 0x88, 0x34, 0xc0,
    0x7, 0xfc, 0x57, 0x9a, 0x20,

    /* U+5C71 "山" */
    0x0, 0xfc, 0x84, 0x1, 0xff, 0xc4, 0xa0, 0xf,
    0xfe, 0x31, 0x0, 0x7f, 0xf3, 0xd0, 0xc0, 0x3f,
    0xf8, 0x8, 0xa0, 0xb, 0x60, 0xf, 0xfe, 0x6,
    0x80, 0x44, 0xe0, 0x1f, 0xfc, 0x11, 0x0, 0x8,
    0x7, 0xff, 0xfc, 0x3, 0xff, 0xf0, 0x42, 0x3f,
    0xfc, 0x13, 0x0, 0x10, 0xd4, 0xcf, 0x14, 0xcf,
    0x94, 0x0, 0x5f, 0x31, 0x1d, 0xb1, 0x1e, 0x67,
    0x0,

    /* U+5C81 "岁" */
    0x0, 0xfe, 0x75, 0x0, 0xff, 0x4a, 0x80, 0x6a,
    0x40, 0xc, 0xb2, 0x1, 0x99, 0x40, 0x3f, 0xc5,
    0xe0, 0x18, 0x80, 0x3f, 0xfa, 0xc6, 0x53, 0x3c,
    0x57, 0x33, 0xa0, 0x3, 0x1c, 0xcd, 0x5d, 0x1f,
    0x53, 0x3c, 0x40, 0x19, 0x80, 0x10, 0x22, 0x0,
    0xf3, 0x20, 0x7, 0x91, 0x4, 0x89, 0xf6, 0x30,
    0x7, 0xa6, 0x40, 0x1f, 0x11, 0x88, 0x7, 0x65,
    0x32, 0x27, 0xde, 0xce, 0x1, 0xa2, 0xbe, 0x84,
    0x3, 0x91, 0xe4, 0x3, 0x46, 0xb4, 0x7f, 0x8c,
    0x2, 0x29, 0xd0, 0xd, 0x14, 0xa0, 0x5, 0xbd,
    0x0, 0x17, 0xc9, 0x80, 0x68, 0x20, 0xc, 0xb4,
    0xb, 0xdc, 0x40, 0xf, 0xfe, 0x3, 0xde, 0x60,
    0xc0, 0x3f, 0xe5, 0xba, 0xa4, 0x80, 0x7f, 0x12,
    0xcc, 0x8e, 0xe4, 0x40, 0x3f, 0xb, 0xbd, 0x32,
    0x60, 0xf, 0xf8,

    /* U+5E03 "布" */
    0x0, 0xfc, 0xc4, 0x1, 0xff, 0xc4, 0x38, 0x0,
    0xff, 0xe2, 0xdb, 0x10, 0x7, 0xfc, 0x23, 0xcd,
    0x62, 0x3f, 0x2e, 0x8, 0x3c, 0xce, 0xc1, 0xb9,
    0x9f, 0xb5, 0x10, 0xf, 0x11, 0x87, 0x62, 0x1,
    0x71, 0x1e, 0x50, 0xe, 0x55, 0x10, 0x1, 0x8c,
    0x3, 0xfe, 0x1b, 0x80, 0xf, 0xc4, 0x20, 0x1e,
    0xa1, 0x89, 0x98, 0x66, 0x76, 0xe0, 0x80, 0x66,
    0xd2, 0x99, 0xc3, 0x33, 0xa2, 0x84, 0x2, 0x41,
    0x60, 0xf, 0xfe, 0x1a, 0xb, 0x80, 0x7f, 0xf0,
    0xc5, 0xd4, 0x3, 0xff, 0x88, 0x26, 0x1, 0xff,
    0xe4, 0x23, 0x1f, 0x10, 0xf, 0xfe, 0x11, 0xbe,
    0xba, 0x80, 0x7d, 0xe0, 0x18, 0xc0, 0x53, 0x7c,
    0xc0, 0x0,

    /* U+5E0C "希" */
    0x0, 0xff, 0xe1, 0x39, 0x0, 0x79, 0x22, 0x61,
    0x44, 0x2, 0x6e, 0xd7, 0x0, 0xf2, 0x44, 0xd1,
    0xdf, 0xfd, 0xdf, 0x4a, 0x1, 0xfc, 0x62, 0x25,
    0x65, 0x68, 0x10, 0xf, 0x92, 0x26, 0x47, 0xb7,
    0x35, 0xe3, 0xe8, 0x1, 0x89, 0x9e, 0x26, 0xa,
    0x8c, 0x0, 0x31, 0x80, 0x1c, 0x4c, 0x60, 0x15,
    0xf9, 0x0, 0x62, 0x44, 0x58, 0x84, 0xcf, 0x79,
    0x54, 0xcf, 0xda, 0x48, 0x13, 0x3a, 0xcb, 0xe6,
    0x4b, 0x73, 0x3e, 0x50, 0xe, 0xee, 0x0, 0x44,
    0x40, 0xf, 0xfa, 0x8e, 0xa6, 0x61, 0x99, 0xde,
    0xe0, 0x1d, 0x3e, 0x53, 0x38, 0x66, 0x70, 0xb0,
    0x6, 0x9a, 0x50, 0xf, 0xf8, 0x40, 0x2, 0xf2,
    0x60, 0x1f, 0xfc, 0x31, 0x70, 0xf, 0xff, 0x21,
    0x3d, 0x80, 0x7f, 0x50, 0x6, 0x30, 0x27, 0xed,
    0x0, 0x80,

    /* U+5E74 "年" */
    0x0, 0xff, 0xe6, 0x96, 0x98, 0x7, 0xff, 0x16,
    0xd0, 0xc0, 0x3f, 0xf8, 0x82, 0xf0, 0x1, 0xfd,
    0x44, 0x1, 0xeb, 0x18, 0x99, 0xbe, 0x67, 0x53,
    0x40, 0x7, 0x23, 0x7c, 0xce, 0x19, 0x9d, 0x59,
    0x40, 0x1d, 0x1a, 0x1, 0xff, 0xc5, 0x9e, 0x10,
    0xf, 0xf1, 0x18, 0x6, 0x7a, 0x25, 0xf9, 0x9c,
    0x33, 0x3b, 0xf0, 0xc0, 0x26, 0x30, 0x37, 0x99,
    0xc3, 0x33, 0xb7, 0xcc, 0x2, 0x10, 0xf, 0xff,
    0x5a, 0x0, 0x4c, 0xee, 0xa6, 0x77, 0xc2, 0xef,
    0xd3, 0x72, 0x0, 0x75, 0x57, 0x62, 0xae, 0x5,
    0x5e, 0xbd, 0x80, 0x0, 0x91, 0x7e, 0x12, 0x2f,
    0x84, 0x3, 0xff, 0xce, 0x60, 0x1f, 0xc0,

    /* U+5E76 "并" */
    0x0, 0xe5, 0x0, 0xfa, 0x14, 0x3, 0xf9, 0xec,
    0x40, 0x31, 0xb2, 0x0, 0x7f, 0x17, 0x68, 0x6,
    0x8a, 0x10, 0xf, 0xf2, 0x81, 0x80, 0xc, 0xc8,
    0x0, 0x20, 0x8, 0x95, 0x75, 0x2a, 0xee, 0x16,
    0x57, 0xd7, 0x0, 0x18, 0x8e, 0x5d, 0x21, 0x14,
    0xb0, 0x9, 0xda, 0x0, 0x5, 0x13, 0xa, 0x27,
    0x1b, 0xa2, 0x46, 0x1, 0xff, 0xeb, 0x6a, 0x1,
    0x99, 0xe1, 0x99, 0xe3, 0xa9, 0x96, 0x2, 0x8c,
    0xce, 0x82, 0x99, 0xe3, 0xa9, 0x95, 0x51, 0x40,
    0x39, 0x50, 0x3, 0xff, 0x8b, 0xda, 0x1, 0xff,
    0xc4, 0x31, 0x40, 0xf, 0xfe, 0x19, 0x7d, 0x0,
    0x7f, 0xf0, 0xd2, 0x34, 0x40, 0x3f, 0xf8, 0x50,
    0x34, 0x20, 0x1f, 0x38, 0x7, 0xd0, 0xa0, 0x1f,
    0xd6, 0x20, 0x1c,

    /* U+5F0F "式" */
    0x0, 0xff, 0x4b, 0x82, 0x0, 0x7f, 0xf0, 0xc8,
    0xc0, 0x1a, 0xa0, 0x1f, 0xfc, 0x21, 0x4, 0xcb,
    0x20, 0xf, 0xfe, 0x0, 0x80, 0x43, 0xcc, 0x0,
    0x69, 0x9f, 0xe5, 0xa9, 0x9d, 0x7a, 0xd, 0x33,
    0xfd, 0x10, 0x99, 0xdf, 0xa0, 0x1f, 0xf1, 0x70,
    0x7, 0xff, 0x15, 0x88, 0x3, 0xff, 0x87, 0x68,
    0x6a, 0x1, 0xf9, 0xa6, 0x6f, 0x99, 0x16, 0x1,
    0x10, 0x3, 0xe6, 0x99, 0x86, 0x66, 0x80, 0x54,
    0x0, 0xff, 0xe2, 0xd6, 0x80, 0x7f, 0xf1, 0x4d,
    0x84, 0x3, 0xff, 0x8b, 0x50, 0x1, 0xff, 0xc1,
    0x15, 0x30, 0x77, 0x18, 0x0, 0xc0, 0x3c, 0x2f,
    0x2c, 0x86, 0x0, 0xae, 0x10, 0x40, 0x1, 0x35,
    0x62, 0xaa, 0x5c, 0x40, 0x24, 0xaf, 0x4d, 0x3,
    0xce, 0x8c, 0xa2, 0x0, 0xf9, 0xe2, 0xd8, 0xf,
    0xe0, 0x80, 0x3f, 0xe6, 0xdb, 0x0,

    /* U+5FB7 "德" */
    0x0, 0xe8, 0x20, 0xe, 0x38, 0x0, 0xff, 0x32,
    0x0, 0x79, 0x7c, 0x2, 0x32, 0x0, 0xc7, 0x7a,
    0x93, 0x3f, 0xed, 0xd1, 0x80, 0x7, 0xfc, 0x2d,
    0x33, 0xc9, 0xb3, 0x37, 0x79, 0x80, 0x2f, 0xca,
    0x8, 0x80, 0x19, 0x88, 0x2, 0x40, 0x9, 0xec,
    0xd5, 0xd, 0x32, 0x65, 0xe5, 0x1f, 0x35, 0x66,
    0x0, 0x71, 0x8, 0xf1, 0xb, 0x99, 0xf, 0xc8,
    0xcd, 0x91, 0x80, 0x65, 0x13, 0x0, 0xff, 0xe2,
    0xc0, 0x80, 0x7f, 0xf1, 0x62, 0xd8, 0x2, 0x89,
    0x90, 0x4c, 0x82, 0x6c, 0x80, 0x24, 0xd4, 0x0,
    0x93, 0x66, 0x5d, 0x32, 0xe9, 0xa8, 0x40, 0x9,
    0x40, 0x26, 0xbb, 0x4c, 0xfe, 0xb8, 0x20, 0x40,
    0xc, 0xd3, 0x2b, 0xb6, 0xe4, 0xce, 0xcc, 0x10,
    0x7, 0xd2, 0x10, 0xa9, 0x8c, 0x0, 0x83, 0x0,
    0xfc, 0x28, 0x0, 0x20, 0x88, 0x0, 0x23, 0x8c,
    0x3, 0xe9, 0x40, 0xc, 0x30, 0x8, 0x33, 0xc0,
    0x1e, 0x35, 0x80, 0xe, 0x60, 0x20, 0x40, 0xf,
    0x8f, 0x44, 0x36, 0xf3, 0x35, 0xa0, 0x68, 0x0,

    /* U+6218 "战" */
    0x0, 0x8a, 0xc8, 0x3, 0x4c, 0x0, 0x7f, 0x84,
    0x8, 0x3, 0x16, 0xb, 0x80, 0x7f, 0xf0, 0xc4,
    0x4, 0xf0, 0x3, 0xfe, 0x31, 0x0, 0x8, 0x23,
    0x30, 0x3, 0xe4, 0x99, 0x6f, 0x89, 0x18, 0x2,
    0x14, 0xc0, 0x3c, 0x93, 0x2e, 0xe0, 0xf8, 0x81,
    0x35, 0x63, 0x80, 0x7e, 0x48, 0x98, 0x84, 0xa8,
    0xd7, 0x38, 0x7, 0xe5, 0x99, 0x62, 0x4b, 0xab,
    0x88, 0x4, 0x20, 0x1c, 0x62, 0x6, 0xc0, 0x1,
    0xb5, 0x0, 0xf, 0x4c, 0x24, 0xcb, 0x54, 0x2,
    0x10, 0x75, 0x50, 0x4, 0x53, 0x7f, 0x32, 0x15,
    0x0, 0x22, 0x2, 0xe4, 0x3, 0xff, 0x85, 0xbe,
    0xac, 0x60, 0x1f, 0xfc, 0x24, 0x45, 0xc8, 0x7,
    0xff, 0x10, 0x44, 0x40, 0x1f, 0xfc, 0x35, 0x51,
    0x10, 0x0, 0x60, 0x2, 0x99, 0xe1, 0x0, 0x1f,
    0xd4, 0xf8, 0x82, 0x0, 0xa, 0x67, 0x8c, 0x12,
    0xe8, 0x12, 0xf1, 0x34, 0x5, 0x40, 0x3b, 0x18,
    0x60, 0x2, 0x68, 0xb6, 0x0, 0x40, 0x7, 0x13,
    0xa8, 0x7, 0x2f, 0x50, 0x0,

    /* U+636E "据" */
    0x0, 0xd2, 0x60, 0x1f, 0xfc, 0x67, 0x30, 0x5,
    0xb3, 0x7e, 0xc5, 0x0, 0xfe, 0x55, 0xfe, 0x0,
    0xff, 0x8c, 0xff, 0x99, 0x80, 0x2, 0x28, 0x57,
    0x4, 0x3, 0xff, 0x82, 0x8a, 0xa0, 0x2b, 0x22,
    0x54, 0xcd, 0x53, 0x32, 0x80, 0x4c, 0xee, 0x17,
    0x71, 0x95, 0x4c, 0xc9, 0x93, 0x2c, 0x30, 0xf,
    0xe3, 0x0, 0xe5, 0x0, 0x38, 0x80, 0x7c, 0x26,
    0x33, 0x38, 0x66, 0x6b, 0xc0, 0xe, 0x19, 0x73,
    0x29, 0x9c, 0x33, 0x37, 0xe8, 0x1, 0x27, 0x42,
    0x58, 0x4, 0x3, 0xfe, 0x19, 0xfd, 0x10, 0x1,
    0x30, 0x80, 0x7c, 0x80, 0x1, 0xc6, 0x0, 0xcf,
    0xad, 0x93, 0x21, 0x99, 0xae, 0x0, 0x2, 0x1,
    0xda, 0x81, 0x73, 0x2f, 0x99, 0x8a, 0x0, 0x3f,
    0x19, 0x80, 0x3f, 0xf8, 0xa4, 0x60, 0x1f, 0xfc,
    0x43, 0xa, 0x90, 0x4, 0x4c, 0xf8, 0x80, 0x22,
    0x5d, 0xa0, 0xd1, 0x1, 0x99, 0xf8, 0xc0, 0x22,
    0x5d, 0x70, 0x50, 0x3, 0x30, 0x3, 0xd8, 0x0,

    /* U+6536 "收" */
    0x0, 0xe4, 0x20, 0x9, 0x44, 0x3, 0xff, 0x81,
    0x46, 0x0, 0x2a, 0x20, 0xf, 0xc6, 0x20, 0x10,
    0x80, 0x11, 0x6, 0x1, 0xfb, 0x8, 0x3, 0xdf,
    0x80, 0x1f, 0xe3, 0x0, 0xf2, 0x28, 0x7, 0x5a,
    0x80, 0x4, 0x3, 0xc4, 0x4b, 0x99, 0xaf, 0xcb,
    0x40, 0x3f, 0x94, 0x26, 0x77, 0x9c, 0xc0, 0x7,
    0xf5, 0xb8, 0x6, 0x34, 0x0, 0xff, 0x1a, 0x62,
    0x0, 0x57, 0x80, 0x1f, 0xeb, 0x94, 0xd0, 0x0,
    0x92, 0x0, 0x7f, 0xe, 0x8, 0x0, 0x41, 0x9c,
    0x3, 0xf8, 0x44, 0x80, 0xa, 0x90, 0x9b, 0x0,
    0xf1, 0xc4, 0x0, 0x38, 0xcd, 0x2e, 0x40, 0x19,
    0x86, 0x6e, 0x4, 0x3, 0xb5, 0xa0, 0x3, 0x9a,
    0xe8, 0xc0, 0x3c, 0x34, 0xb0, 0x1, 0xe4, 0x0,
    0xf8, 0xb7, 0xa8, 0xa4, 0x3, 0xff, 0x80, 0x91,
    0xa4, 0x16, 0x18, 0x40, 0x1f, 0xce, 0x54, 0x20,
    0x14, 0xc4, 0xc8, 0x40, 0x3b, 0x85, 0xd8, 0x3,
    0xc9, 0x72, 0x20,

    /* U+6539 "改" */
    0x0, 0xff, 0xa5, 0x0, 0x3f, 0xf8, 0x84, 0xca,
    0x1, 0xe4, 0x99, 0xef, 0x70, 0x2, 0x28, 0x80,
    0x79, 0x26, 0x78, 0x94, 0x1, 0xbe, 0x1, 0xff,
    0xc1, 0x13, 0x1, 0x55, 0x0, 0x66, 0x80, 0xf,
    0xf4, 0xc, 0xce, 0xf9, 0x23, 0x0, 0xfe, 0x6c,
    0x99, 0xc1, 0xb4, 0x61, 0xca, 0xb8, 0xc1, 0x98,
    0xa0, 0x11, 0x89, 0x0, 0x42, 0x3c, 0x0, 0xd9,
    0xf0, 0xa, 0xd8, 0x3, 0x12, 0x26, 0xf6, 0x80,
    0x11, 0x0, 0x16, 0xc0, 0x3f, 0x88, 0xcc, 0x16,
    0xc0, 0xac, 0x60, 0x1f, 0xc4, 0x80, 0x3, 0xc1,
    0x88, 0x0, 0x7f, 0xc4, 0x1, 0x77, 0x10, 0xc0,
    0x3f, 0x99, 0xc0, 0x30, 0x86, 0x0, 0x7c, 0x2f,
    0x4a, 0xe4, 0x0, 0x38, 0xcb, 0x20, 0xc, 0xc5,
    0x85, 0x46, 0x1, 0x2c, 0xe1, 0xd6, 0x20, 0x4,
    0xa7, 0xaa, 0x1, 0xc, 0x9d, 0x0, 0x12, 0xae,
    0x0, 0x7, 0x80, 0x19, 0x99, 0xc, 0x1, 0x93,
    0x4f, 0x88, 0x3, 0x8d, 0x9c, 0x40, 0x3c, 0x57,
    0x84,

    /* U+6587 "文" */
    0x0, 0xfc, 0xa2, 0x1, 0xff, 0xc6, 0x4d, 0x40,
    0xf, 0xfe, 0x28, 0xed, 0x18, 0x7, 0xff, 0x14,
    0x62, 0xc0, 0x39, 0x80, 0x28, 0x99, 0xb2, 0x67,
    0x78, 0xcc, 0xbb, 0x6a, 0x70, 0x1, 0x13, 0x32,
    0x4c, 0xfe, 0x38, 0xaf, 0xc0, 0xf, 0x70, 0x80,
    0x78, 0xc9, 0x40, 0x3f, 0x9e, 0x40, 0x3d, 0x4c,
    0x1, 0xfe, 0x11, 0x80, 0x31, 0x34, 0x0, 0x7f,
    0xd5, 0x0, 0x1a, 0x1c, 0x40, 0x3f, 0xe3, 0x4,
    0x0, 0x23, 0xc0, 0x7, 0xff, 0x6, 0x60, 0x86,
    0x78, 0x3, 0xff, 0x87, 0xd9, 0xd2, 0x60, 0x1f,
    0xfc, 0x33, 0x10, 0xf, 0xfe, 0x2a, 0x6e, 0xb2,
    0xa4, 0x40, 0x3f, 0xe1, 0x9c, 0xc1, 0x1f, 0x9f,
    0xb0, 0x7, 0xe1, 0x79, 0xb8, 0x0, 0x86, 0xaa,
    0xf9, 0x30, 0x8, 0xdd, 0x99, 0x4, 0x1, 0xe4,
    0xcb, 0x3c, 0xc0, 0x80, 0xbb, 0x84, 0x3, 0xfc,
    0x95, 0xf8, 0x20,

    /* U+6597 "斗" */
    0x0, 0xff, 0xe0, 0x8, 0x7, 0xff, 0x1b, 0xd0,
    0x3, 0xfc, 0x64, 0x1, 0xe4, 0x0, 0xff, 0x15,
    0xe2, 0x0, 0x7f, 0xf0, 0xc6, 0x62, 0x98, 0x3,
    0xff, 0x88, 0x9b, 0xa0, 0xf, 0xfe, 0x29, 0xd8,
    0x7, 0xff, 0x0, 0xe9, 0xc4, 0x3, 0xff, 0x86,
    0x75, 0xfc, 0xa0, 0x1f, 0xfc, 0x48, 0xba, 0x10,
    0xf, 0xfe, 0x22, 0x68, 0x80, 0x7c, 0x58, 0x60,
    0x1f, 0x10, 0x6, 0x14, 0x79, 0x85, 0x50, 0x7,
    0x85, 0x1e, 0x26, 0x40, 0x6, 0x9a, 0x96, 0x4,
    0x78, 0x89, 0x81, 0xa2, 0x64, 0x28, 0x20, 0x1c,
    0xed, 0x11, 0x3a, 0x8, 0x7, 0xfc, 0x62, 0x1,
    0xff, 0xf6, 0x20, 0xf, 0x0,

    /* U+65AF "斯" */
    0x0, 0x94, 0x80, 0x25, 0x20, 0xf, 0xb, 0x88,
    0x6, 0xb3, 0x0, 0xac, 0xc0, 0x32, 0x57, 0xe3,
    0x0, 0x70, 0x80, 0x63, 0x13, 0xf8, 0x29, 0xeb,
    0x70, 0x4, 0xc8, 0x66, 0x70, 0xe6, 0x1, 0x61,
    0x8c, 0x3, 0xa6, 0x43, 0x33, 0x87, 0xb4, 0x3,
    0xff, 0xa8, 0x35, 0x58, 0x40, 0x21, 0x1e, 0x7b,
    0x0, 0xc3, 0x55, 0x84, 0x2, 0x49, 0x94, 0x77,
    0x99, 0x80, 0x3f, 0xf8, 0xb, 0x10, 0x92, 0x88,
    0x18, 0x4, 0x33, 0x38, 0x40, 0xe, 0x60, 0x1f,
    0xe1, 0x99, 0xc2, 0x0, 0x10, 0xf, 0xfe, 0x29,
    0x21, 0xf0, 0x7, 0xe9, 0x90, 0xcc, 0xe1, 0x99,
    0x69, 0x0, 0x7e, 0x99, 0x6e, 0x4c, 0xaf, 0xef,
    0x5d, 0x0, 0x3f, 0xd1, 0x82, 0x15, 0x0, 0x2e,
    0x20, 0x1f, 0xc8, 0xd2, 0x21, 0x8, 0xd1, 0x0,
    0xf, 0xe1, 0xfd, 0x0, 0xdf, 0x82, 0x60, 0x1f,
    0x85, 0xac, 0x40, 0x31, 0x6c, 0x0, 0x70, 0x80,
    0x40,

    /* U+65E5 "日" */
    0x10, 0xf, 0xf1, 0x86, 0x4c, 0xff, 0x56, 0x30,
    0x4c, 0xff, 0x50, 0xb0, 0x7, 0xff, 0xd4, 0xa6,
    0x7f, 0xc2, 0x5, 0x33, 0xfe, 0x10, 0xf, 0xff,
    0xb1, 0x4c, 0xff, 0x84, 0xa, 0x67, 0xfc, 0x61,
    0xa0, 0x1f, 0xec, 0x0,

    /* U+661F "星" */
    0x0, 0xff, 0xe6, 0x5c, 0x47, 0xfb, 0xd0, 0x3,
    0xe5, 0x99, 0xff, 0x2, 0x80, 0x7e, 0x11, 0xff,
    0xe0, 0x0, 0x7c, 0x33, 0x3f, 0xe1, 0x0, 0xfc,
    0x33, 0x3f, 0xe1, 0x0, 0xff, 0xe8, 0xc, 0xcf,
    0xf8, 0x40, 0x3f, 0x3f, 0x64, 0xcb, 0xbe, 0x67,
    0x50, 0x7, 0xe9, 0x93, 0x0, 0x31, 0x0, 0x32,
    0x90, 0x7, 0xd8, 0x35, 0x32, 0x4e, 0x99, 0xd9,
    0xa8, 0x1, 0xc6, 0x3f, 0x33, 0x27, 0x4c, 0xec,
    0xf4, 0x0, 0xe8, 0xd0, 0xf, 0xfe, 0x2c, 0x48,
    0x80, 0x7f, 0xb1, 0x0, 0x3a, 0x6, 0x67, 0x93,
    0xa6, 0x72, 0xe0, 0x7, 0x8e, 0x67, 0x93, 0xa6,
    0x7a, 0x0, 0x3f, 0xf9, 0x8, 0x0, 0x19, 0x9f,
    0xc9, 0x13, 0x3d, 0x57, 0x40,

    /* U+6708 "月" */
    0x0, 0xe9, 0x33, 0xfd, 0x4a, 0x1, 0xe6, 0x55,
    0xfc, 0x98, 0x1, 0xe1, 0x66, 0xfc, 0xfa, 0x1,
    0xff, 0xdc, 0x19, 0x9f, 0xcc, 0x1, 0xf0, 0xcc,
    0xfe, 0x60, 0xf, 0xfe, 0xe9, 0x80, 0x7f, 0xf0,
    0xc8, 0x93, 0x3f, 0x98, 0x3, 0xce, 0xe9, 0x9f,
    0xcc, 0x1, 0xec, 0xb0, 0xf, 0xfe, 0x1a, 0x98,
    0x7, 0xff, 0xa, 0x24, 0x3, 0xff, 0x84, 0x62,
    0xa0, 0x1f, 0xfc, 0x13, 0xb9, 0x0, 0xf9, 0x62,
    0xdd, 0x80, 0xf, 0x0, 0x1f, 0x96, 0x36, 0x88,
    0x0,

    /* U+673A "机" */
    0x0, 0xce, 0xa0, 0x1f, 0xfc, 0x6b, 0x70, 0x9,
    0x2d, 0x9b, 0x79, 0x0, 0x7f, 0xf0, 0x4, 0x15,
    0x70, 0x8, 0x7, 0xf0, 0x98, 0x0, 0x8c, 0xf0,
    0x98, 0x4, 0x33, 0x2a, 0x39, 0xcc, 0x20, 0x7,
    0xfc, 0x33, 0x2e, 0x9, 0xdf, 0x40, 0xf, 0xfe,
    0x16, 0x0, 0x7f, 0xf1, 0xd0, 0x2d, 0x0, 0x3f,
    0xf8, 0x62, 0x23, 0xb8, 0x70, 0x0, 0x80, 0x7f,
    0xcd, 0x40, 0xd, 0x93, 0x30, 0x7, 0xff, 0x2,
    0xdc, 0x0, 0x36, 0x22, 0xf0, 0xf, 0xf2, 0x58,
    0x6, 0x52, 0xf1, 0x0, 0xff, 0x6b, 0x80, 0x78,
    0x94, 0x3, 0xf8, 0xa8, 0x3, 0xe7, 0x30, 0xf,
    0xe2, 0x30, 0xf, 0x1a, 0x0, 0x7e, 0x30, 0xf,
    0xe9, 0xb0, 0xf, 0xc8, 0x1, 0xf9, 0x70, 0x80,
    0x3f, 0x68, 0x7, 0xc8, 0x4c, 0x1, 0xe2, 0xcc,
    0x20, 0x80, 0x6c, 0x25, 0x70, 0xf, 0xb3, 0x2e,
    0x10,

    /* U+6765 "来" */
    0x0, 0xfe, 0x58, 0x0, 0xff, 0xe3, 0x17, 0x0,
    0x7f, 0xf3, 0x58, 0x3, 0xa2, 0x67, 0xd1, 0x33,
    0xd7, 0x36, 0x1, 0xa2, 0x76, 0x67, 0x44, 0xce,
    0xda, 0xfb, 0x0, 0xf2, 0xd8, 0x7, 0xea, 0x60,
    0xf, 0xc3, 0x94, 0x1, 0xe8, 0x67, 0x0, 0xfe,
    0x65, 0x0, 0xe2, 0x38, 0x0, 0xff, 0xc, 0x80,
    0x72, 0x58, 0x0, 0x64, 0x2, 0x89, 0x9d, 0xf3,
    0x71, 0x32, 0xf9, 0x9a, 0xd2, 0x40, 0x11, 0x33,
    0xe7, 0x24, 0xd9, 0x9d, 0x5b, 0x20, 0x1f, 0xa9,
    0x6b, 0x70, 0xc0, 0x3f, 0xf8, 0x32, 0x72, 0x0,
    0x88, 0x28, 0x7, 0xfd, 0x21, 0x20, 0x1a, 0xf9,
    0xc0, 0x3f, 0xd, 0x64, 0x80, 0x7a, 0xfb, 0x4c,
    0x3, 0x92, 0xe1, 0x40, 0x3f, 0x4c, 0x6d, 0xa0,
    0x1, 0xc2, 0x88, 0x3, 0xfc, 0xbe, 0x7a, 0x0,
    0x74, 0x0, 0xf8, 0xc0, 0x38, 0x62, 0x40,

    /* U+679C "果" */
    0x0, 0xff, 0xe1, 0x88, 0x7, 0xcb, 0x73, 0x3b,
    0xb6, 0x67, 0x75, 0x0, 0x7c, 0x53, 0x39, 0xae,
    0x67, 0x37, 0x80, 0x7f, 0xf3, 0xda, 0x67, 0x3c,
    0xcf, 0x30, 0x7, 0xe6, 0x99, 0xcf, 0x33, 0xcc,
    0x1, 0xff, 0xe4, 0x69, 0x9c, 0xf3, 0x3c, 0xc0,
    0x1f, 0x3e, 0x4c, 0xe7, 0x99, 0xec, 0x50, 0xf,
    0x11, 0x80, 0x7f, 0x8c, 0xb4, 0xc0, 0x11, 0x33,
    0xef, 0x79, 0xb9, 0x9d, 0x69, 0x60, 0x8, 0x99,
    0xe1, 0x47, 0x92, 0xb9, 0x9e, 0x80, 0xf, 0xa4,
    0xac, 0x1, 0x30, 0xa0, 0x1f, 0xe1, 0xbf, 0xa0,
    0xd, 0x59, 0x42, 0x1, 0xf2, 0xdc, 0xb0, 0x7,
    0xa7, 0xfd, 0x4, 0x1, 0x24, 0x8d, 0x10, 0x7,
    0xe5, 0xe0, 0xdb, 0x11, 0x3c, 0xa0, 0x7, 0x79,
    0x0, 0x74, 0x7c, 0x88,

    /* U+6B64 "此" */
    0x0, 0xe3, 0x60, 0xc, 0xe8, 0x1, 0xff, 0x37,
    0x80, 0x69, 0x40, 0xf, 0xfe, 0x0, 0x80, 0x7f,
    0xf5, 0x50, 0x40, 0x3f, 0xf8, 0x4, 0x1, 0xa8,
    0xc0, 0x3f, 0xe5, 0xd8, 0x0, 0xc4, 0x1, 0x8e,
    0x80, 0x34, 0x42, 0xe0, 0x3, 0xe7, 0x99, 0xb,
    0x1, 0x58, 0x6a, 0x0, 0x7e, 0x79, 0xab, 0x61,
    0x4a, 0x80, 0xf, 0xfe, 0x18, 0xb0, 0x80, 0x7f,
    0xff, 0xc0, 0x31, 0x80, 0x7f, 0x88, 0x40, 0x3c,
    0x80, 0x1e, 0xd7, 0x98, 0x61, 0x0, 0xf7, 0x0,
    0xa0, 0xde, 0xe, 0x4c, 0x20, 0x7, 0x84, 0x82,
    0xe1, 0xe7, 0x24, 0xc0, 0x33, 0x76, 0xed, 0xec,
    0x37, 0x90, 0x40, 0x1f, 0x47, 0x6e, 0xdd, 0xa2,

    /* U+6BDB "毛" */
    0x0, 0xff, 0xe1, 0x98, 0x7, 0xff, 0x10, 0x9f,
    0x79, 0xc0, 0x3f, 0xe1, 0x49, 0xc9, 0xf, 0xd7,
    0x0, 0xf0, 0x9b, 0x4d, 0x52, 0xeb, 0x2d, 0xc8,
    0x3, 0xc4, 0xef, 0x24, 0xd4, 0x99, 0x80, 0x3f,
    0xc4, 0xec, 0x84, 0x1, 0xfc, 0xe4, 0x1, 0xff,
    0xc2, 0x24, 0x69, 0x8e, 0x20, 0xe, 0x24, 0x68,
    0x99, 0x1c, 0xa8, 0xac, 0x7e, 0x10, 0x6, 0x65,
    0x15, 0x99, 0x8e, 0x5d, 0x4c, 0x40, 0x3e, 0x67,
    0x53, 0x10, 0xf, 0xf2, 0x98, 0x7, 0xff, 0x8,
    0x4d, 0x1a, 0xb1, 0x0, 0x38, 0x91, 0xac, 0xe6,
    0x72, 0x82, 0x77, 0xa0, 0x44, 0xcc, 0xa2, 0xb4,
    0x73, 0x34, 0x32, 0x10, 0x80, 0x51, 0x33, 0x3a,
    0x98, 0x80, 0x7f, 0x10, 0x7, 0xff, 0x1d, 0x40,
    0x3f, 0xf8, 0xfa, 0x1, 0xfc, 0x62, 0x1, 0xf0,
    0xb8, 0x7, 0xf0, 0xb6, 0xef, 0xde, 0x6, 0x1,
    0xfd, 0x7b, 0xbf, 0x76, 0x98,

    /* U+6C14 "气" */
    0x0, 0xe6, 0x40, 0xf, 0xfe, 0x34, 0x80, 0x7f,
    0xf1, 0x99, 0x10, 0x1, 0xfd, 0x4e, 0x1, 0xea,
    0x69, 0x9f, 0xf1, 0xf1, 0x0, 0x64, 0xd, 0x99,
    0xfe, 0xc9, 0x91, 0x0, 0x68, 0xf9, 0x9f, 0xeb,
    0xa8, 0x0, 0xe5, 0x43, 0x99, 0xfe, 0xbf, 0x80,
    0xe, 0xf8, 0x0, 0xfe, 0x21, 0x0, 0xf3, 0xc4,
    0xcf, 0xfb, 0x74, 0x1, 0xc2, 0xa5, 0x33, 0xfe,
    0x8b, 0x0, 0xe1, 0x20, 0xf, 0xf8, 0x40, 0x3f,
    0xf8, 0xe7, 0xe0, 0x1f, 0xfc, 0x66, 0x30, 0xf,
    0xfe, 0x31, 0xb0, 0x7, 0xff, 0x1c, 0x4c, 0x3,
    0xff, 0x8d, 0x3e, 0x0, 0x60, 0xf, 0xfe, 0x1a,
    0xaa, 0xcf, 0xc0, 0x3f, 0xf8, 0x93, 0xde, 0x80,
    0x1f, 0xfc, 0x55, 0xcd, 0x0,

    /* U+6CFD "泽" */
    0x0, 0x19, 0x80, 0x3f, 0xf8, 0xc7, 0x78, 0x40,
    0x92, 0xef, 0xf7, 0x38, 0x7, 0x42, 0x49, 0xae,
    0xa, 0xaf, 0x10, 0xa8, 0x7, 0xa2, 0x50, 0x57,
    0xcc, 0x8b, 0x45, 0x90, 0x7, 0xe1, 0x0, 0x45,
    0x88, 0x2, 0xa8, 0x80, 0x19, 0xe8, 0x81, 0x5c,
    0x0, 0x33, 0xa7, 0x5a, 0xe0, 0x1c, 0xff, 0x81,
    0xc2, 0x1, 0x1c, 0xe2, 0x28, 0x7, 0xcb, 0x67,
    0xc0, 0x11, 0x4e, 0x74, 0x7e, 0x39, 0x80, 0x72,
    0xd2, 0x82, 0xc2, 0xc4, 0xe1, 0x6c, 0x76, 0xf9,
    0x80, 0x65, 0x25, 0x78, 0x71, 0x3, 0x40, 0x6a,
    0xee, 0x18, 0x4, 0xa8, 0xa, 0x33, 0x38, 0x66,
    0x5f, 0x88, 0x20, 0x1b, 0xec, 0x0, 0x73, 0x38,
    0x66, 0x5b, 0xe8, 0x1, 0x85, 0xc, 0x3, 0xff,
    0x80, 0x82, 0x0, 0x2a, 0x30, 0x19, 0x9f, 0xc,
    0xce, 0xbf, 0x10, 0x2a, 0x20, 0x19, 0x9f, 0xc,
    0xce, 0xfe, 0x10, 0x0, 0x81, 0x80, 0x7f, 0xf1,
    0xdc, 0x3, 0xff, 0x8c, 0x2a, 0x1, 0xf1, 0x0,
    0x7c,

    /* U+6D1B "洛" */
    0x0, 0x11, 0x0, 0x38, 0x60, 0x80, 0x3f, 0xc5,
    0x58, 0x40, 0x13, 0x99, 0x0, 0x7f, 0xd0, 0x92,
    0x1, 0x41, 0x33, 0x6a, 0xb0, 0xf, 0xa2, 0x40,
    0xa, 0x34, 0xab, 0xd8, 0x20, 0x10, 0x80, 0x44,
    0xe1, 0x30, 0x6, 0x73, 0x1b, 0x88, 0x5, 0x36,
    0x40, 0xa8, 0xd2, 0xf2, 0x20, 0x51, 0xc0, 0x1d,
    0x1b, 0xe1, 0x82, 0x25, 0x8, 0xa1, 0xe9, 0x20,
    0xf, 0x34, 0x9f, 0xa3, 0x80, 0xb, 0xb9, 0x68,
    0x1, 0xf9, 0x29, 0x98, 0x1, 0x1c, 0xc5, 0x38,
    0x80, 0x7c, 0x20, 0x1c, 0xf1, 0xaf, 0x9d, 0xf2,
    0x80, 0x1d, 0x34, 0x0, 0x4b, 0x2b, 0x10, 0x19,
    0xc1, 0x9c, 0x10, 0x9, 0xd, 0xa0, 0x1b, 0x26,
    0x7b, 0x8f, 0x70, 0x40, 0xe, 0x80, 0xd0, 0x81,
    0x33, 0xe4, 0xe0, 0xc, 0xd3, 0xc0, 0x1f, 0xfc,
    0x56, 0x67, 0x0, 0x7f, 0xf1, 0xb8, 0xc0, 0x3f,
    0xf8, 0xc2, 0xe0, 0x18, 0xa6, 0x7c, 0xe0, 0x1f,
    0x20, 0x6, 0x39, 0x9f, 0x40, 0x80, 0x40,

    /* U+6F14 "演" */
    0x0, 0x19, 0x0, 0x78, 0x64, 0xc0, 0x3f, 0x8a,
    0x6c, 0x40, 0x30, 0xc6, 0x90, 0x7, 0xe1, 0xb0,
    0x90, 0x71, 0x18, 0x21, 0x84, 0x66, 0x40, 0xe,
    0xb9, 0x8, 0x99, 0xdd, 0x93, 0x3b, 0xc0, 0x3c,
    0xf2, 0x91, 0x1f, 0x4d, 0xb5, 0x80, 0x22, 0xc8,
    0x4, 0x3a, 0x66, 0xaf, 0x99, 0x66, 0x34, 0x2,
    0x8c, 0xf4, 0x39, 0x59, 0x9a, 0x8a, 0x65, 0xbe,
    0x80, 0x19, 0xfb, 0x10, 0x4, 0x3, 0xf1, 0x80,
    0x78, 0xc8, 0x0, 0xd9, 0x32, 0xa2, 0x99, 0xb6,
    0x40, 0x38, 0x8c, 0x2, 0xa9, 0x95, 0x14, 0xcc,
    0x50, 0x1, 0xc9, 0x80, 0x1f, 0xfc, 0x6d, 0x40,
    0xa, 0x66, 0xa2, 0x99, 0x8c, 0x3, 0x85, 0x44,
    0x2, 0x99, 0xa8, 0xa6, 0x63, 0x0, 0xc5, 0x46,
    0x1, 0xb1, 0x12, 0x24, 0x48, 0xc0, 0x31, 0x51,
    0x0, 0x70, 0x8d, 0x42, 0x38, 0x3, 0x84, 0x8,
    0x0, 0xd4, 0xdc, 0x2a, 0xa2, 0xda, 0x10, 0xc,
    0x20, 0x20, 0x14, 0xca, 0x10, 0x0, 0xf5, 0xda,
    0x80, 0x18, 0x4c, 0x9d, 0xa2, 0x8c, 0x3, 0x15,
    0x44, 0x80,

    /* U+706B "火" */
    0x0, 0xfe, 0x74, 0x0, 0xff, 0xe2, 0xc3, 0x0,
    0x7f, 0xf6, 0x44, 0x3, 0xff, 0x80, 0x80, 0x1c,
    0xe0, 0x1c, 0xc4, 0x1, 0xc4, 0x40, 0xc, 0x40,
    0x19, 0x61, 0xc0, 0x3b, 0x84, 0x2, 0x2e, 0x0,
    0x8e, 0xf5, 0x40, 0x39, 0x4c, 0x0, 0x23, 0x0,
    0xb, 0xf0, 0xc0, 0x39, 0x98, 0x1, 0x13, 0x0,
    0xa, 0x74, 0x80, 0x39, 0x22, 0x40, 0x25, 0xdf,
    0x75, 0xb1, 0x0, 0xf1, 0xe9, 0x0, 0x58, 0x88,
    0xb7, 0x0, 0xfc, 0xe6, 0x1, 0xb, 0x99, 0x0,
    0x80, 0x7f, 0xf0, 0x5a, 0xc0, 0x13, 0x0, 0x1f,
    0xfc, 0x2, 0xb6, 0x0, 0x2a, 0x20, 0x3, 0xfc,
    0x33, 0xc0, 0x1b, 0xa8, 0xc0, 0x3f, 0xd, 0x49,
    0x0, 0x63, 0xbc, 0x60, 0xf, 0x2c, 0x51, 0x0,
    0x79, 0x6e, 0x68, 0x80, 0x9, 0x23, 0x22, 0x1,
    0xf9, 0x34, 0x75, 0xc1, 0xe5, 0x0, 0x3f, 0xe2,
    0xbc, 0x70,

    /* U+71CE "燎" */
    0x0, 0xc6, 0x1, 0xe1, 0x41, 0x0, 0xfe, 0x3e,
    0x10, 0xe, 0x6e, 0x0, 0xff, 0x98, 0x40, 0x3a,
    0xb8, 0x3, 0x53, 0x80, 0x7c, 0x91, 0x16, 0x16,
    0x56, 0xc4, 0xb, 0xc4, 0x3, 0xcf, 0xfd, 0x1,
    0x91, 0x69, 0x16, 0xb4, 0x20, 0x6, 0x0, 0x16,
    0x9e, 0xe2, 0x98, 0x2, 0xed, 0x1c, 0x40, 0x17,
    0x80, 0x27, 0x53, 0x4a, 0x40, 0x22, 0xc6, 0x30,
    0x9, 0x0, 0xb, 0x46, 0x52, 0x53, 0x3d, 0xa5,
    0x84, 0x0, 0x8c, 0x74, 0x14, 0xa4, 0xe9, 0x9e,
    0xb2, 0xac, 0x51, 0x55, 0x1, 0x8b, 0xc2, 0x4c,
    0xfa, 0xc9, 0xbd, 0x46, 0x40, 0x84, 0x46, 0x9,
    0x33, 0xeb, 0x20, 0x10, 0xc, 0x24, 0x1, 0x2a,
    0x27, 0xc4, 0x1, 0xed, 0xd5, 0x88, 0x0, 0x46,
    0xb1, 0x11, 0x80, 0x7c, 0xcf, 0xba, 0xc, 0x4,
    0x51, 0x56, 0x2e, 0x0, 0xe1, 0x70, 0x60, 0x2,
    0xe1, 0x80, 0x47, 0x96, 0x1, 0xcd, 0xe0, 0xc,
    0x4b, 0xb1, 0x0, 0x68, 0x3c, 0x0, 0x87, 0x50,
    0x0, 0xb9, 0x80, 0xf, 0xa4, 0xc, 0x1, 0x16,
    0x1, 0x3c, 0x1, 0x35, 0x98, 0x6, 0xc3, 0x0,
    0x58, 0x80, 0x44, 0x0, 0x26, 0xef, 0x0, 0xf8,

    /* U+7528 "用" */
    0x0, 0xff, 0xe5, 0x2c, 0x22, 0x74, 0x22, 0x77,
    0x20, 0x6, 0x23, 0x0, 0xc4, 0xe0, 0x1c, 0x24,
    0x1, 0xd8, 0x89, 0x9c, 0xd1, 0x38, 0x9c, 0x3,
    0xff, 0xbf, 0x13, 0x3a, 0x8e, 0x67, 0x88, 0x3,
    0xd3, 0x3d, 0x47, 0x33, 0xc4, 0x1, 0xff, 0xcc,
    0xf3, 0x0, 0xff, 0xe2, 0x88, 0x80, 0x3f, 0xf8,
    0xab, 0x13, 0x3a, 0x8e, 0x67, 0x88, 0x3, 0xd9,
    0x33, 0xa8, 0xe6, 0x78, 0x80, 0x3f, 0xf9, 0x69,
    0x60, 0x1f, 0xfc, 0x5e, 0x60, 0xf, 0xfe, 0x21,
    0x90, 0x80, 0x7f, 0x10, 0x88, 0x4, 0x1, 0x50,
    0x1, 0xf3, 0x80, 0x49, 0xc2, 0x1, 0x48, 0x7,
    0xc3, 0x60, 0x2, 0x5e, 0xc0, 0x0,

    /* U+76EE "目" */
    0x62, 0x2f, 0xf5, 0x90, 0x42, 0xaf, 0xf9, 0x28,
    0x0, 0xef, 0xfe, 0x28, 0x0, 0xff, 0xe8, 0x8c,
    0xcf, 0xf8, 0x80, 0x3, 0x33, 0xfe, 0x20, 0xf,
    0xff, 0x0, 0xcc, 0xff, 0x88, 0x0, 0x33, 0x3f,
    0xe2, 0x0, 0xff, 0xf0, 0xc, 0xcf, 0xf8, 0x80,
    0x5, 0x33, 0xfe, 0x30, 0x0,

    /* U+798F "福" */
    0x0, 0x90, 0x40, 0x3f, 0xf8, 0xcb, 0xa6, 0x1,
    0xff, 0x59, 0x80, 0x61, 0xfd, 0x0, 0x4c, 0xff,
    0x15, 0x80, 0x71, 0xd8, 0x2, 0x67, 0xf4, 0x4c,
    0x0, 0x1e, 0x22, 0xdf, 0x90, 0x9a, 0x99, 0xee,
    0x70, 0x9, 0xa6, 0x6a, 0xa, 0x0, 0x7c, 0xcf,
    0xb, 0x80, 0x42, 0x3a, 0x98, 0xc0, 0x3f, 0xf8,
    0x84, 0xb0, 0x0, 0x3b, 0x99, 0xe1, 0x0, 0xfb,
    0x78, 0x40, 0x7, 0xb3, 0x3d, 0x0, 0x1e, 0x80,
    0x41, 0x1, 0x93, 0x0, 0xe7, 0x30, 0xc, 0xa0,
    0x29, 0x85, 0x75, 0x32, 0xaf, 0x99, 0xb1, 0xc0,
    0x8, 0x50, 0x7, 0x1c, 0x1d, 0x32, 0xb2, 0x99,
    0x89, 0xc0, 0x44, 0xe0, 0x12, 0xf8, 0x7, 0xff,
    0x0, 0x54, 0x3, 0x8c, 0x26, 0x6b, 0x29, 0x98,
    0x80, 0x3f, 0xe9, 0x9a, 0xca, 0x66, 0x20, 0xf,
    0xfe, 0x9e, 0xaa, 0x9c, 0x95, 0x62, 0x0, 0xf1,
    0x80, 0x46, 0x23, 0x15, 0x88, 0xe0, 0xf, 0x68,
    0x5, 0x30, 0x89, 0xf7, 0x0, 0x0,

    /* U+7EA6 "约" */
    0x0, 0xe4, 0x0, 0xe4, 0x50, 0xf, 0xf8, 0xed,
    0x40, 0x34, 0x68, 0x7, 0xfd, 0xf2, 0xa0, 0x10,
    0x9c, 0x0, 0x7f, 0x99, 0xa0, 0xc, 0xcc, 0x0,
    0xe4, 0x10, 0x8, 0xaa, 0xc0, 0x1b, 0x1, 0xb,
    0x33, 0xd7, 0x60, 0xa, 0x78, 0x42, 0x6, 0x11,
    0x72, 0x67, 0x96, 0x40, 0x1d, 0x8c, 0xb2, 0xfc,
    0x1f, 0x60, 0x1f, 0xe1, 0xe2, 0x17, 0xb2, 0x4c,
    0x10, 0xf, 0x8, 0x80, 0x1f, 0x2d, 0xf0, 0x81,
    0x8e, 0x14, 0x20, 0x19, 0xc0, 0x3a, 0x35, 0x80,
    0x60, 0x1, 0x38, 0x20, 0x18, 0xc0, 0x27, 0xe6,
    0x0, 0x88, 0x0, 0x69, 0x60, 0x10, 0x88, 0x1,
    0x98, 0x19, 0xa9, 0x43, 0x0, 0xa9, 0x0, 0x23,
    0x0, 0x8c, 0x6, 0xea, 0x54, 0x40, 0x23, 0xb0,
    0x8, 0xc0, 0x2f, 0xb6, 0x20, 0x8, 0xc0, 0x32,
    0x80, 0x8, 0x40, 0x3e, 0x48, 0x90, 0xf, 0xcc,
    0xa0, 0x11, 0x35, 0xee, 0x4c, 0x8c, 0x3, 0xec,
    0xf0, 0xa, 0x37, 0xf6, 0x4, 0x3, 0x89, 0xd9,
    0xa4, 0x0, 0xaa, 0xd0, 0x3, 0xf1, 0x38, 0xdd,
    0x88, 0x0,

    /* U+7FF0 "翰" */
    0x0, 0xd0, 0xa0, 0x1f, 0x42, 0x0, 0x7f, 0x22,
    0x0, 0x3c, 0xa7, 0x80, 0x1f, 0xfc, 0xa, 0x30,
    0x0, 0xcd, 0x5c, 0x0, 0x74, 0x4c, 0x8e, 0xe4,
    0x28, 0x1, 0x5c, 0x27, 0xd2, 0x1, 0xa2, 0x64,
    0x77, 0x35, 0x21, 0x32, 0x20, 0x3, 0x7e, 0x10,
    0x0, 0xa1, 0x4d, 0xd7, 0xd6, 0x20, 0x40, 0x19,
    0xa3, 0xc, 0x5, 0x1b, 0x15, 0x80, 0x12, 0x64,
    0xe6, 0x45, 0x6e, 0x18, 0x1, 0xcc, 0xf0, 0xab,
    0xaa, 0xa6, 0x91, 0x54, 0xcc, 0x0, 0x92, 0x67,
    0x8, 0x33, 0xb9, 0x35, 0x9d, 0xc2, 0x80, 0x12,
    0x4c, 0xe1, 0x5, 0x90, 0xa, 0x94, 0x3, 0xce,
    0x45, 0x84, 0x14, 0x20, 0x1, 0x50, 0x40, 0x1c,
    0x6b, 0xb4, 0xa0, 0x14, 0x68, 0x5, 0x20, 0x1c,
    0x7e, 0xe7, 0x2f, 0xe0, 0x1, 0x51, 0x0, 0x21,
    0x88, 0x7, 0x84, 0x7, 0x10, 0xa, 0x14, 0x0,
    0xb2, 0x20, 0x14, 0xcc, 0x57, 0xb, 0xd5, 0x32,
    0x41, 0xbd, 0x80, 0xd, 0x33, 0x1d, 0xcc, 0xbf,
    0x6c, 0x40, 0x76, 0x0, 0x3f, 0xf8, 0xa, 0xe2,
    0x20, 0x3, 0x8, 0x80, 0x3e, 0x71, 0x0, 0xe6,
    0x62, 0x1, 0x6b, 0x80, 0x0,

    /* U+82F9 "苹" */
    0x0, 0xf5, 0xa0, 0x6, 0x96, 0x0, 0xff, 0x95,
    0x0, 0x32, 0xa0, 0x0, 0x90, 0x6, 0x67, 0x86,
    0x67, 0x8a, 0x26, 0x5f, 0x68, 0x33, 0x3c, 0x33,
    0x3c, 0x51, 0x32, 0xdf, 0x40, 0xf, 0x18, 0x7,
    0x39, 0x80, 0x7f, 0xd8, 0x1, 0xd6, 0x20, 0x76,
    0x20, 0x14, 0xce, 0x89, 0x97, 0xcc, 0xf5, 0x12,
    0x0, 0x53, 0x3f, 0xc, 0xce, 0xd9, 0x92, 0x80,
    0x61, 0x93, 0x0, 0xf9, 0x64, 0xc0, 0x3c, 0x33,
    0xcc, 0x1, 0xe8, 0xf3, 0x0, 0xfd, 0xf0, 0x20,
    0x1a, 0x24, 0x80, 0x3f, 0x8a, 0x0, 0x31, 0x6a,
    0x0, 0x5, 0x80, 0xa6, 0x7b, 0xe2, 0x46, 0x6f,
    0x26, 0x6d, 0x97, 0x29, 0x9f, 0xc3, 0x33, 0xec,
    0xf7, 0x0, 0xff, 0xfb, 0x10, 0x7, 0xf0,

    /* U+88AB "被" */
    0x0, 0x98, 0x3, 0xfa, 0x10, 0x3, 0xf2, 0xe0,
    0x7, 0xe6, 0x40, 0xf, 0xc6, 0xce, 0x1, 0xff,
    0xc6, 0x82, 0x10, 0x7, 0x3b, 0xc2, 0xef, 0x5d,
    0x80, 0x11, 0x32, 0xbc, 0xe9, 0x1, 0x55, 0x81,
    0x56, 0x13, 0x0, 0x44, 0xcd, 0x45, 0x20, 0x24,
    0x50, 0x91, 0x43, 0x0, 0x1e, 0x89, 0x0, 0xfe,
    0x2f, 0x0, 0xf3, 0xa, 0xc8, 0x81, 0x19, 0x9,
    0x11, 0x88, 0x3, 0x8a, 0x6a, 0xe8, 0x6, 0xb5,
    0x57, 0x5d, 0x84, 0x3, 0x48, 0x66, 0xc, 0xe8,
    0x67, 0xa7, 0x71, 0x78, 0x80, 0x55, 0x25, 0xb6,
    0x82, 0xc1, 0xc4, 0x0, 0x56, 0x20, 0x0, 0xc5,
    0x90, 0xf, 0x42, 0x90, 0x3c, 0x0, 0x22, 0x40,
    0x21, 0x81, 0x0, 0x8f, 0x3f, 0x0, 0x49, 0x61,
    0x48, 0x3, 0xfe, 0x44, 0x0, 0x22, 0x9a, 0x0,
    0x3f, 0xe4, 0x50, 0x9, 0x44, 0xc, 0x3, 0xfe,
    0xf9, 0x0, 0x46, 0x76, 0xe9, 0x80, 0x3f, 0x9b,
    0x85, 0x2a, 0xe4, 0xf, 0x2b, 0x54, 0x3, 0x84,
    0x40, 0x2e, 0x14, 0x60, 0x11, 0x64, 0x60, 0x80,
    0x6c, 0x16, 0x47, 0x40, 0xf, 0x96, 0x44,

    /* U+89C1 "见" */
    0x0, 0xff, 0xe5, 0x6c, 0x47, 0xfb, 0x98, 0x3,
    0xe8, 0x8f, 0xf0, 0x30, 0x7, 0xfc, 0x66, 0x0,
    0xff, 0xe2, 0xca, 0x0, 0x7f, 0xf1, 0x8c, 0x3,
    0xff, 0x8a, 0x2e, 0x1, 0xff, 0xc6, 0x10, 0xf,
    0xfe, 0x2b, 0x18, 0x7, 0xff, 0x14, 0xcb, 0x44,
    0x3, 0xff, 0x84, 0x6a, 0xe, 0x20, 0x1f, 0xfc,
    0x2b, 0xe0, 0xe, 0x20, 0xf, 0xb0, 0x0, 0x2a,
    0xa0, 0xe, 0xc0, 0xf, 0x84, 0x1, 0x70, 0x1,
    0xfc, 0x80, 0x1e, 0x72, 0x50, 0xf, 0xec, 0x0,
    0xe8, 0xf8, 0x0, 0xff, 0x10, 0x4, 0x55, 0x90,
    0x1, 0x84, 0x3, 0x8c, 0x40, 0x61, 0x69, 0x0,
    0x31, 0x86, 0xed, 0x9b, 0xe2, 0xb, 0xe, 0x1,
    0xf5, 0xee, 0xd9, 0xb9, 0x40,

    /* U+89E3 "解" */
    0x0, 0xa0, 0xc0, 0x3f, 0xf8, 0x84, 0x86, 0x4,
    0x2, 0x67, 0x32, 0x19, 0x9d, 0xc0, 0x15, 0x1c,
    0xd6, 0xa8, 0x2a, 0xd2, 0x6a, 0xab, 0xc0, 0x9,
    0x3e, 0x71, 0x94, 0x59, 0x88, 0x4e, 0xcc, 0xbc,
    0x0, 0x35, 0x0, 0x36, 0x40, 0x35, 0xd8, 0x2,
    0xf2, 0x0, 0x4e, 0x2f, 0x9a, 0xfa, 0x81, 0x11,
    0x80, 0x24, 0x70, 0x78, 0x16, 0xe, 0x60, 0x63,
    0x8a, 0x2, 0x7e, 0x2, 0x7, 0x13, 0x32, 0x20,
    0xc8, 0x1a, 0x0, 0x8, 0x8a, 0xc0, 0xc, 0x44,
    0x57, 0x22, 0x1a, 0xf4, 0x84, 0x12, 0x0, 0x72,
    0x28, 0xe2, 0x80, 0x4, 0x50, 0x0, 0x10, 0x41,
    0x0, 0xa5, 0xd2, 0xdc, 0x81, 0x8e, 0x64, 0x33,
    0x35, 0x0, 0x7f, 0x16, 0xf4, 0xc8, 0x66, 0x5b,
    0x60, 0x1, 0x99, 0x24, 0xc8, 0x9e, 0x80, 0x3e,
    0x30, 0x7, 0x6c, 0xa4, 0xc8, 0x86, 0x23, 0xc,
    0x42, 0xb1, 0x0, 0x8c, 0x3, 0x96, 0x67, 0x4,
    0xca, 0xf9, 0x0, 0x40, 0x3c, 0x23, 0xfe, 0x4,
    0xf0, 0x1, 0x98, 0x3, 0xff, 0x82, 0x6a, 0x0,
    0x85, 0x96, 0x0, 0xe3, 0x0, 0xe7, 0x0, 0xc9,
    0x36, 0x1, 0xda, 0x1, 0xc0,

    /* U+8BA1 "计" */
    0x0, 0x94, 0x3, 0xf5, 0x28, 0x7, 0xe7, 0xc2,
    0x0, 0xf3, 0xa8, 0x7, 0xe2, 0x9f, 0x10, 0xf,
    0xfe, 0x22, 0xbb, 0x0, 0x7f, 0xf1, 0x61, 0x0,
    0x3f, 0xf8, 0x31, 0x17, 0xa1, 0x80, 0x7f, 0xf0,
    0x66, 0x60, 0x70, 0xf, 0xf9, 0x40, 0x2, 0x30,
    0x8, 0xa6, 0x78, 0xaa, 0x65, 0x75, 0x0, 0x18,
    0x40, 0x66, 0x78, 0xaa, 0x65, 0x7f, 0x0, 0x1f,
    0xff, 0xf0, 0xf, 0xcc, 0x80, 0x1f, 0xfc, 0x34,
    0xa4, 0x40, 0x7, 0xff, 0x5, 0x7, 0xa8, 0x80,
    0x3f, 0xf8, 0x4a, 0xaa, 0x0, 0xff, 0xe2, 0xd,
    0x0, 0x7c, 0x20, 0x1e,

    /* U+8BB2 "讲" */
    0x3, 0x20, 0xf, 0x52, 0x0, 0x56, 0x60, 0x18,
    0xe5, 0x0, 0x39, 0x10, 0x1, 0x29, 0x80, 0x74,
    0xd0, 0x80, 0x7f, 0xf1, 0x9, 0xd4, 0x3, 0xfe,
    0x30, 0xe, 0x94, 0x7, 0x88, 0xc, 0x46, 0x18,
    0xdd, 0xb, 0x44, 0x3c, 0x81, 0xa6, 0x41, 0x33,
    0x82, 0x7f, 0x5, 0xa6, 0xc0, 0x80, 0x47, 0xff,
    0x80, 0x0, 0x12, 0x20, 0x7, 0xff, 0x98, 0x50,
    0x3, 0xcf, 0x33, 0xc, 0xce, 0x19, 0xdb, 0x50,
    0xe, 0x79, 0x98, 0xa6, 0x70, 0xce, 0x7a, 0x80,
    0x7e, 0x37, 0x0, 0xff, 0xe1, 0x23, 0x2, 0x78,
    0x7, 0xff, 0x6, 0x45, 0x82, 0xd4, 0x3, 0xfe,
    0x82, 0xd5, 0x8, 0x80, 0x7, 0xff, 0x3, 0x65,
    0x1, 0xf5, 0x0, 0x3f, 0xf8, 0x8, 0xc0, 0xca,
    0xa0, 0xf, 0x10, 0x6,

    /* U+8BBE "设" */
    0x0, 0x20, 0x7, 0xff, 0x1d, 0x6c, 0xc0, 0x37,
    0x33, 0x6d, 0x60, 0xf, 0xc, 0xe9, 0x0, 0x42,
    0xab, 0x84, 0x40, 0x1f, 0x14, 0xd8, 0x0, 0x48,
    0xcf, 0x29, 0x80, 0x7e, 0x7b, 0x0, 0x13, 0x0,
    0x7f, 0x85, 0x55, 0x8a, 0x40, 0x5, 0xc0, 0xf,
    0xf0, 0x8c, 0x64, 0x1, 0x53, 0x0, 0x7f, 0xc8,
    0x82, 0x40, 0x4, 0xc0, 0x80, 0x6e, 0xad, 0xd5,
    0x80, 0x66, 0x0, 0x45, 0xa0, 0x7, 0x3f, 0x4e,
    0xd8, 0x7, 0xd1, 0x7f, 0x33, 0xef, 0xb2, 0x0,
    0xfe, 0x99, 0x44, 0xcf, 0x16, 0x90, 0x7, 0xf9,
    0xe4, 0x3, 0x3a, 0x10, 0x7, 0xfc, 0x3e, 0x80,
    0x3, 0xb9, 0x0, 0xff, 0x2a, 0x3, 0xf9, 0x97,
    0xf0, 0x7, 0xf3, 0xc8, 0xa0, 0x2, 0xb3, 0x78,
    0x80, 0x3f, 0x25, 0xd2, 0x0, 0x4c, 0x65, 0x4,
    0x1, 0xf0, 0x86, 0x98, 0x1, 0x28, 0xb3, 0x75,
    0x94, 0xa0, 0x1c, 0x3e, 0x44, 0x69, 0xa, 0x50,
    0x3, 0xfe, 0xc7, 0xd0, 0x80, 0x73, 0x32, 0x50,
    0x3, 0x85, 0xf7, 0x50, 0x20,

    /* U+8D2D "购" */
    0x0, 0xff, 0xa0, 0xc0, 0x3f, 0x8c, 0x3, 0x28,
    0x1, 0x14, 0xc0, 0x3f, 0x16, 0xcc, 0xea, 0x50,
    0x35, 0x0, 0xff, 0x2c, 0xce, 0x15, 0xb, 0xf3,
    0x3e, 0x88, 0x0, 0x70, 0xc0, 0x80, 0x46, 0x4c,
    0xdc, 0x66, 0x10, 0xc, 0x66, 0x10, 0x2, 0xc2,
    0xaf, 0xb7, 0x4, 0x3, 0x84, 0x2, 0xf6, 0x9,
    0x80, 0xf, 0xf0, 0x80, 0x42, 0x42, 0xd, 0x40,
    0x10, 0x88, 0x3, 0xc6, 0x0, 0x58, 0x6, 0x52,
    0x0, 0xbc, 0xc0, 0x39, 0xc0, 0x24, 0x0, 0x54,
    0x19, 0x0, 0x7f, 0x8, 0x80, 0x32, 0x29, 0x1c,
    0x80, 0x4, 0x40, 0x1c, 0x5c, 0x6, 0x0, 0xf8,
    0x0, 0x6c, 0x1, 0xb8, 0x0, 0xa8, 0x39, 0x43,
    0x41, 0xb0, 0xd1, 0xb9, 0xc1, 0x88, 0x2, 0x10,
    0x4b, 0x30, 0x4, 0xd5, 0x5, 0x20, 0xc8, 0x44,
    0x1, 0x91, 0x11, 0xe6, 0x1f, 0xb0, 0xa4, 0x1e,
    0x40, 0x1e, 0xf8, 0x8, 0xd0, 0xf, 0x8c, 0xcc,
    0x1, 0xa6, 0x4, 0x10, 0xcc, 0x1, 0xb, 0xb2,
    0xfe, 0x80, 0x51, 0x66, 0x1, 0x41, 0x0, 0x42,
    0xeb, 0x68, 0xc0, 0x0,

    /* U+8FD4 "返" */
    0x0, 0x10, 0x7, 0xff, 0x4, 0x44, 0x1, 0xa9,
    0x40, 0x3f, 0x1b, 0x4e, 0xf5, 0x80, 0x68, 0x95,
    0x0, 0xae, 0x21, 0x36, 0x1b, 0xfe, 0xa0, 0xe,
    0xfb, 0x0, 0x9e, 0xa2, 0x61, 0x90, 0x80, 0x3e,
    0x34, 0x20, 0xf, 0xfe, 0x35, 0x10, 0x4, 0xc4,
    0x5c, 0x72, 0x1, 0xf5, 0x8, 0x0, 0x71, 0x57,
    0xbd, 0x8c, 0x2, 0x89, 0x92, 0xa0, 0x5, 0x2e,
    0xfc, 0xd2, 0x60, 0x14, 0x4c, 0x85, 0x40, 0x21,
    0x73, 0x0, 0xa, 0x38, 0x7, 0xfc, 0x20, 0xf7,
    0x1, 0x12, 0x20, 0x1f, 0xe1, 0x70, 0x4, 0x77,
    0xb3, 0x80, 0x7f, 0xc9, 0x80, 0x13, 0x0, 0xc,
    0x3, 0xfe, 0xf6, 0x0, 0xae, 0xa9, 0x86, 0x1,
    0xfc, 0x26, 0x20, 0x35, 0xca, 0xa9, 0xd1, 0x0,
    0xe1, 0x12, 0xcc, 0x1, 0xdc, 0x28, 0x1, 0x92,
    0x0, 0x31, 0x6e, 0x88, 0x5, 0xda, 0x88, 0x3,
    0x5f, 0x80, 0x49, 0x9e, 0x4f, 0xd8, 0xc, 0x20,
    0x1c, 0x2c, 0x20, 0xf, 0x83, 0x0, 0x36, 0x8c,
    0xe7, 0x77, 0xd6, 0x0, 0xb6, 0x0, 0xc2, 0xd5,
    0xbd, 0xdf, 0x50, 0x0,

    /* U+900A "逊" */
    0x1, 0x0, 0xff, 0xe0, 0x21, 0x0, 0x61, 0xa1,
    0x1, 0x33, 0xd2, 0x80, 0xa, 0x0, 0xf7, 0x68,
    0x1a, 0xac, 0x8d, 0x80, 0x11, 0x0, 0x72, 0x3b,
    0x13, 0x35, 0xd1, 0x0, 0xf, 0xf7, 0x78, 0x4,
    0x9c, 0xe0, 0x1f, 0xf2, 0xc8, 0x5, 0x68, 0x7,
    0x44, 0x0, 0x30, 0xe, 0x50, 0xc, 0x26, 0xa,
    0x4, 0x0, 0x90, 0x1, 0xcc, 0xaa, 0x80, 0x19,
    0x17, 0xb0, 0x2, 0xf8, 0x3, 0x99, 0x1d, 0x80,
    0xc, 0x49, 0x51, 0x0, 0x12, 0xb0, 0x80, 0x71,
    0x5f, 0x3, 0x0, 0x8, 0x3, 0x23, 0x80, 0x78,
    0x74, 0x41, 0x68, 0x3, 0xb3, 0x0, 0x1c, 0x54,
    0x1, 0x63, 0x0, 0x72, 0x80, 0x7f, 0xd4, 0x1,
    0xe3, 0xa0, 0xf, 0xf1, 0x80, 0x7f, 0xc6, 0x46,
    0xf0, 0x60, 0x3, 0x66, 0x0, 0x7d, 0xf, 0x4e,
    0xe2, 0x90, 0x1, 0xbe, 0xc8, 0x7, 0x49, 0x44,
    0x9d, 0xe3, 0x0, 0x43, 0x6e, 0x1, 0x8d, 0x28,
    0x0, 0xf4, 0x33, 0xdd, 0xf7, 0xfa, 0xf, 0x0,
    0x30, 0xbd, 0xf7, 0x7d, 0xfe, 0x80,

    /* U+9020 "造" */
    0x0, 0xfc, 0x26, 0x0, 0x84, 0x0, 0xfd, 0x22,
    0x1, 0x9f, 0xc8, 0x19, 0x0, 0x3f, 0x5e, 0x8,
    0x5, 0x90, 0x40, 0x1c, 0x66, 0x0, 0xc4, 0x94,
    0x1, 0x2e, 0xcc, 0x86, 0x66, 0xdc, 0x30, 0xd,
    0x8, 0x0, 0x69, 0x9c, 0x33, 0x37, 0x79, 0x80,
    0x61, 0x80, 0x6, 0x30, 0x7, 0xff, 0xd, 0xc0,
    0xec, 0x3, 0xfa, 0x50, 0x3, 0xa8, 0x52, 0x26,
    0x70, 0xcc, 0xe2, 0xe0, 0x4, 0x4c, 0x95, 0xdd,
    0x33, 0xdf, 0x33, 0xae, 0x80, 0x11, 0x32, 0x26,
    0x0, 0x43, 0x37, 0xda, 0x80, 0x1f, 0xe6, 0x55,
    0xf8, 0xc0, 0x3f, 0xf8, 0x6, 0x7f, 0x12, 0x80,
    0x7f, 0xf9, 0x86, 0x67, 0xe3, 0x0, 0xf4, 0x1b,
    0x0, 0x16, 0x67, 0xe7, 0x10, 0x8, 0xb3, 0x1c,
    0x76, 0xb6, 0x1, 0xf4, 0x0, 0x6e, 0x94, 0x5,
    0xa2, 0xad, 0xdf, 0xbb, 0x94, 0x0, 0xd5, 0x0,
    0x85, 0xef, 0x77, 0xee, 0xe5, 0x0,

    /* U+91CD "重" */
    0x0, 0xff, 0xe0, 0x1b, 0x48, 0x80, 0x7c, 0x26,
    0xad, 0x3b, 0x98, 0x9e, 0xf5, 0x0, 0xc2, 0xee,
    0x65, 0x15, 0xd1, 0xcc, 0x54, 0x32, 0x0, 0x61,
    0x77, 0x99, 0xd, 0x9c, 0x3, 0xd4, 0x40, 0xb3,
    0x3f, 0x92, 0x67, 0xc1, 0x40, 0xb3, 0x3f, 0x92,
    0x67, 0xd5, 0x0, 0x11, 0xcb, 0x36, 0xb4, 0x66,
    0xdb, 0x60, 0x1e, 0x24, 0x4d, 0xa2, 0x89, 0x9c,
    0x80, 0x3c, 0x24, 0x59, 0x94, 0x8b, 0x6f, 0x80,
    0x79, 0x66, 0x79, 0x26, 0x74, 0x8, 0x7, 0x96,
    0x67, 0x92, 0x67, 0x40, 0x80, 0x7f, 0xf3, 0x56,
    0x67, 0x92, 0x67, 0x40, 0x7, 0x8b, 0x66, 0x79,
    0x26, 0x77, 0x28, 0x6, 0x38, 0xb9, 0x9e, 0x49,
    0x9d, 0x19, 0x0, 0x11, 0xcc, 0xfc, 0x93, 0x3d,
    0xf0, 0x1, 0xff, 0xc6, 0x62, 0xa, 0xbb, 0xfb,
    0x92, 0xef, 0xd3, 0x82,

    /* U+961F "队" */
    0x0, 0xf0, 0x80, 0x42, 0x60, 0x1f, 0xf, 0xcc,
    0xdf, 0xc2, 0x0, 0x48, 0x0, 0xfc, 0x53, 0x31,
    0xc0, 0x80, 0xc, 0xc0, 0x1f, 0xf1, 0xb, 0x80,
    0x66, 0x0, 0xff, 0xaa, 0x0, 0x3f, 0xf8, 0xa6,
    0xa0, 0x18, 0x4c, 0x3, 0xfc, 0xbe, 0x1, 0xdc,
    0x20, 0x1f, 0xe1, 0x10, 0x7, 0x1b, 0x8, 0x7,
    0xf2, 0x1b, 0x0, 0x66, 0xf4, 0x0, 0xff, 0x35,
    0x10, 0x6, 0x5f, 0x0, 0xff, 0xaa, 0x80, 0x4,
    0x50, 0x10, 0xf, 0xf8, 0x90, 0x1, 0xb4, 0x1a,
    0xe0, 0x1f, 0xe1, 0x70, 0x15, 0x30, 0x6a, 0x0,
    0xf8, 0x5e, 0xaf, 0x2, 0x20, 0x1, 0x2c, 0x80,
    0x78, 0x5c, 0xad, 0xcc, 0x10, 0x2, 0x87, 0x50,
    0xf, 0xa1, 0x4a, 0x64, 0x1, 0xdb, 0x4a, 0x1,
    0xf1, 0x5d, 0x0, 0x78, 0xe6, 0x9c, 0x0, 0xc0,
    0x3, 0x59, 0x0, 0xfc, 0xd5, 0xa2, 0x2b, 0x0,
    0x1b, 0x80, 0x7f, 0x96, 0x84,

    /* U+96C7 "雇" */
    0x0, 0xfe, 0x86, 0x0, 0xff, 0xe2, 0xc6, 0xc0,
    0x7, 0xf9, 0x65, 0x57, 0xb4, 0x95, 0x74, 0xc0,
    0x6, 0x32, 0x11, 0xe2, 0xe1, 0x1c, 0x64, 0x1,
    0xd8, 0x89, 0xff, 0x66, 0x80, 0x74, 0x4c, 0xff,
    0xd0, 0x1, 0xe8, 0x99, 0x68, 0x4c, 0xba, 0xa6,
    0x6d, 0x50, 0xc, 0x20, 0x17, 0xe8, 0x1, 0xb4,
    0x2, 0x12, 0x0, 0xe1, 0x2, 0x43, 0x77, 0x30,
    0xbb, 0xdf, 0xa2, 0x1, 0x79, 0x86, 0x9a, 0xae,
    0x5, 0x5b, 0xfc, 0x20, 0x10, 0x89, 0x49, 0x8,
    0xb0, 0x91, 0x4e, 0x40, 0x18, 0x9f, 0x6d, 0xe6,
    0x70, 0xcc, 0xaa, 0xd8, 0x3, 0x3b, 0x40, 0x3c,
    0xce, 0x19, 0x95, 0x73, 0x0, 0x42, 0xca, 0x1,
    0xff, 0x51, 0x0, 0x4f, 0xe0, 0x13, 0xcc, 0xe1,
    0x99, 0x8d, 0x0, 0x2d, 0x50, 0x9, 0xe6, 0x70,
    0xcc, 0xe6, 0x0, 0x1e, 0x0, 0x7f, 0xf0, 0x4b,
    0x8, 0x29, 0xc0, 0x33, 0xcc, 0xe0, 0x99, 0xad,
    0x54, 0x12, 0x1, 0x9b, 0xe6, 0x77, 0x4c, 0xf3,
    0x80,

    /* U+9879 "项" */
    0x0, 0xff, 0xe2, 0x10, 0x7, 0xc2, 0x4a, 0xef,
    0x46, 0xbb, 0xd9, 0x81, 0x89, 0x97, 0xce, 0x60,
    0x55, 0x60, 0x35, 0x5b, 0x38, 0x62, 0x64, 0x33,
    0xbc, 0x84, 0x57, 0xc1, 0x17, 0x0, 0x7e, 0x19,
    0x55, 0x48, 0x2a, 0xa2, 0xc0, 0x3f, 0xc8, 0xcc,
    0xd5, 0x66, 0x78, 0x7, 0xfc, 0x26, 0x62, 0xa1,
    0x33, 0x8, 0x7, 0xff, 0x4, 0xd4, 0x80, 0x3f,
    0xf8, 0x82, 0xe0, 0x1f, 0xfc, 0x61, 0x0, 0xff,
    0xe2, 0xb9, 0x80, 0x7f, 0xf0, 0x4, 0xc0, 0x22,
    0xe0, 0xf, 0xe1, 0x7a, 0x73, 0x0, 0xbc, 0xc0,
    0x3c, 0xd7, 0xc4, 0x74, 0xc2, 0x80, 0x4, 0x61,
    0x6, 0x90, 0x0, 0xe7, 0xea, 0x0, 0x50, 0xa,
    0x84, 0xd2, 0x66, 0x0, 0x3b, 0x84, 0x3, 0xc5,
    0x30, 0xf, 0xbe, 0xa0, 0x1f, 0xe5, 0x9d, 0x10,
    0x2, 0x6d, 0xb0, 0x7, 0xc9, 0x27, 0x62, 0x1,
    0x8f, 0x64, 0x3, 0xc8, 0xf2, 0xc0, 0x1f, 0x1e,
    0x0,

    /* U+9A6C "马" */
    0x0, 0xff, 0xe0, 0x88, 0x7, 0xc, 0xcf, 0xfd,
    0xda, 0x1, 0x86, 0x67, 0xfe, 0x69, 0x0, 0xf9,
    0xa8, 0x3, 0xe2, 0x60, 0xf, 0xbb, 0xc0, 0x3e,
    0x62, 0x0, 0xf8, 0x98, 0x3, 0xe3, 0x0, 0xfc,
    0xc4, 0x1, 0xe1, 0x20, 0xf, 0xc4, 0x20, 0x1e,
    0x56, 0x0, 0xf8, 0x48, 0x3, 0xe2, 0x20, 0x0,
    0x80, 0x35, 0x1c, 0xcf, 0xe5, 0x99, 0x6a, 0x80,
    0x57, 0xb3, 0x3f, 0x7e, 0xcc, 0x89, 0x40, 0x31,
    0x0, 0x7f, 0x84, 0x3, 0xff, 0x85, 0x4a, 0x6,
    0xc0, 0xb3, 0x3f, 0xf1, 0xe0, 0xb0, 0x82, 0xcc,
    0xff, 0xf0, 0x44, 0xb4, 0x3, 0xff, 0x89, 0x86,
    0x1, 0xff, 0xc1, 0x54, 0x54, 0x40, 0x7, 0xff,
    0x5, 0x36, 0x28, 0x0,

    /* U+FF0C "，" */
    0x0, 0x8, 0x2, 0xf8, 0xc0, 0xc1, 0x2, 0x1c,
    0x80, 0x4, 0x80, 0xd8, 0x20, 0x6c, 0x0
};


/*---------------------
 *  GLYPH DESCRIPTION
 *--------------------*/

static const lv_font_fmt_txt_glyph_dsc_t glyph_dsc[] = {
    {.bitmap_index = 0, .adv_w = 0, .box_w = 0, .box_h = 0, .ofs_x = 0, .ofs_y = 0} /* id = 0 reserved */,
    {.bitmap_index = 0, .adv_w = 83, .box_w = 0, .box_h = 0, .ofs_x = 0, .ofs_y = 0},
    {.bitmap_index = 0, .adv_w = 92, .box_w = 3, .box_h = 15, .ofs_x = 1, .ofs_y = 0},
    {.bitmap_index = 23, .adv_w = 111, .box_w = 5, .box_h = 7, .ofs_x = 1, .ofs_y = 9},
    {.bitmap_index = 41, .adv_w = 179, .box_w = 11, .box_h = 15, .ofs_x = 0, .ofs_y = 0},
    {.bitmap_index = 109, .adv_w = 171, .box_w = 9, .box_h = 21, .ofs_x = 1, .ofs_y = -3},
    {.bitmap_index = 182, .adv_w = 290, .box_w = 18, .box_h = 16, .ofs_x = 0, .ofs_y = -1},
    {.bitmap_index = 303, .adv_w = 246, .box_w = 15, .box_h = 15, .ofs_x = 0, .ofs_y = 0},
    {.bitmap_index = 399, .adv_w = 58, .box_w = 2, .box_h = 7, .ofs_x = 1, .ofs_y = 9},
    {.bitmap_index = 407, .adv_w = 112, .box_w = 6, .box_h = 23, .ofs_x = 1, .ofs_y = -5},
    {.bitmap_index = 461, .adv_w = 112, .box_w = 6, .box_h = 23, .ofs_x = 0, .ofs_y = -5},
    {.bitmap_index = 517, .adv_w = 152, .box_w = 10, .box_h = 10, .ofs_x = 0, .ofs_y = 7},
    {.bitmap_index = 560, .adv_w = 183, .box_w = 11, .box_h = 12, .ofs_x = 0, .ofs_y = 2},
    {.bitmap_index = 583, .adv_w = 103, .box_w = 4, .box_h = 6, .ofs_x = 1, .ofs_y = -4},
    {.bitmap_index = 596, .adv_w = 108, .box_w = 6, .box_h = 1, .ofs_x = 0, .ofs_y = 5},
    {.bitmap_index = 599, .adv_w = 103, .box_w = 3, .box_h = 3, .ofs_x = 2, .ofs_y = 0},
    {.bitmap_index = 604, .adv_w = 107, .box_w = 7, .box_h = 20, .ofs_x = 0, .ofs_y = -4},
    {.bitmap_index = 655, .adv_w = 173, .box_w = 10, .box_h = 15, .ofs_x = 0, .ofs_y = 0},
    {.bitmap_index = 720, .adv_w = 151, .box_w = 8, .box_h = 16, .ofs_x = 1, .ofs_y = 0},
    {.bitmap_index = 743, .adv_w = 174, .box_w = 9, .box_h = 15, .ofs_x = 1, .ofs_y = 0},
    {.bitmap_index = 797, .adv_w = 173, .box_w = 10, .box_h = 15, .ofs_x = 0, .ofs_y = 0},
    {.bitmap_index = 859, .adv_w = 173, .box_w = 11, .box_h = 15, .ofs_x = 0, .ofs_y = 0},
    {.bitmap_index = 902, .adv_w = 174, .box_w = 10, .box_h = 15, .ofs_x = 0, .ofs_y = 0},
    {.bitmap_index = 957, .adv_w = 174, .box_w = 9, .box_h = 17, .ofs_x = 1, .ofs_y = 0},
    {.bitmap_index = 1020, .adv_w = 171, .box_w = 9, .box_h = 15, .ofs_x = 1, .ofs_y = 0},
    {.bitmap_index = 1065, .adv_w = 174, .box_w = 9, .box_h = 15, .ofs_x = 1, .ofs_y = 0},
    {.bitmap_index = 1129, .adv_w = 175, .box_w = 9, .box_h = 16, .ofs_x = 1, .ofs_y = -1},
    {.bitmap_index = 1192, .adv_w = 103, .box_w = 3, .box_h = 11, .ofs_x = 2, .ofs_y = 0},
    {.bitmap_index = 1205, .adv_w = 103, .box_w = 4, .box_h = 14, .ofs_x = 1, .ofs_y = -3},
    {.bitmap_index = 1228, .adv_w = 183, .box_w = 10, .box_h = 12, .ofs_x = 1, .ofs_y = 2},
    {.bitmap_index = 1271, .adv_w = 183, .box_w = 11, .box_h = 5, .ofs_x = 0, .ofs_y = 6},
    {.bitmap_index = 1284, .adv_w = 183, .box_w = 10, .box_h = 12, .ofs_x = 1, .ofs_y = 2},
    {.bitmap_index = 1328, .adv_w = 133, .box_w = 7, .box_h = 16, .ofs_x = 1, .ofs_y = 0},
    {.bitmap_index = 1374, .adv_w = 284, .box_w = 17, .box_h = 18, .ofs_x = 0, .ofs_y = -3},
    {.bitmap_index = 1506, .adv_w = 226, .box_w = 15, .box_h = 15, .ofs_x = 0, .ofs_y = 0},
    {.bitmap_index = 1584, .adv_w = 210, .box_w = 12, .box_h = 15, .ofs_x = 1, .ofs_y = 0},
    {.bitmap_index = 1651, .adv_w = 220, .box_w = 12, .box_h = 15, .ofs_x = 1, .ofs_y = 0},
    {.bitmap_index = 1719, .adv_w = 244, .box_w = 14, .box_h = 15, .ofs_x = 1, .ofs_y = 0},
    {.bitmap_index = 1779, .adv_w = 207, .box_w = 12, .box_h = 15, .ofs_x = 1, .ofs_y = 0},
    {.bitmap_index = 1834, .adv_w = 199, .box_w = 11, .box_h = 15, .ofs_x = 1, .ofs_y = 0},
    {.bitmap_index = 1879, .adv_w = 235, .box_w = 14, .box_h = 15, .ofs_x = 1, .ofs_y = 0},
    {.bitmap_index = 1959, .adv_w = 272, .box_w = 15, .box_h = 15, .ofs_x = 1, .ofs_y = 0},
    {.bitmap_index = 1997, .adv_w = 127, .box_w = 6, .box_h = 15, .ofs_x = 1, .ofs_y = 0},
    {.bitmap_index = 2010, .adv_w = 125, .box_w = 9, .box_h = 18, .ofs_x = -1, .ofs_y = -3},
    {.bitmap_index = 2041, .adv_w = 229, .box_w = 14, .box_h = 15, .ofs_x = 1, .ofs_y = 0},
    {.bitmap_index = 2116, .adv_w = 198, .box_w = 11, .box_h = 15, .ofs_x = 1, .ofs_y = 0},
    {.bitmap_index = 2141, .adv_w = 309, .box_w = 19, .box_h = 15, .ofs_x = 0, .ofs_y = 0},
    {.bitmap_index = 2238, .adv_w = 252, .box_w = 15, .box_h = 15, .ofs_x = 0, .ofs_y = 0},
    {.bitmap_index = 2314, .adv_w = 243, .box_w = 13, .box_h = 15, .ofs_x = 1, .ofs_y = 0},
    {.bitmap_index = 2389, .adv_w = 201, .box_w = 11, .box_h = 15, .ofs_x = 1, .ofs_y = 0},
    {.bitmap_index = 2437, .adv_w = 243, .box_w = 13, .box_h = 19, .ofs_x = 1, .ofs_y = -4},
    {.bitmap_index = 2531, .adv_w = 224, .box_w = 13, .box_h = 15, .ofs_x = 1, .ofs_y = 0},
    {.bitmap_index = 2598, .adv_w = 178, .box_w = 10, .box_h = 15, .ofs_x = 1, .ofs_y = 0},
    {.bitmap_index = 2659, .adv_w = 206, .box_w = 13, .box_h = 15, .ofs_x = 0, .ofs_y = 0},
    {.bitmap_index = 2695, .adv_w = 252, .box_w = 15, .box_h = 15, .ofs_x = 0, .ofs_y = 0},
    {.bitmap_index = 2748, .adv_w = 226, .box_w = 14, .box_h = 15, .ofs_x = 0, .ofs_y = 0},
    {.bitmap_index = 2826, .adv_w = 332, .box_w = 21, .box_h = 15, .ofs_x = 0, .ofs_y = 0},
    {.bitmap_index = 2952, .adv_w = 221, .box_w = 14, .box_h = 15, .ofs_x = 0, .ofs_y = 0},
    {.bitmap_index = 3034, .adv_w = 218, .box_w = 14, .box_h = 15, .ofs_x = 0, .ofs_y = 0},
    {.bitmap_index = 3102, .adv_w = 191, .box_w = 12, .box_h = 15, .ofs_x = 0, .ofs_y = 0},
    {.bitmap_index = 3166, .adv_w = 106, .box_w = 4, .box_h = 20, .ofs_x = 2, .ofs_y = -4},
    {.bitmap_index = 3182, .adv_w = 107, .box_w = 7, .box_h = 20, .ofs_x = 0, .ofs_y = -4},
    {.bitmap_index = 3231, .adv_w = 106, .box_w = 5, .box_h = 20, .ofs_x = 0, .ofs_y = -4},
    {.bitmap_index = 3246, .adv_w = 183, .box_w = 9, .box_h = 7, .ofs_x = 1, .ofs_y = 5},
    {.bitmap_index = 3273, .adv_w = 176, .box_w = 13, .box_h = 1, .ofs_x = -1, .ofs_y = -1},
    {.bitmap_index = 3277, .adv_w = 138, .box_w = 5, .box_h = 5, .ofs_x = 1, .ofs_y = 12},
    {.bitmap_index = 3289, .adv_w = 175, .box_w = 10, .box_h = 11, .ofs_x = 1, .ofs_y = 0},
    {.bitmap_index = 3340, .adv_w = 200, .box_w = 12, .box_h = 18, .ofs_x = 0, .ofs_y = 0},
    {.bitmap_index = 3400, .adv_w = 169, .box_w = 9, .box_h = 11, .ofs_x = 1, .ofs_y = 0},
    {.bitmap_index = 3442, .adv_w = 197, .box_w = 11, .box_h = 18, .ofs_x = 1, .ofs_y = 0},
    {.bitmap_index = 3503, .adv_w = 172, .box_w = 9, .box_h = 11, .ofs_x = 1, .ofs_y = 0},
    {.bitmap_index = 3546, .adv_w = 122, .box_w = 9, .box_h = 17, .ofs_x = 0, .ofs_y = 0},
    {.bitmap_index = 3589, .adv_w = 177, .box_w = 11, .box_h = 16, .ofs_x = 0, .ofs_y = -5},
    {.bitmap_index = 3666, .adv_w = 209, .box_w = 13, .box_h = 17, .ofs_x = 0, .ofs_y = 0},
    {.bitmap_index = 3715, .adv_w = 104, .box_w = 6, .box_h = 15, .ofs_x = 0, .ofs_y = 0},
    {.bitmap_index = 3739, .adv_w = 97, .box_w = 7, .box_h = 20, .ofs_x = -2, .ofs_y = -5},
    {.bitmap_index = 3783, .adv_w = 189, .box_w = 12, .box_h = 17, .ofs_x = 0, .ofs_y = 0},
    {.bitmap_index = 3842, .adv_w = 104, .box_w = 6, .box_h = 17, .ofs_x = 0, .ofs_y = 0},
    {.bitmap_index = 3858, .adv_w = 308, .box_w = 19, .box_h = 11, .ofs_x = 0, .ofs_y = 0},
    {.bitmap_index = 3915, .adv_w = 208, .box_w = 13, .box_h = 11, .ofs_x = 0, .ofs_y = 0},
    {.bitmap_index = 3952, .adv_w = 187, .box_w = 10, .box_h = 11, .ofs_x = 1, .ofs_y = 0},
    {.bitmap_index = 3999, .adv_w = 200, .box_w = 12, .box_h = 16, .ofs_x = 0, .ofs_y = -5},
    {.bitmap_index = 4067, .adv_w = 190, .box_w = 11, .box_h = 16, .ofs_x = 1, .ofs_y = -5},
    {.bitmap_index = 4127, .adv_w = 143, .box_w = 9, .box_h = 12, .ofs_x = 0, .ofs_y = 0},
    {.bitmap_index = 4159, .adv_w = 148, .box_w = 8, .box_h = 11, .ofs_x = 1, .ofs_y = 0},
    {.bitmap_index = 4201, .adv_w = 114, .box_w = 7, .box_h = 15, .ofs_x = 0, .ofs_y = 0},
    {.bitmap_index = 4231, .adv_w = 206, .box_w = 12, .box_h = 12, .ofs_x = 0, .ofs_y = 0},
    {.bitmap_index = 4273, .adv_w = 172, .box_w = 12, .box_h = 11, .ofs_x = -1, .ofs_y = 0},
    {.bitmap_index = 4324, .adv_w = 263, .box_w = 18, .box_h = 11, .ofs_x = -1, .ofs_y = 0},
    {.bitmap_index = 4410, .adv_w = 176, .box_w = 11, .box_h = 11, .ofs_x = 0, .ofs_y = 0},
    {.bitmap_index = 4463, .adv_w = 173, .box_w = 12, .box_h = 16, .ofs_x = -1, .ofs_y = -5},
    {.bitmap_index = 4534, .adv_w = 157, .box_w = 10, .box_h = 11, .ofs_x = 0, .ofs_y = 0},
    {.bitmap_index = 4582, .adv_w = 119, .box_w = 7, .box_h = 20, .ofs_x = 0, .ofs_y = -4},
    {.bitmap_index = 4639, .adv_w = 98, .box_w = 2, .box_h = 23, .ofs_x = 2, .ofs_y = -5},
    {.bitmap_index = 4645, .adv_w = 119, .box_w = 7, .box_h = 20, .ofs_x = 0, .ofs_y = -4},
    {.bitmap_index = 4699, .adv_w = 183, .box_w = 10, .box_h = 3, .ofs_x = 1, .ofs_y = 6},
    {.bitmap_index = 4714, .adv_w = 103, .box_w = 3, .box_h = 3, .ofs_x = 2, .ofs_y = 6},
    {.bitmap_index = 4719, .adv_w = 320, .box_w = 6, .box_h = 5, .ofs_x = 1, .ofs_y = -1},
    {.bitmap_index = 4735, .adv_w = 320, .box_w = 10, .box_h = 19, .ofs_x = 10, .ofs_y = -2},
    {.bitmap_index = 4814, .adv_w = 320, .box_w = 10, .box_h = 19, .ofs_x = 0, .ofs_y = -2},
    {.bitmap_index = 4893, .adv_w = 320, .box_w = 19, .box_h = 18, .ofs_x = 1, .ofs_y = -2},
    {.bitmap_index = 4933, .adv_w = 320, .box_w = 19, .box_h = 19, .ofs_x = 0, .ofs_y = -2},
    {.bitmap_index = 5055, .adv_w = 320, .box_w = 20, .box_h = 19, .ofs_x = 0, .ofs_y = -2},
    {.bitmap_index = 5165, .adv_w = 320, .box_w = 19, .box_h = 19, .ofs_x = 0, .ofs_y = -2},
    {.bitmap_index = 5288, .adv_w = 320, .box_w = 20, .box_h = 19, .ofs_x = 0, .ofs_y = -2},
    {.bitmap_index = 5398, .adv_w = 320, .box_w = 17, .box_h = 18, .ofs_x = 2, .ofs_y = -2},
    {.bitmap_index = 5451, .adv_w = 320, .box_w = 19, .box_h = 18, .ofs_x = 1, .ofs_y = -1},
    {.bitmap_index = 5566, .adv_w = 320, .box_w = 17, .box_h = 18, .ofs_x = 3, .ofs_y = -2},
    {.bitmap_index = 5683, .adv_w = 320, .box_w = 19, .box_h = 19, .ofs_x = 0, .ofs_y = -2},
    {.bitmap_index = 5786, .adv_w = 320, .box_w = 20, .box_h = 18, .ofs_x = 0, .ofs_y = -1},
    {.bitmap_index = 5886, .adv_w = 320, .box_w = 19, .box_h = 18, .ofs_x = 0, .ofs_y = -1},
    {.bitmap_index = 5993, .adv_w = 320, .box_w = 19, .box_h = 19, .ofs_x = 1, .ofs_y = -2},
    {.bitmap_index = 6124, .adv_w = 320, .box_w = 18, .box_h = 18, .ofs_x = 1, .ofs_y = -1},
    {.bitmap_index = 6198, .adv_w = 320, .box_w = 19, .box_h = 19, .ofs_x = 0, .ofs_y = -2},
    {.bitmap_index = 6312, .adv_w = 320, .box_w = 19, .box_h = 19, .ofs_x = 0, .ofs_y = -2},
    {.bitmap_index = 6427, .adv_w = 320, .box_w = 19, .box_h = 19, .ofs_x = 0, .ofs_y = -2},
    {.bitmap_index = 6552, .adv_w = 320, .box_w = 20, .box_h = 19, .ofs_x = 0, .ofs_y = -2},
    {.bitmap_index = 6687, .adv_w = 320, .box_w = 20, .box_h = 19, .ofs_x = 0, .ofs_y = -2},
    {.bitmap_index = 6822, .adv_w = 320, .box_w = 20, .box_h = 19, .ofs_x = 0, .ofs_y = -2},
    {.bitmap_index = 6898, .adv_w = 320, .box_w = 20, .box_h = 19, .ofs_x = 0, .ofs_y = -2},
    {.bitmap_index = 7003, .adv_w = 320, .box_w = 20, .box_h = 19, .ofs_x = 0, .ofs_y = -2},
    {.bitmap_index = 7112, .adv_w = 320, .box_w = 19, .box_h = 18, .ofs_x = 0, .ofs_y = -1},
    {.bitmap_index = 7221, .adv_w = 320, .box_w = 19, .box_h = 19, .ofs_x = 1, .ofs_y = -2},
    {.bitmap_index = 7359, .adv_w = 320, .box_w = 17, .box_h = 18, .ofs_x = 2, .ofs_y = -1},
    {.bitmap_index = 7423, .adv_w = 320, .box_w = 17, .box_h = 18, .ofs_x = 2, .ofs_y = -1},
    {.bitmap_index = 7520, .adv_w = 320, .box_w = 17, .box_h = 18, .ofs_x = 2, .ofs_y = -1},
    {.bitmap_index = 7618, .adv_w = 320, .box_w = 20, .box_h = 18, .ofs_x = 0, .ofs_y = -1},
    {.bitmap_index = 7716, .adv_w = 320, .box_w = 20, .box_h = 18, .ofs_x = 0, .ofs_y = -1},
    {.bitmap_index = 7827, .adv_w = 320, .box_w = 20, .box_h = 18, .ofs_x = 0, .ofs_y = -2},
    {.bitmap_index = 7936, .adv_w = 320, .box_w = 18, .box_h = 18, .ofs_x = 1, .ofs_y = -1},
    {.bitmap_index = 7993, .adv_w = 320, .box_w = 18, .box_h = 19, .ofs_x = 0, .ofs_y = -2},
    {.bitmap_index = 8108, .adv_w = 320, .box_w = 19, .box_h = 18, .ofs_x = 0, .ofs_y = -1},
    {.bitmap_index = 8206, .adv_w = 320, .box_w = 19, .box_h = 18, .ofs_x = 0, .ofs_y = -1},
    {.bitmap_index = 8320, .adv_w = 320, .box_w = 20, .box_h = 19, .ofs_x = 0, .ofs_y = -1},
    {.bitmap_index = 8415, .adv_w = 320, .box_w = 19, .box_h = 19, .ofs_x = 0, .ofs_y = -2},
    {.bitmap_index = 8522, .adv_w = 320, .box_w = 19, .box_h = 19, .ofs_x = 1, .ofs_y = -2},
    {.bitmap_index = 8640, .adv_w = 320, .box_w = 20, .box_h = 18, .ofs_x = 0, .ofs_y = -1},
    {.bitmap_index = 8784, .adv_w = 320, .box_w = 19, .box_h = 19, .ofs_x = 1, .ofs_y = -2},
    {.bitmap_index = 8925, .adv_w = 320, .box_w = 20, .box_h = 19, .ofs_x = 0, .ofs_y = -2},
    {.bitmap_index = 9061, .adv_w = 320, .box_w = 19, .box_h = 19, .ofs_x = 1, .ofs_y = -2},
    {.bitmap_index = 9192, .adv_w = 320, .box_w = 19, .box_h = 19, .ofs_x = 1, .ofs_y = -2},
    {.bitmap_index = 9329, .adv_w = 320, .box_w = 20, .box_h = 19, .ofs_x = 0, .ofs_y = -2},
    {.bitmap_index = 9452, .adv_w = 320, .box_w = 19, .box_h = 19, .ofs_x = 0, .ofs_y = -1},
    {.bitmap_index = 9545, .adv_w = 320, .box_w = 20, .box_h = 18, .ofs_x = 0, .ofs_y = -1},
    {.bitmap_index = 9674, .adv_w = 320, .box_w = 13, .box_h = 18, .ofs_x = 4, .ofs_y = -2},
    {.bitmap_index = 9710, .adv_w = 320, .box_w = 20, .box_h = 18, .ofs_x = 0, .ofs_y = -1},
    {.bitmap_index = 9811, .adv_w = 320, .box_w = 17, .box_h = 18, .ofs_x = 0, .ofs_y = -2},
    {.bitmap_index = 9884, .adv_w = 320, .box_w = 20, .box_h = 19, .ofs_x = 0, .ofs_y = -2},
    {.bitmap_index = 10005, .adv_w = 320, .box_w = 20, .box_h = 18, .ofs_x = 0, .ofs_y = -1},
    {.bitmap_index = 10124, .adv_w = 320, .box_w = 20, .box_h = 18, .ofs_x = 0, .ofs_y = -1},
    {.bitmap_index = 10232, .adv_w = 320, .box_w = 19, .box_h = 19, .ofs_x = 1, .ofs_y = -2},
    {.bitmap_index = 10328, .adv_w = 320, .box_w = 20, .box_h = 19, .ofs_x = 0, .ofs_y = -2},
    {.bitmap_index = 10453, .adv_w = 320, .box_w = 20, .box_h = 19, .ofs_x = 0, .ofs_y = -2},
    {.bitmap_index = 10554, .adv_w = 320, .box_w = 20, .box_h = 18, .ofs_x = 0, .ofs_y = -1},
    {.bitmap_index = 10691, .adv_w = 320, .box_w = 20, .box_h = 18, .ofs_x = 0, .ofs_y = -1},
    {.bitmap_index = 10826, .adv_w = 320, .box_w = 20, .box_h = 18, .ofs_x = 0, .ofs_y = -1},
    {.bitmap_index = 10972, .adv_w = 320, .box_w = 19, .box_h = 19, .ofs_x = 0, .ofs_y = -2},
    {.bitmap_index = 11094, .adv_w = 320, .box_w = 20, .box_h = 19, .ofs_x = 0, .ofs_y = -2},
    {.bitmap_index = 11254, .adv_w = 320, .box_w = 19, .box_h = 19, .ofs_x = 0, .ofs_y = -2},
    {.bitmap_index = 11348, .adv_w = 320, .box_w = 14, .box_h = 17, .ofs_x = 4, .ofs_y = -1},
    {.bitmap_index = 11393, .adv_w = 320, .box_w = 20, .box_h = 19, .ofs_x = 0, .ofs_y = -2},
    {.bitmap_index = 11527, .adv_w = 320, .box_w = 20, .box_h = 18, .ofs_x = 0, .ofs_y = -1},
    {.bitmap_index = 11673, .adv_w = 320, .box_w = 20, .box_h = 18, .ofs_x = 0, .ofs_y = -1},
    {.bitmap_index = 11830, .adv_w = 320, .box_w = 19, .box_h = 18, .ofs_x = 0, .ofs_y = -1},
    {.bitmap_index = 11933, .adv_w = 320, .box_w = 20, .box_h = 19, .ofs_x = 0, .ofs_y = -2},
    {.bitmap_index = 12084, .adv_w = 320, .box_w = 19, .box_h = 19, .ofs_x = 1, .ofs_y = -2},
    {.bitmap_index = 12185, .adv_w = 320, .box_w = 19, .box_h = 19, .ofs_x = 1, .ofs_y = -2},
    {.bitmap_index = 12342, .adv_w = 320, .box_w = 19, .box_h = 18, .ofs_x = 0, .ofs_y = -1},
    {.bitmap_index = 12426, .adv_w = 320, .box_w = 19, .box_h = 18, .ofs_x = 1, .ofs_y = -1},
    {.bitmap_index = 12534, .adv_w = 320, .box_w = 20, .box_h = 19, .ofs_x = 0, .ofs_y = -2},
    {.bitmap_index = 12675, .adv_w = 320, .box_w = 20, .box_h = 18, .ofs_x = 0, .ofs_y = -1},
    {.bitmap_index = 12823, .adv_w = 320, .box_w = 20, .box_h = 19, .ofs_x = 0, .ofs_y = -2},
    {.bitmap_index = 12971, .adv_w = 320, .box_w = 19, .box_h = 19, .ofs_x = 0, .ofs_y = -2},
    {.bitmap_index = 13113, .adv_w = 320, .box_w = 20, .box_h = 19, .ofs_x = 0, .ofs_y = -2},
    {.bitmap_index = 13239, .adv_w = 320, .box_w = 19, .box_h = 18, .ofs_x = 1, .ofs_y = -1},
    {.bitmap_index = 13355, .adv_w = 320, .box_w = 19, .box_h = 19, .ofs_x = 1, .ofs_y = -2},
    {.bitmap_index = 13480, .adv_w = 320, .box_w = 19, .box_h = 19, .ofs_x = 0, .ofs_y = -2},
    {.bitmap_index = 13617, .adv_w = 320, .box_w = 19, .box_h = 19, .ofs_x = 1, .ofs_y = -2},
    {.bitmap_index = 13746, .adv_w = 320, .box_w = 18, .box_h = 18, .ofs_x = 1, .ofs_y = -1},
    {.bitmap_index = 13846, .adv_w = 320, .box_w = 4, .box_h = 7, .ofs_x = 1, .ofs_y = -4}
};

/*---------------------
 *  CHARACTER MAPPING
 *--------------------*/

static const uint16_t unicode_list_1[] = {
    0x0, 0x2f4b, 0x2f53, 0x2f54, 0x4d4a, 0x4d65, 0x4d94, 0x4d9d,
    0x4da8, 0x4dcf, 0x4e1f, 0x4e2e, 0x5094, 0x50d6, 0x50e2, 0x5138,
    0x5143, 0x5164, 0x5172, 0x5179, 0x51e7, 0x52e8, 0x5338, 0x533b,
    0x5357, 0x53d5, 0x5500, 0x5627, 0x5629, 0x562b, 0x56af, 0x56d4,
    0x5872, 0x5bba, 0x5bca, 0x5d4c, 0x5d55, 0x5dbd, 0x5dbf, 0x5e58,
    0x5f00, 0x6161, 0x62b7, 0x647f, 0x6482, 0x64d0, 0x64e0, 0x64f8,
    0x652e, 0x6568, 0x6651, 0x6683, 0x66ae, 0x66e5, 0x6aad, 0x6b24,
    0x6b5d, 0x6c46, 0x6c64, 0x6e5d, 0x6fb4, 0x7117, 0x7471, 0x7637,
    0x78d8, 0x7def, 0x7f39, 0x8242, 0x87f4, 0x890a, 0x892c, 0x8aea,
    0x8afb, 0x8b07, 0x8c76, 0x8f1d, 0x8f53, 0x8f69, 0x9116, 0x9568,
    0x9610, 0x97c2, 0x99b5, 0xfe55
};

/*Collect the unicode lists and glyph_id offsets*/
static const lv_font_fmt_txt_cmap_t cmaps[] =
{
    {
        .range_start = 32, .range_length = 95, .glyph_id_start = 1,
        .unicode_list = NULL, .glyph_id_ofs_list = NULL, .list_length = 0, .type = LV_FONT_FMT_TXT_CMAP_FORMAT0_TINY
    },
    {
        .range_start = 183, .range_length = 65110, .glyph_id_start = 96,
        .unicode_list = unicode_list_1, .glyph_id_ofs_list = NULL, .list_length = 84, .type = LV_FONT_FMT_TXT_CMAP_SPARSE_TINY
    }
};



/*--------------------
 *  ALL CUSTOM DATA
 *--------------------*/

#if LVGL_VERSION_MAJOR == 8
/*Store all the custom data of the font*/
static  lv_font_fmt_txt_glyph_cache_t cache;
#endif

#if LVGL_VERSION_MAJOR >= 8
static const lv_font_fmt_txt_dsc_t font_dsc = {
#else
static lv_font_fmt_txt_dsc_t font_dsc = {
#endif
    .glyph_bitmap = glyph_bitmap,
    .glyph_dsc = glyph_dsc,
    .cmaps = cmaps,
    .kern_dsc = NULL,
    .kern_scale = 0,
    .cmap_num = 2,
    .bpp = 4,
    .kern_classes = 0,
    .bitmap_format = 1,
#if LVGL_VERSION_MAJOR == 8
    .cache = &cache
#endif
};



/*-----------------
 *  PUBLIC FONT
 *----------------*/

/*Initialize a public general font descriptor*/
#if LVGL_VERSION_MAJOR >= 8
const lv_font_t jianshan_serif_20 = {
#else
lv_font_t jianshan_serif_20 = {
#endif
    .get_glyph_dsc = lv_font_get_glyph_dsc_fmt_txt,    /*Function pointer to get glyph's data*/
    .get_glyph_bitmap = lv_font_get_bitmap_fmt_txt,    /*Function pointer to get glyph's bitmap*/
    .line_height = 23,          /*The maximum line height required by the font*/
    .base_line = 5,             /*Baseline measured from the bottom of the line*/
#if !(LVGL_VERSION_MAJOR == 6 && LVGL_VERSION_MINOR == 0)
    .subpx = LV_FONT_SUBPX_NONE,
#endif
#if LV_VERSION_CHECK(7, 4, 0) || LVGL_VERSION_MAJOR >= 8
    .underline_position = -1,
    .underline_thickness = 1,
#endif
    .dsc = &font_dsc,          /*The custom font data. Will be accessed by `get_glyph_bitmap/dsc` */
#if LV_VERSION_CHECK(8, 2, 0) || LVGL_VERSION_MAJOR >= 9
    .fallback = NULL,
#endif
    .user_data = NULL,
};



#endif /*#if JIANSHAN_SERIF_20*/

